<?xml version="1.0" encoding="utf-8"?>
<resources>
<dimen name="base_dpi">600dp</dimen>
<dimen name="dp_0">0.00dp</dimen>
<dimen name="dp_1">1.60dp</dimen>
<dimen name="dp_2">3.20dp</dimen>
<dimen name="dp_3">4.80dp</dimen>
<dimen name="dp_4">6.40dp</dimen>
<dimen name="dp_5">8.00dp</dimen>
<dimen name="dp_6">9.60dp</dimen>
<dimen name="dp_7">11.20dp</dimen>
<dimen name="dp_8">12.80dp</dimen>
<dimen name="dp_9">14.40dp</dimen>
<dimen name="dp_10">16.00dp</dimen>
<dimen name="dp_11">17.60dp</dimen>
<dimen name="dp_12">19.20dp</dimen>
<dimen name="dp_13">20.80dp</dimen>
<dimen name="dp_14">22.40dp</dimen>
<dimen name="dp_15">24.00dp</dimen>
<dimen name="dp_16">25.60dp</dimen>
<dimen name="dp_17">27.20dp</dimen>
<dimen name="dp_18">28.80dp</dimen>
<dimen name="dp_19">30.40dp</dimen>
<dimen name="dp_20">32.00dp</dimen>
<dimen name="dp_21">33.60dp</dimen>
<dimen name="dp_22">35.20dp</dimen>
<dimen name="dp_23">36.80dp</dimen>
<dimen name="dp_24">38.40dp</dimen>
<dimen name="dp_25">40.00dp</dimen>
<dimen name="dp_26">41.60dp</dimen>
<dimen name="dp_27">43.20dp</dimen>
<dimen name="dp_28">44.80dp</dimen>
<dimen name="dp_29">46.40dp</dimen>
<dimen name="dp_30">48.00dp</dimen>
<dimen name="dp_31">49.60dp</dimen>
<dimen name="dp_32">51.20dp</dimen>
<dimen name="dp_33">52.80dp</dimen>
<dimen name="dp_34">54.40dp</dimen>
<dimen name="dp_35">56.00dp</dimen>
<dimen name="dp_36">57.60dp</dimen>
<dimen name="dp_37">59.20dp</dimen>
<dimen name="dp_38">60.80dp</dimen>
<dimen name="dp_39">62.40dp</dimen>
<dimen name="dp_40">64.00dp</dimen>
<dimen name="dp_41">65.60dp</dimen>
<dimen name="dp_42">67.20dp</dimen>
<dimen name="dp_43">68.80dp</dimen>
<dimen name="dp_44">70.40dp</dimen>
<dimen name="dp_45">72.00dp</dimen>
<dimen name="dp_46">73.60dp</dimen>
<dimen name="dp_47">75.20dp</dimen>
<dimen name="dp_48">76.80dp</dimen>
<dimen name="dp_49">78.40dp</dimen>
<dimen name="dp_50">80.00dp</dimen>
<dimen name="dp_51">81.60dp</dimen>
<dimen name="dp_52">83.20dp</dimen>
<dimen name="dp_53">84.80dp</dimen>
<dimen name="dp_54">86.40dp</dimen>
<dimen name="dp_55">88.00dp</dimen>
<dimen name="dp_56">89.60dp</dimen>
<dimen name="dp_57">91.20dp</dimen>
<dimen name="dp_58">92.80dp</dimen>
<dimen name="dp_59">94.40dp</dimen>
<dimen name="dp_60">96.00dp</dimen>
<dimen name="dp_61">97.60dp</dimen>
<dimen name="dp_62">99.20dp</dimen>
<dimen name="dp_63">100.80dp</dimen>
<dimen name="dp_64">102.40dp</dimen>
<dimen name="dp_65">104.00dp</dimen>
<dimen name="dp_66">105.60dp</dimen>
<dimen name="dp_67">107.20dp</dimen>
<dimen name="dp_68">108.80dp</dimen>
<dimen name="dp_69">110.40dp</dimen>
<dimen name="dp_70">112.00dp</dimen>
<dimen name="dp_71">113.60dp</dimen>
<dimen name="dp_72">115.20dp</dimen>
<dimen name="dp_73">116.80dp</dimen>
<dimen name="dp_74">118.40dp</dimen>
<dimen name="dp_75">120.00dp</dimen>
<dimen name="dp_76">121.60dp</dimen>
<dimen name="dp_77">123.20dp</dimen>
<dimen name="dp_78">124.80dp</dimen>
<dimen name="dp_79">126.40dp</dimen>
<dimen name="dp_80">128.00dp</dimen>
<dimen name="dp_81">129.60dp</dimen>
<dimen name="dp_82">131.20dp</dimen>
<dimen name="dp_83">132.80dp</dimen>
<dimen name="dp_84">134.40dp</dimen>
<dimen name="dp_85">136.00dp</dimen>
<dimen name="dp_86">137.60dp</dimen>
<dimen name="dp_87">139.20dp</dimen>
<dimen name="dp_88">140.80dp</dimen>
<dimen name="dp_89">142.40dp</dimen>
<dimen name="dp_90">144.00dp</dimen>
<dimen name="dp_91">145.60dp</dimen>
<dimen name="dp_92">147.20dp</dimen>
<dimen name="dp_93">148.80dp</dimen>
<dimen name="dp_94">150.40dp</dimen>
<dimen name="dp_95">152.00dp</dimen>
<dimen name="dp_96">153.60dp</dimen>
<dimen name="dp_97">155.20dp</dimen>
<dimen name="dp_98">156.80dp</dimen>
<dimen name="dp_99">158.40dp</dimen>
<dimen name="dp_100">160.00dp</dimen>
<dimen name="dp_101">161.60dp</dimen>
<dimen name="dp_102">163.20dp</dimen>
<dimen name="dp_103">164.80dp</dimen>
<dimen name="dp_104">166.40dp</dimen>
<dimen name="dp_105">168.00dp</dimen>
<dimen name="dp_106">169.60dp</dimen>
<dimen name="dp_107">171.20dp</dimen>
<dimen name="dp_108">172.80dp</dimen>
<dimen name="dp_109">174.40dp</dimen>
<dimen name="dp_110">176.00dp</dimen>
<dimen name="dp_111">177.60dp</dimen>
<dimen name="dp_112">179.20dp</dimen>
<dimen name="dp_113">180.80dp</dimen>
<dimen name="dp_114">182.40dp</dimen>
<dimen name="dp_115">184.00dp</dimen>
<dimen name="dp_116">185.60dp</dimen>
<dimen name="dp_117">187.20dp</dimen>
<dimen name="dp_118">188.80dp</dimen>
<dimen name="dp_119">190.40dp</dimen>
<dimen name="dp_120">192.00dp</dimen>
<dimen name="dp_121">193.60dp</dimen>
<dimen name="dp_122">195.20dp</dimen>
<dimen name="dp_123">196.80dp</dimen>
<dimen name="dp_124">198.40dp</dimen>
<dimen name="dp_125">200.00dp</dimen>
<dimen name="dp_126">201.60dp</dimen>
<dimen name="dp_127">203.20dp</dimen>
<dimen name="dp_128">204.80dp</dimen>
<dimen name="dp_129">206.40dp</dimen>
<dimen name="dp_130">208.00dp</dimen>
<dimen name="dp_131">209.60dp</dimen>
<dimen name="dp_132">211.20dp</dimen>
<dimen name="dp_133">212.80dp</dimen>
<dimen name="dp_134">214.40dp</dimen>
<dimen name="dp_135">216.00dp</dimen>
<dimen name="dp_136">217.60dp</dimen>
<dimen name="dp_137">219.20dp</dimen>
<dimen name="dp_138">220.80dp</dimen>
<dimen name="dp_139">222.40dp</dimen>
<dimen name="dp_140">224.00dp</dimen>
<dimen name="dp_141">225.60dp</dimen>
<dimen name="dp_142">227.20dp</dimen>
<dimen name="dp_143">228.80dp</dimen>
<dimen name="dp_144">230.40dp</dimen>
<dimen name="dp_145">232.00dp</dimen>
<dimen name="dp_146">233.60dp</dimen>
<dimen name="dp_147">235.20dp</dimen>
<dimen name="dp_148">236.80dp</dimen>
<dimen name="dp_149">238.40dp</dimen>
<dimen name="dp_150">240.00dp</dimen>
<dimen name="dp_151">241.60dp</dimen>
<dimen name="dp_152">243.20dp</dimen>
<dimen name="dp_153">244.80dp</dimen>
<dimen name="dp_154">246.40dp</dimen>
<dimen name="dp_155">248.00dp</dimen>
<dimen name="dp_156">249.60dp</dimen>
<dimen name="dp_157">251.20dp</dimen>
<dimen name="dp_158">252.80dp</dimen>
<dimen name="dp_159">254.40dp</dimen>
<dimen name="dp_160">256.00dp</dimen>
<dimen name="dp_161">257.60dp</dimen>
<dimen name="dp_162">259.20dp</dimen>
<dimen name="dp_163">260.80dp</dimen>
<dimen name="dp_164">262.40dp</dimen>
<dimen name="dp_165">264.00dp</dimen>
<dimen name="dp_166">265.60dp</dimen>
<dimen name="dp_167">267.20dp</dimen>
<dimen name="dp_168">268.80dp</dimen>
<dimen name="dp_169">270.40dp</dimen>
<dimen name="dp_170">272.00dp</dimen>
<dimen name="dp_171">273.60dp</dimen>
<dimen name="dp_172">275.20dp</dimen>
<dimen name="dp_173">276.80dp</dimen>
<dimen name="dp_174">278.40dp</dimen>
<dimen name="dp_175">280.00dp</dimen>
<dimen name="dp_176">281.60dp</dimen>
<dimen name="dp_177">283.20dp</dimen>
<dimen name="dp_178">284.80dp</dimen>
<dimen name="dp_179">286.40dp</dimen>
<dimen name="dp_180">288.00dp</dimen>
<dimen name="dp_181">289.60dp</dimen>
<dimen name="dp_182">291.20dp</dimen>
<dimen name="dp_183">292.80dp</dimen>
<dimen name="dp_184">294.40dp</dimen>
<dimen name="dp_185">296.00dp</dimen>
<dimen name="dp_186">297.60dp</dimen>
<dimen name="dp_187">299.20dp</dimen>
<dimen name="dp_188">300.80dp</dimen>
<dimen name="dp_189">302.40dp</dimen>
<dimen name="dp_190">304.00dp</dimen>
<dimen name="dp_191">305.60dp</dimen>
<dimen name="dp_192">307.20dp</dimen>
<dimen name="dp_193">308.80dp</dimen>
<dimen name="dp_194">310.40dp</dimen>
<dimen name="dp_195">312.00dp</dimen>
<dimen name="dp_196">313.60dp</dimen>
<dimen name="dp_197">315.20dp</dimen>
<dimen name="dp_198">316.80dp</dimen>
<dimen name="dp_199">318.40dp</dimen>
<dimen name="dp_200">320.00dp</dimen>
<dimen name="dp_201">321.60dp</dimen>
<dimen name="dp_202">323.20dp</dimen>
<dimen name="dp_203">324.80dp</dimen>
<dimen name="dp_204">326.40dp</dimen>
<dimen name="dp_205">328.00dp</dimen>
<dimen name="dp_206">329.60dp</dimen>
<dimen name="dp_207">331.20dp</dimen>
<dimen name="dp_208">332.80dp</dimen>
<dimen name="dp_209">334.40dp</dimen>
<dimen name="dp_210">336.00dp</dimen>
<dimen name="dp_211">337.60dp</dimen>
<dimen name="dp_212">339.20dp</dimen>
<dimen name="dp_213">340.80dp</dimen>
<dimen name="dp_214">342.40dp</dimen>
<dimen name="dp_215">344.00dp</dimen>
<dimen name="dp_216">345.60dp</dimen>
<dimen name="dp_217">347.20dp</dimen>
<dimen name="dp_218">348.80dp</dimen>
<dimen name="dp_219">350.40dp</dimen>
<dimen name="dp_220">352.00dp</dimen>
<dimen name="dp_221">353.60dp</dimen>
<dimen name="dp_222">355.20dp</dimen>
<dimen name="dp_223">356.80dp</dimen>
<dimen name="dp_224">358.40dp</dimen>
<dimen name="dp_225">360.00dp</dimen>
<dimen name="dp_226">361.60dp</dimen>
<dimen name="dp_227">363.20dp</dimen>
<dimen name="dp_228">364.80dp</dimen>
<dimen name="dp_229">366.40dp</dimen>
<dimen name="dp_230">368.00dp</dimen>
<dimen name="dp_231">369.60dp</dimen>
<dimen name="dp_232">371.20dp</dimen>
<dimen name="dp_233">372.80dp</dimen>
<dimen name="dp_234">374.40dp</dimen>
<dimen name="dp_235">376.00dp</dimen>
<dimen name="dp_236">377.60dp</dimen>
<dimen name="dp_237">379.20dp</dimen>
<dimen name="dp_238">380.80dp</dimen>
<dimen name="dp_239">382.40dp</dimen>
<dimen name="dp_240">384.00dp</dimen>
<dimen name="dp_241">385.60dp</dimen>
<dimen name="dp_242">387.20dp</dimen>
<dimen name="dp_243">388.80dp</dimen>
<dimen name="dp_244">390.40dp</dimen>
<dimen name="dp_245">392.00dp</dimen>
<dimen name="dp_246">393.60dp</dimen>
<dimen name="dp_247">395.20dp</dimen>
<dimen name="dp_248">396.80dp</dimen>
<dimen name="dp_249">398.40dp</dimen>
<dimen name="dp_250">400.00dp</dimen>
<dimen name="dp_251">401.60dp</dimen>
<dimen name="dp_252">403.20dp</dimen>
<dimen name="dp_253">404.80dp</dimen>
<dimen name="dp_254">406.40dp</dimen>
<dimen name="dp_255">408.00dp</dimen>
<dimen name="dp_256">409.60dp</dimen>
<dimen name="dp_257">411.20dp</dimen>
<dimen name="dp_258">412.80dp</dimen>
<dimen name="dp_259">414.40dp</dimen>
<dimen name="dp_260">416.00dp</dimen>
<dimen name="dp_261">417.60dp</dimen>
<dimen name="dp_262">419.20dp</dimen>
<dimen name="dp_263">420.80dp</dimen>
<dimen name="dp_264">422.40dp</dimen>
<dimen name="dp_265">424.00dp</dimen>
<dimen name="dp_266">425.60dp</dimen>
<dimen name="dp_267">427.20dp</dimen>
<dimen name="dp_268">428.80dp</dimen>
<dimen name="dp_269">430.40dp</dimen>
<dimen name="dp_270">432.00dp</dimen>
<dimen name="dp_271">433.60dp</dimen>
<dimen name="dp_272">435.20dp</dimen>
<dimen name="dp_273">436.80dp</dimen>
<dimen name="dp_274">438.40dp</dimen>
<dimen name="dp_275">440.00dp</dimen>
<dimen name="dp_276">441.60dp</dimen>
<dimen name="dp_277">443.20dp</dimen>
<dimen name="dp_278">444.80dp</dimen>
<dimen name="dp_279">446.40dp</dimen>
<dimen name="dp_280">448.00dp</dimen>
<dimen name="dp_281">449.60dp</dimen>
<dimen name="dp_282">451.20dp</dimen>
<dimen name="dp_283">452.80dp</dimen>
<dimen name="dp_284">454.40dp</dimen>
<dimen name="dp_285">456.00dp</dimen>
<dimen name="dp_286">457.60dp</dimen>
<dimen name="dp_287">459.20dp</dimen>
<dimen name="dp_288">460.80dp</dimen>
<dimen name="dp_289">462.40dp</dimen>
<dimen name="dp_290">464.00dp</dimen>
<dimen name="dp_291">465.60dp</dimen>
<dimen name="dp_292">467.20dp</dimen>
<dimen name="dp_293">468.80dp</dimen>
<dimen name="dp_294">470.40dp</dimen>
<dimen name="dp_295">472.00dp</dimen>
<dimen name="dp_296">473.60dp</dimen>
<dimen name="dp_297">475.20dp</dimen>
<dimen name="dp_298">476.80dp</dimen>
<dimen name="dp_299">478.40dp</dimen>
<dimen name="dp_300">480.00dp</dimen>
<dimen name="dp_301">481.60dp</dimen>
<dimen name="dp_302">483.20dp</dimen>
<dimen name="dp_303">484.80dp</dimen>
<dimen name="dp_304">486.40dp</dimen>
<dimen name="dp_305">488.00dp</dimen>
<dimen name="dp_306">489.60dp</dimen>
<dimen name="dp_307">491.20dp</dimen>
<dimen name="dp_308">492.80dp</dimen>
<dimen name="dp_309">494.40dp</dimen>
<dimen name="dp_310">496.00dp</dimen>
<dimen name="dp_311">497.60dp</dimen>
<dimen name="dp_312">499.20dp</dimen>
<dimen name="dp_313">500.80dp</dimen>
<dimen name="dp_314">502.40dp</dimen>
<dimen name="dp_315">504.00dp</dimen>
<dimen name="dp_316">505.60dp</dimen>
<dimen name="dp_317">507.20dp</dimen>
<dimen name="dp_318">508.80dp</dimen>
<dimen name="dp_319">510.40dp</dimen>
<dimen name="dp_320">512.00dp</dimen>
<dimen name="dp_321">513.60dp</dimen>
<dimen name="dp_322">515.20dp</dimen>
<dimen name="dp_323">516.80dp</dimen>
<dimen name="dp_324">518.40dp</dimen>
<dimen name="dp_325">520.00dp</dimen>
<dimen name="dp_326">521.60dp</dimen>
<dimen name="dp_327">523.20dp</dimen>
<dimen name="dp_328">524.80dp</dimen>
<dimen name="dp_329">526.40dp</dimen>
<dimen name="dp_330">528.00dp</dimen>
<dimen name="dp_331">529.60dp</dimen>
<dimen name="dp_332">531.20dp</dimen>
<dimen name="dp_333">532.80dp</dimen>
<dimen name="dp_334">534.40dp</dimen>
<dimen name="dp_335">536.00dp</dimen>
<dimen name="dp_336">537.60dp</dimen>
<dimen name="dp_337">539.20dp</dimen>
<dimen name="dp_338">540.80dp</dimen>
<dimen name="dp_339">542.40dp</dimen>
<dimen name="dp_340">544.00dp</dimen>
<dimen name="dp_341">545.60dp</dimen>
<dimen name="dp_342">547.20dp</dimen>
<dimen name="dp_343">548.80dp</dimen>
<dimen name="dp_344">550.40dp</dimen>
<dimen name="dp_345">552.00dp</dimen>
<dimen name="dp_346">553.60dp</dimen>
<dimen name="dp_347">555.20dp</dimen>
<dimen name="dp_348">556.80dp</dimen>
<dimen name="dp_349">558.40dp</dimen>
<dimen name="dp_350">560.00dp</dimen>
<dimen name="dp_351">561.60dp</dimen>
<dimen name="dp_352">563.20dp</dimen>
<dimen name="dp_353">564.80dp</dimen>
<dimen name="dp_354">566.40dp</dimen>
<dimen name="dp_355">568.00dp</dimen>
<dimen name="dp_356">569.60dp</dimen>
<dimen name="dp_357">571.20dp</dimen>
<dimen name="dp_358">572.80dp</dimen>
<dimen name="dp_359">574.40dp</dimen>
<dimen name="dp_360">576.00dp</dimen>
<dimen name="dp_361">577.60dp</dimen>
<dimen name="dp_362">579.20dp</dimen>
<dimen name="dp_363">580.80dp</dimen>
<dimen name="dp_364">582.40dp</dimen>
<dimen name="dp_365">584.00dp</dimen>
<dimen name="dp_366">585.60dp</dimen>
<dimen name="dp_367">587.20dp</dimen>
<dimen name="dp_368">588.80dp</dimen>
<dimen name="dp_369">590.40dp</dimen>
<dimen name="dp_370">592.00dp</dimen>
<dimen name="dp_371">593.60dp</dimen>
<dimen name="dp_372">595.20dp</dimen>
<dimen name="dp_373">596.80dp</dimen>
<dimen name="dp_374">598.40dp</dimen>
<dimen name="dp_375">600.00dp</dimen>
<dimen name="dp_376">601.60dp</dimen>
<dimen name="dp_377">603.20dp</dimen>
<dimen name="dp_378">604.80dp</dimen>
<dimen name="dp_379">606.40dp</dimen>
<dimen name="dp_380">608.00dp</dimen>
<dimen name="dp_381">609.60dp</dimen>
<dimen name="dp_382">611.20dp</dimen>
<dimen name="dp_383">612.80dp</dimen>
<dimen name="dp_384">614.40dp</dimen>
<dimen name="dp_385">616.00dp</dimen>
<dimen name="dp_386">617.60dp</dimen>
<dimen name="dp_387">619.20dp</dimen>
<dimen name="dp_388">620.80dp</dimen>
<dimen name="dp_389">622.40dp</dimen>
<dimen name="dp_390">624.00dp</dimen>
<dimen name="dp_391">625.60dp</dimen>
<dimen name="dp_392">627.20dp</dimen>
<dimen name="dp_393">628.80dp</dimen>
<dimen name="dp_394">630.40dp</dimen>
<dimen name="dp_395">632.00dp</dimen>
<dimen name="dp_396">633.60dp</dimen>
<dimen name="dp_397">635.20dp</dimen>
<dimen name="dp_398">636.80dp</dimen>
<dimen name="dp_399">638.40dp</dimen>
<dimen name="dp_400">640.00dp</dimen>
<dimen name="dp_401">641.60dp</dimen>
<dimen name="dp_402">643.20dp</dimen>
<dimen name="dp_403">644.80dp</dimen>
<dimen name="dp_404">646.40dp</dimen>
<dimen name="dp_405">648.00dp</dimen>
<dimen name="dp_406">649.60dp</dimen>
<dimen name="dp_407">651.20dp</dimen>
<dimen name="dp_408">652.80dp</dimen>
<dimen name="dp_409">654.40dp</dimen>
<dimen name="dp_410">656.00dp</dimen>
<dimen name="dp_411">657.60dp</dimen>
<dimen name="dp_412">659.20dp</dimen>
<dimen name="dp_413">660.80dp</dimen>
<dimen name="dp_414">662.40dp</dimen>
<dimen name="dp_415">664.00dp</dimen>
<dimen name="dp_416">665.60dp</dimen>
<dimen name="dp_417">667.20dp</dimen>
<dimen name="dp_418">668.80dp</dimen>
<dimen name="dp_419">670.40dp</dimen>
<dimen name="dp_420">672.00dp</dimen>
<dimen name="dp_421">673.60dp</dimen>
<dimen name="dp_422">675.20dp</dimen>
<dimen name="dp_423">676.80dp</dimen>
<dimen name="dp_424">678.40dp</dimen>
<dimen name="dp_425">680.00dp</dimen>
<dimen name="dp_426">681.60dp</dimen>
<dimen name="dp_427">683.20dp</dimen>
<dimen name="dp_428">684.80dp</dimen>
<dimen name="dp_429">686.40dp</dimen>
<dimen name="dp_430">688.00dp</dimen>
<dimen name="dp_431">689.60dp</dimen>
<dimen name="dp_432">691.20dp</dimen>
<dimen name="dp_433">692.80dp</dimen>
<dimen name="dp_434">694.40dp</dimen>
<dimen name="dp_435">696.00dp</dimen>
<dimen name="dp_436">697.60dp</dimen>
<dimen name="dp_437">699.20dp</dimen>
<dimen name="dp_438">700.80dp</dimen>
<dimen name="dp_439">702.40dp</dimen>
<dimen name="dp_440">704.00dp</dimen>
<dimen name="dp_441">705.60dp</dimen>
<dimen name="dp_442">707.20dp</dimen>
<dimen name="dp_443">708.80dp</dimen>
<dimen name="dp_444">710.40dp</dimen>
<dimen name="dp_445">712.00dp</dimen>
<dimen name="dp_446">713.60dp</dimen>
<dimen name="dp_447">715.20dp</dimen>
<dimen name="dp_448">716.80dp</dimen>
<dimen name="dp_449">718.40dp</dimen>
<dimen name="dp_450">720.00dp</dimen>
<dimen name="dp_451">721.60dp</dimen>
<dimen name="dp_452">723.20dp</dimen>
<dimen name="dp_453">724.80dp</dimen>
<dimen name="dp_454">726.40dp</dimen>
<dimen name="dp_455">728.00dp</dimen>
<dimen name="dp_456">729.60dp</dimen>
<dimen name="dp_457">731.20dp</dimen>
<dimen name="dp_458">732.80dp</dimen>
<dimen name="dp_459">734.40dp</dimen>
<dimen name="dp_460">736.00dp</dimen>
<dimen name="dp_461">737.60dp</dimen>
<dimen name="dp_462">739.20dp</dimen>
<dimen name="dp_463">740.80dp</dimen>
<dimen name="dp_464">742.40dp</dimen>
<dimen name="dp_465">744.00dp</dimen>
<dimen name="dp_466">745.60dp</dimen>
<dimen name="dp_467">747.20dp</dimen>
<dimen name="dp_468">748.80dp</dimen>
<dimen name="dp_469">750.40dp</dimen>
<dimen name="dp_470">752.00dp</dimen>
<dimen name="dp_471">753.60dp</dimen>
<dimen name="dp_472">755.20dp</dimen>
<dimen name="dp_473">756.80dp</dimen>
<dimen name="dp_474">758.40dp</dimen>
<dimen name="dp_475">760.00dp</dimen>
<dimen name="dp_476">761.60dp</dimen>
<dimen name="dp_477">763.20dp</dimen>
<dimen name="dp_478">764.80dp</dimen>
<dimen name="dp_479">766.40dp</dimen>
<dimen name="dp_480">768.00dp</dimen>
<dimen name="dp_481">769.60dp</dimen>
<dimen name="dp_482">771.20dp</dimen>
<dimen name="dp_483">772.80dp</dimen>
<dimen name="dp_484">774.40dp</dimen>
<dimen name="dp_485">776.00dp</dimen>
<dimen name="dp_486">777.60dp</dimen>
<dimen name="dp_487">779.20dp</dimen>
<dimen name="dp_488">780.80dp</dimen>
<dimen name="dp_489">782.40dp</dimen>
<dimen name="dp_490">784.00dp</dimen>
<dimen name="dp_491">785.60dp</dimen>
<dimen name="dp_492">787.20dp</dimen>
<dimen name="dp_493">788.80dp</dimen>
<dimen name="dp_494">790.40dp</dimen>
<dimen name="dp_495">792.00dp</dimen>
<dimen name="dp_496">793.60dp</dimen>
<dimen name="dp_497">795.20dp</dimen>
<dimen name="dp_498">796.80dp</dimen>
<dimen name="dp_499">798.40dp</dimen>
<dimen name="dp_500">800.00dp</dimen>
<dimen name="dp_501">801.60dp</dimen>
<dimen name="dp_502">803.20dp</dimen>
<dimen name="dp_503">804.80dp</dimen>
<dimen name="dp_504">806.40dp</dimen>
<dimen name="dp_505">808.00dp</dimen>
<dimen name="dp_506">809.60dp</dimen>
<dimen name="dp_507">811.20dp</dimen>
<dimen name="dp_508">812.80dp</dimen>
<dimen name="dp_509">814.40dp</dimen>
<dimen name="dp_510">816.00dp</dimen>
<dimen name="dp_511">817.60dp</dimen>
<dimen name="dp_512">819.20dp</dimen>
<dimen name="dp_513">820.80dp</dimen>
<dimen name="dp_514">822.40dp</dimen>
<dimen name="dp_515">824.00dp</dimen>
<dimen name="dp_516">825.60dp</dimen>
<dimen name="dp_517">827.20dp</dimen>
<dimen name="dp_518">828.80dp</dimen>
<dimen name="dp_519">830.40dp</dimen>
<dimen name="dp_520">832.00dp</dimen>
<dimen name="dp_521">833.60dp</dimen>
<dimen name="dp_522">835.20dp</dimen>
<dimen name="dp_523">836.80dp</dimen>
<dimen name="dp_524">838.40dp</dimen>
<dimen name="dp_525">840.00dp</dimen>
<dimen name="dp_526">841.60dp</dimen>
<dimen name="dp_527">843.20dp</dimen>
<dimen name="dp_528">844.80dp</dimen>
<dimen name="dp_529">846.40dp</dimen>
<dimen name="dp_530">848.00dp</dimen>
<dimen name="dp_531">849.60dp</dimen>
<dimen name="dp_532">851.20dp</dimen>
<dimen name="dp_533">852.80dp</dimen>
<dimen name="dp_534">854.40dp</dimen>
<dimen name="dp_535">856.00dp</dimen>
<dimen name="dp_536">857.60dp</dimen>
<dimen name="dp_537">859.20dp</dimen>
<dimen name="dp_538">860.80dp</dimen>
<dimen name="dp_539">862.40dp</dimen>
<dimen name="dp_540">864.00dp</dimen>
<dimen name="dp_541">865.60dp</dimen>
<dimen name="dp_542">867.20dp</dimen>
<dimen name="dp_543">868.80dp</dimen>
<dimen name="dp_544">870.40dp</dimen>
<dimen name="dp_545">872.00dp</dimen>
<dimen name="dp_546">873.60dp</dimen>
<dimen name="dp_547">875.20dp</dimen>
<dimen name="dp_548">876.80dp</dimen>
<dimen name="dp_549">878.40dp</dimen>
<dimen name="dp_550">880.00dp</dimen>
<dimen name="dp_551">881.60dp</dimen>
<dimen name="dp_552">883.20dp</dimen>
<dimen name="dp_553">884.80dp</dimen>
<dimen name="dp_554">886.40dp</dimen>
<dimen name="dp_555">888.00dp</dimen>
<dimen name="dp_556">889.60dp</dimen>
<dimen name="dp_557">891.20dp</dimen>
<dimen name="dp_558">892.80dp</dimen>
<dimen name="dp_559">894.40dp</dimen>
<dimen name="dp_560">896.00dp</dimen>
<dimen name="dp_561">897.60dp</dimen>
<dimen name="dp_562">899.20dp</dimen>
<dimen name="dp_563">900.80dp</dimen>
<dimen name="dp_564">902.40dp</dimen>
<dimen name="dp_565">904.00dp</dimen>
<dimen name="dp_566">905.60dp</dimen>
<dimen name="dp_567">907.20dp</dimen>
<dimen name="dp_568">908.80dp</dimen>
<dimen name="dp_569">910.40dp</dimen>
<dimen name="dp_570">912.00dp</dimen>
<dimen name="dp_571">913.60dp</dimen>
<dimen name="dp_572">915.20dp</dimen>
<dimen name="dp_573">916.80dp</dimen>
<dimen name="dp_574">918.40dp</dimen>
<dimen name="dp_575">920.00dp</dimen>
<dimen name="dp_576">921.60dp</dimen>
<dimen name="dp_577">923.20dp</dimen>
<dimen name="dp_578">924.80dp</dimen>
<dimen name="dp_579">926.40dp</dimen>
<dimen name="dp_580">928.00dp</dimen>
<dimen name="dp_581">929.60dp</dimen>
<dimen name="dp_582">931.20dp</dimen>
<dimen name="dp_583">932.80dp</dimen>
<dimen name="dp_584">934.40dp</dimen>
<dimen name="dp_585">936.00dp</dimen>
<dimen name="dp_586">937.60dp</dimen>
<dimen name="dp_587">939.20dp</dimen>
<dimen name="dp_588">940.80dp</dimen>
<dimen name="dp_589">942.40dp</dimen>
<dimen name="dp_590">944.00dp</dimen>
<dimen name="dp_591">945.60dp</dimen>
<dimen name="dp_592">947.20dp</dimen>
<dimen name="dp_593">948.80dp</dimen>
<dimen name="dp_594">950.40dp</dimen>
<dimen name="dp_595">952.00dp</dimen>
<dimen name="dp_596">953.60dp</dimen>
<dimen name="dp_597">955.20dp</dimen>
<dimen name="dp_598">956.80dp</dimen>
<dimen name="dp_599">958.40dp</dimen>
<dimen name="dp_600">960.00dp</dimen>
<dimen name="dp_601">961.60dp</dimen>
<dimen name="dp_602">963.20dp</dimen>
<dimen name="dp_603">964.80dp</dimen>
<dimen name="dp_604">966.40dp</dimen>
<dimen name="dp_605">968.00dp</dimen>
<dimen name="dp_606">969.60dp</dimen>
<dimen name="dp_607">971.20dp</dimen>
<dimen name="dp_608">972.80dp</dimen>
<dimen name="dp_609">974.40dp</dimen>
<dimen name="dp_610">976.00dp</dimen>
<dimen name="dp_611">977.60dp</dimen>
<dimen name="dp_612">979.20dp</dimen>
<dimen name="dp_613">980.80dp</dimen>
<dimen name="dp_614">982.40dp</dimen>
<dimen name="dp_615">984.00dp</dimen>
<dimen name="dp_616">985.60dp</dimen>
<dimen name="dp_617">987.20dp</dimen>
<dimen name="dp_618">988.80dp</dimen>
<dimen name="dp_619">990.40dp</dimen>
<dimen name="dp_620">992.00dp</dimen>
<dimen name="dp_621">993.60dp</dimen>
<dimen name="dp_622">995.20dp</dimen>
<dimen name="dp_623">996.80dp</dimen>
<dimen name="dp_624">998.40dp</dimen>
<dimen name="dp_625">1000.00dp</dimen>
<dimen name="dp_626">1001.60dp</dimen>
<dimen name="dp_627">1003.20dp</dimen>
<dimen name="dp_628">1004.80dp</dimen>
<dimen name="dp_629">1006.40dp</dimen>
<dimen name="dp_630">1008.00dp</dimen>
<dimen name="dp_631">1009.60dp</dimen>
<dimen name="dp_632">1011.20dp</dimen>
<dimen name="dp_633">1012.80dp</dimen>
<dimen name="dp_634">1014.40dp</dimen>
<dimen name="dp_635">1016.00dp</dimen>
<dimen name="dp_636">1017.60dp</dimen>
<dimen name="dp_637">1019.20dp</dimen>
<dimen name="dp_638">1020.80dp</dimen>
<dimen name="dp_639">1022.40dp</dimen>
<dimen name="dp_640">1024.00dp</dimen>
<dimen name="dp_641">1025.60dp</dimen>
<dimen name="dp_642">1027.20dp</dimen>
<dimen name="dp_643">1028.80dp</dimen>
<dimen name="dp_644">1030.40dp</dimen>
<dimen name="dp_645">1032.00dp</dimen>
<dimen name="dp_646">1033.60dp</dimen>
<dimen name="dp_647">1035.20dp</dimen>
<dimen name="dp_648">1036.80dp</dimen>
<dimen name="dp_649">1038.40dp</dimen>
<dimen name="dp_650">1040.00dp</dimen>
<dimen name="dp_651">1041.60dp</dimen>
<dimen name="dp_652">1043.20dp</dimen>
<dimen name="dp_653">1044.80dp</dimen>
<dimen name="dp_654">1046.40dp</dimen>
<dimen name="dp_655">1048.00dp</dimen>
<dimen name="dp_656">1049.60dp</dimen>
<dimen name="dp_657">1051.20dp</dimen>
<dimen name="dp_658">1052.80dp</dimen>
<dimen name="dp_659">1054.40dp</dimen>
<dimen name="dp_660">1056.00dp</dimen>
<dimen name="dp_661">1057.60dp</dimen>
<dimen name="dp_662">1059.20dp</dimen>
<dimen name="dp_663">1060.80dp</dimen>
<dimen name="dp_664">1062.40dp</dimen>
<dimen name="dp_665">1064.00dp</dimen>
<dimen name="dp_666">1065.60dp</dimen>
<dimen name="dp_667">1067.20dp</dimen>
<dimen name="dp_668">1068.80dp</dimen>
<dimen name="dp_669">1070.40dp</dimen>
<dimen name="dp_670">1072.00dp</dimen>
<dimen name="dp_671">1073.60dp</dimen>
<dimen name="dp_672">1075.20dp</dimen>
<dimen name="dp_673">1076.80dp</dimen>
<dimen name="dp_674">1078.40dp</dimen>
<dimen name="dp_675">1080.00dp</dimen>
<dimen name="dp_676">1081.60dp</dimen>
<dimen name="dp_677">1083.20dp</dimen>
<dimen name="dp_678">1084.80dp</dimen>
<dimen name="dp_679">1086.40dp</dimen>
<dimen name="dp_680">1088.00dp</dimen>
<dimen name="dp_681">1089.60dp</dimen>
<dimen name="dp_682">1091.20dp</dimen>
<dimen name="dp_683">1092.80dp</dimen>
<dimen name="dp_684">1094.40dp</dimen>
<dimen name="dp_685">1096.00dp</dimen>
<dimen name="dp_686">1097.60dp</dimen>
<dimen name="dp_687">1099.20dp</dimen>
<dimen name="dp_688">1100.80dp</dimen>
<dimen name="dp_689">1102.40dp</dimen>
<dimen name="dp_690">1104.00dp</dimen>
<dimen name="dp_691">1105.60dp</dimen>
<dimen name="dp_692">1107.20dp</dimen>
<dimen name="dp_693">1108.80dp</dimen>
<dimen name="dp_694">1110.40dp</dimen>
<dimen name="dp_695">1112.00dp</dimen>
<dimen name="dp_696">1113.60dp</dimen>
<dimen name="dp_697">1115.20dp</dimen>
<dimen name="dp_698">1116.80dp</dimen>
<dimen name="dp_699">1118.40dp</dimen>
<dimen name="dp_700">1120.00dp</dimen>
<dimen name="dp_701">1121.60dp</dimen>
<dimen name="dp_702">1123.20dp</dimen>
<dimen name="dp_703">1124.80dp</dimen>
<dimen name="dp_704">1126.40dp</dimen>
<dimen name="dp_705">1128.00dp</dimen>
<dimen name="dp_706">1129.60dp</dimen>
<dimen name="dp_707">1131.20dp</dimen>
<dimen name="dp_708">1132.80dp</dimen>
<dimen name="dp_709">1134.40dp</dimen>
<dimen name="dp_710">1136.00dp</dimen>
<dimen name="dp_711">1137.60dp</dimen>
<dimen name="dp_712">1139.20dp</dimen>
<dimen name="dp_713">1140.80dp</dimen>
<dimen name="dp_714">1142.40dp</dimen>
<dimen name="dp_715">1144.00dp</dimen>
<dimen name="dp_716">1145.60dp</dimen>
<dimen name="dp_717">1147.20dp</dimen>
<dimen name="dp_718">1148.80dp</dimen>
<dimen name="dp_719">1150.40dp</dimen>
<dimen name="dp_720">1152.00dp</dimen>
</resources>
