<?xml version="1.0" encoding="utf-8"?>
<resources>
<dimen name="base_dpi">592dp</dimen>
<dimen name="dp_0">0.00dp</dimen>
<dimen name="dp_1">1.58dp</dimen>
<dimen name="dp_2">3.16dp</dimen>
<dimen name="dp_3">4.74dp</dimen>
<dimen name="dp_4">6.31dp</dimen>
<dimen name="dp_5">7.89dp</dimen>
<dimen name="dp_6">9.47dp</dimen>
<dimen name="dp_7">11.05dp</dimen>
<dimen name="dp_8">12.63dp</dimen>
<dimen name="dp_9">14.21dp</dimen>
<dimen name="dp_10">15.79dp</dimen>
<dimen name="dp_11">17.37dp</dimen>
<dimen name="dp_12">18.94dp</dimen>
<dimen name="dp_13">20.52dp</dimen>
<dimen name="dp_14">22.10dp</dimen>
<dimen name="dp_15">23.68dp</dimen>
<dimen name="dp_16">25.26dp</dimen>
<dimen name="dp_17">26.84dp</dimen>
<dimen name="dp_18">28.42dp</dimen>
<dimen name="dp_19">29.99dp</dimen>
<dimen name="dp_20">31.57dp</dimen>
<dimen name="dp_21">33.15dp</dimen>
<dimen name="dp_22">34.73dp</dimen>
<dimen name="dp_23">36.31dp</dimen>
<dimen name="dp_24">37.89dp</dimen>
<dimen name="dp_25">39.47dp</dimen>
<dimen name="dp_26">41.05dp</dimen>
<dimen name="dp_27">42.62dp</dimen>
<dimen name="dp_28">44.20dp</dimen>
<dimen name="dp_29">45.78dp</dimen>
<dimen name="dp_30">47.36dp</dimen>
<dimen name="dp_31">48.94dp</dimen>
<dimen name="dp_32">50.52dp</dimen>
<dimen name="dp_33">52.10dp</dimen>
<dimen name="dp_34">53.67dp</dimen>
<dimen name="dp_35">55.25dp</dimen>
<dimen name="dp_36">56.83dp</dimen>
<dimen name="dp_37">58.41dp</dimen>
<dimen name="dp_38">59.99dp</dimen>
<dimen name="dp_39">61.57dp</dimen>
<dimen name="dp_40">63.15dp</dimen>
<dimen name="dp_41">64.73dp</dimen>
<dimen name="dp_42">66.30dp</dimen>
<dimen name="dp_43">67.88dp</dimen>
<dimen name="dp_44">69.46dp</dimen>
<dimen name="dp_45">71.04dp</dimen>
<dimen name="dp_46">72.62dp</dimen>
<dimen name="dp_47">74.20dp</dimen>
<dimen name="dp_48">75.78dp</dimen>
<dimen name="dp_49">77.35dp</dimen>
<dimen name="dp_50">78.93dp</dimen>
<dimen name="dp_51">80.51dp</dimen>
<dimen name="dp_52">82.09dp</dimen>
<dimen name="dp_53">83.67dp</dimen>
<dimen name="dp_54">85.25dp</dimen>
<dimen name="dp_55">86.83dp</dimen>
<dimen name="dp_56">88.41dp</dimen>
<dimen name="dp_57">89.98dp</dimen>
<dimen name="dp_58">91.56dp</dimen>
<dimen name="dp_59">93.14dp</dimen>
<dimen name="dp_60">94.72dp</dimen>
<dimen name="dp_61">96.30dp</dimen>
<dimen name="dp_62">97.88dp</dimen>
<dimen name="dp_63">99.46dp</dimen>
<dimen name="dp_64">101.03dp</dimen>
<dimen name="dp_65">102.61dp</dimen>
<dimen name="dp_66">104.19dp</dimen>
<dimen name="dp_67">105.77dp</dimen>
<dimen name="dp_68">107.35dp</dimen>
<dimen name="dp_69">108.93dp</dimen>
<dimen name="dp_70">110.51dp</dimen>
<dimen name="dp_71">112.09dp</dimen>
<dimen name="dp_72">113.66dp</dimen>
<dimen name="dp_73">115.24dp</dimen>
<dimen name="dp_74">116.82dp</dimen>
<dimen name="dp_75">118.40dp</dimen>
<dimen name="dp_76">119.98dp</dimen>
<dimen name="dp_77">121.56dp</dimen>
<dimen name="dp_78">123.14dp</dimen>
<dimen name="dp_79">124.71dp</dimen>
<dimen name="dp_80">126.29dp</dimen>
<dimen name="dp_81">127.87dp</dimen>
<dimen name="dp_82">129.45dp</dimen>
<dimen name="dp_83">131.03dp</dimen>
<dimen name="dp_84">132.61dp</dimen>
<dimen name="dp_85">134.19dp</dimen>
<dimen name="dp_86">135.77dp</dimen>
<dimen name="dp_87">137.34dp</dimen>
<dimen name="dp_88">138.92dp</dimen>
<dimen name="dp_89">140.50dp</dimen>
<dimen name="dp_90">142.08dp</dimen>
<dimen name="dp_91">143.66dp</dimen>
<dimen name="dp_92">145.24dp</dimen>
<dimen name="dp_93">146.82dp</dimen>
<dimen name="dp_94">148.39dp</dimen>
<dimen name="dp_95">149.97dp</dimen>
<dimen name="dp_96">151.55dp</dimen>
<dimen name="dp_97">153.13dp</dimen>
<dimen name="dp_98">154.71dp</dimen>
<dimen name="dp_99">156.29dp</dimen>
<dimen name="dp_100">157.87dp</dimen>
<dimen name="dp_101">159.45dp</dimen>
<dimen name="dp_102">161.02dp</dimen>
<dimen name="dp_103">162.60dp</dimen>
<dimen name="dp_104">164.18dp</dimen>
<dimen name="dp_105">165.76dp</dimen>
<dimen name="dp_106">167.34dp</dimen>
<dimen name="dp_107">168.92dp</dimen>
<dimen name="dp_108">170.50dp</dimen>
<dimen name="dp_109">172.07dp</dimen>
<dimen name="dp_110">173.65dp</dimen>
<dimen name="dp_111">175.23dp</dimen>
<dimen name="dp_112">176.81dp</dimen>
<dimen name="dp_113">178.39dp</dimen>
<dimen name="dp_114">179.97dp</dimen>
<dimen name="dp_115">181.55dp</dimen>
<dimen name="dp_116">183.13dp</dimen>
<dimen name="dp_117">184.70dp</dimen>
<dimen name="dp_118">186.28dp</dimen>
<dimen name="dp_119">187.86dp</dimen>
<dimen name="dp_120">189.44dp</dimen>
<dimen name="dp_121">191.02dp</dimen>
<dimen name="dp_122">192.60dp</dimen>
<dimen name="dp_123">194.18dp</dimen>
<dimen name="dp_124">195.75dp</dimen>
<dimen name="dp_125">197.33dp</dimen>
<dimen name="dp_126">198.91dp</dimen>
<dimen name="dp_127">200.49dp</dimen>
<dimen name="dp_128">202.07dp</dimen>
<dimen name="dp_129">203.65dp</dimen>
<dimen name="dp_130">205.23dp</dimen>
<dimen name="dp_131">206.81dp</dimen>
<dimen name="dp_132">208.38dp</dimen>
<dimen name="dp_133">209.96dp</dimen>
<dimen name="dp_134">211.54dp</dimen>
<dimen name="dp_135">213.12dp</dimen>
<dimen name="dp_136">214.70dp</dimen>
<dimen name="dp_137">216.28dp</dimen>
<dimen name="dp_138">217.86dp</dimen>
<dimen name="dp_139">219.43dp</dimen>
<dimen name="dp_140">221.01dp</dimen>
<dimen name="dp_141">222.59dp</dimen>
<dimen name="dp_142">224.17dp</dimen>
<dimen name="dp_143">225.75dp</dimen>
<dimen name="dp_144">227.33dp</dimen>
<dimen name="dp_145">228.91dp</dimen>
<dimen name="dp_146">230.49dp</dimen>
<dimen name="dp_147">232.06dp</dimen>
<dimen name="dp_148">233.64dp</dimen>
<dimen name="dp_149">235.22dp</dimen>
<dimen name="dp_150">236.80dp</dimen>
<dimen name="dp_151">238.38dp</dimen>
<dimen name="dp_152">239.96dp</dimen>
<dimen name="dp_153">241.54dp</dimen>
<dimen name="dp_154">243.11dp</dimen>
<dimen name="dp_155">244.69dp</dimen>
<dimen name="dp_156">246.27dp</dimen>
<dimen name="dp_157">247.85dp</dimen>
<dimen name="dp_158">249.43dp</dimen>
<dimen name="dp_159">251.01dp</dimen>
<dimen name="dp_160">252.59dp</dimen>
<dimen name="dp_161">254.17dp</dimen>
<dimen name="dp_162">255.74dp</dimen>
<dimen name="dp_163">257.32dp</dimen>
<dimen name="dp_164">258.90dp</dimen>
<dimen name="dp_165">260.48dp</dimen>
<dimen name="dp_166">262.06dp</dimen>
<dimen name="dp_167">263.64dp</dimen>
<dimen name="dp_168">265.22dp</dimen>
<dimen name="dp_169">266.79dp</dimen>
<dimen name="dp_170">268.37dp</dimen>
<dimen name="dp_171">269.95dp</dimen>
<dimen name="dp_172">271.53dp</dimen>
<dimen name="dp_173">273.11dp</dimen>
<dimen name="dp_174">274.69dp</dimen>
<dimen name="dp_175">276.27dp</dimen>
<dimen name="dp_176">277.85dp</dimen>
<dimen name="dp_177">279.42dp</dimen>
<dimen name="dp_178">281.00dp</dimen>
<dimen name="dp_179">282.58dp</dimen>
<dimen name="dp_180">284.16dp</dimen>
<dimen name="dp_181">285.74dp</dimen>
<dimen name="dp_182">287.32dp</dimen>
<dimen name="dp_183">288.90dp</dimen>
<dimen name="dp_184">290.47dp</dimen>
<dimen name="dp_185">292.05dp</dimen>
<dimen name="dp_186">293.63dp</dimen>
<dimen name="dp_187">295.21dp</dimen>
<dimen name="dp_188">296.79dp</dimen>
<dimen name="dp_189">298.37dp</dimen>
<dimen name="dp_190">299.95dp</dimen>
<dimen name="dp_191">301.53dp</dimen>
<dimen name="dp_192">303.10dp</dimen>
<dimen name="dp_193">304.68dp</dimen>
<dimen name="dp_194">306.26dp</dimen>
<dimen name="dp_195">307.84dp</dimen>
<dimen name="dp_196">309.42dp</dimen>
<dimen name="dp_197">311.00dp</dimen>
<dimen name="dp_198">312.58dp</dimen>
<dimen name="dp_199">314.15dp</dimen>
<dimen name="dp_200">315.73dp</dimen>
<dimen name="dp_201">317.31dp</dimen>
<dimen name="dp_202">318.89dp</dimen>
<dimen name="dp_203">320.47dp</dimen>
<dimen name="dp_204">322.05dp</dimen>
<dimen name="dp_205">323.63dp</dimen>
<dimen name="dp_206">325.21dp</dimen>
<dimen name="dp_207">326.78dp</dimen>
<dimen name="dp_208">328.36dp</dimen>
<dimen name="dp_209">329.94dp</dimen>
<dimen name="dp_210">331.52dp</dimen>
<dimen name="dp_211">333.10dp</dimen>
<dimen name="dp_212">334.68dp</dimen>
<dimen name="dp_213">336.26dp</dimen>
<dimen name="dp_214">337.83dp</dimen>
<dimen name="dp_215">339.41dp</dimen>
<dimen name="dp_216">340.99dp</dimen>
<dimen name="dp_217">342.57dp</dimen>
<dimen name="dp_218">344.15dp</dimen>
<dimen name="dp_219">345.73dp</dimen>
<dimen name="dp_220">347.31dp</dimen>
<dimen name="dp_221">348.89dp</dimen>
<dimen name="dp_222">350.46dp</dimen>
<dimen name="dp_223">352.04dp</dimen>
<dimen name="dp_224">353.62dp</dimen>
<dimen name="dp_225">355.20dp</dimen>
<dimen name="dp_226">356.78dp</dimen>
<dimen name="dp_227">358.36dp</dimen>
<dimen name="dp_228">359.94dp</dimen>
<dimen name="dp_229">361.51dp</dimen>
<dimen name="dp_230">363.09dp</dimen>
<dimen name="dp_231">364.67dp</dimen>
<dimen name="dp_232">366.25dp</dimen>
<dimen name="dp_233">367.83dp</dimen>
<dimen name="dp_234">369.41dp</dimen>
<dimen name="dp_235">370.99dp</dimen>
<dimen name="dp_236">372.57dp</dimen>
<dimen name="dp_237">374.14dp</dimen>
<dimen name="dp_238">375.72dp</dimen>
<dimen name="dp_239">377.30dp</dimen>
<dimen name="dp_240">378.88dp</dimen>
<dimen name="dp_241">380.46dp</dimen>
<dimen name="dp_242">382.04dp</dimen>
<dimen name="dp_243">383.62dp</dimen>
<dimen name="dp_244">385.19dp</dimen>
<dimen name="dp_245">386.77dp</dimen>
<dimen name="dp_246">388.35dp</dimen>
<dimen name="dp_247">389.93dp</dimen>
<dimen name="dp_248">391.51dp</dimen>
<dimen name="dp_249">393.09dp</dimen>
<dimen name="dp_250">394.67dp</dimen>
<dimen name="dp_251">396.25dp</dimen>
<dimen name="dp_252">397.82dp</dimen>
<dimen name="dp_253">399.40dp</dimen>
<dimen name="dp_254">400.98dp</dimen>
<dimen name="dp_255">402.56dp</dimen>
<dimen name="dp_256">404.14dp</dimen>
<dimen name="dp_257">405.72dp</dimen>
<dimen name="dp_258">407.30dp</dimen>
<dimen name="dp_259">408.87dp</dimen>
<dimen name="dp_260">410.45dp</dimen>
<dimen name="dp_261">412.03dp</dimen>
<dimen name="dp_262">413.61dp</dimen>
<dimen name="dp_263">415.19dp</dimen>
<dimen name="dp_264">416.77dp</dimen>
<dimen name="dp_265">418.35dp</dimen>
<dimen name="dp_266">419.93dp</dimen>
<dimen name="dp_267">421.50dp</dimen>
<dimen name="dp_268">423.08dp</dimen>
<dimen name="dp_269">424.66dp</dimen>
<dimen name="dp_270">426.24dp</dimen>
<dimen name="dp_271">427.82dp</dimen>
<dimen name="dp_272">429.40dp</dimen>
<dimen name="dp_273">430.98dp</dimen>
<dimen name="dp_274">432.55dp</dimen>
<dimen name="dp_275">434.13dp</dimen>
<dimen name="dp_276">435.71dp</dimen>
<dimen name="dp_277">437.29dp</dimen>
<dimen name="dp_278">438.87dp</dimen>
<dimen name="dp_279">440.45dp</dimen>
<dimen name="dp_280">442.03dp</dimen>
<dimen name="dp_281">443.61dp</dimen>
<dimen name="dp_282">445.18dp</dimen>
<dimen name="dp_283">446.76dp</dimen>
<dimen name="dp_284">448.34dp</dimen>
<dimen name="dp_285">449.92dp</dimen>
<dimen name="dp_286">451.50dp</dimen>
<dimen name="dp_287">453.08dp</dimen>
<dimen name="dp_288">454.66dp</dimen>
<dimen name="dp_289">456.23dp</dimen>
<dimen name="dp_290">457.81dp</dimen>
<dimen name="dp_291">459.39dp</dimen>
<dimen name="dp_292">460.97dp</dimen>
<dimen name="dp_293">462.55dp</dimen>
<dimen name="dp_294">464.13dp</dimen>
<dimen name="dp_295">465.71dp</dimen>
<dimen name="dp_296">467.29dp</dimen>
<dimen name="dp_297">468.86dp</dimen>
<dimen name="dp_298">470.44dp</dimen>
<dimen name="dp_299">472.02dp</dimen>
<dimen name="dp_300">473.60dp</dimen>
<dimen name="dp_301">475.18dp</dimen>
<dimen name="dp_302">476.76dp</dimen>
<dimen name="dp_303">478.34dp</dimen>
<dimen name="dp_304">479.91dp</dimen>
<dimen name="dp_305">481.49dp</dimen>
<dimen name="dp_306">483.07dp</dimen>
<dimen name="dp_307">484.65dp</dimen>
<dimen name="dp_308">486.23dp</dimen>
<dimen name="dp_309">487.81dp</dimen>
<dimen name="dp_310">489.39dp</dimen>
<dimen name="dp_311">490.97dp</dimen>
<dimen name="dp_312">492.54dp</dimen>
<dimen name="dp_313">494.12dp</dimen>
<dimen name="dp_314">495.70dp</dimen>
<dimen name="dp_315">497.28dp</dimen>
<dimen name="dp_316">498.86dp</dimen>
<dimen name="dp_317">500.44dp</dimen>
<dimen name="dp_318">502.02dp</dimen>
<dimen name="dp_319">503.59dp</dimen>
<dimen name="dp_320">505.17dp</dimen>
<dimen name="dp_321">506.75dp</dimen>
<dimen name="dp_322">508.33dp</dimen>
<dimen name="dp_323">509.91dp</dimen>
<dimen name="dp_324">511.49dp</dimen>
<dimen name="dp_325">513.07dp</dimen>
<dimen name="dp_326">514.65dp</dimen>
<dimen name="dp_327">516.22dp</dimen>
<dimen name="dp_328">517.80dp</dimen>
<dimen name="dp_329">519.38dp</dimen>
<dimen name="dp_330">520.96dp</dimen>
<dimen name="dp_331">522.54dp</dimen>
<dimen name="dp_332">524.12dp</dimen>
<dimen name="dp_333">525.70dp</dimen>
<dimen name="dp_334">527.27dp</dimen>
<dimen name="dp_335">528.85dp</dimen>
<dimen name="dp_336">530.43dp</dimen>
<dimen name="dp_337">532.01dp</dimen>
<dimen name="dp_338">533.59dp</dimen>
<dimen name="dp_339">535.17dp</dimen>
<dimen name="dp_340">536.75dp</dimen>
<dimen name="dp_341">538.33dp</dimen>
<dimen name="dp_342">539.90dp</dimen>
<dimen name="dp_343">541.48dp</dimen>
<dimen name="dp_344">543.06dp</dimen>
<dimen name="dp_345">544.64dp</dimen>
<dimen name="dp_346">546.22dp</dimen>
<dimen name="dp_347">547.80dp</dimen>
<dimen name="dp_348">549.38dp</dimen>
<dimen name="dp_349">550.95dp</dimen>
<dimen name="dp_350">552.53dp</dimen>
<dimen name="dp_351">554.11dp</dimen>
<dimen name="dp_352">555.69dp</dimen>
<dimen name="dp_353">557.27dp</dimen>
<dimen name="dp_354">558.85dp</dimen>
<dimen name="dp_355">560.43dp</dimen>
<dimen name="dp_356">562.01dp</dimen>
<dimen name="dp_357">563.58dp</dimen>
<dimen name="dp_358">565.16dp</dimen>
<dimen name="dp_359">566.74dp</dimen>
<dimen name="dp_360">568.32dp</dimen>
<dimen name="dp_361">569.90dp</dimen>
<dimen name="dp_362">571.48dp</dimen>
<dimen name="dp_363">573.06dp</dimen>
<dimen name="dp_364">574.63dp</dimen>
<dimen name="dp_365">576.21dp</dimen>
<dimen name="dp_366">577.79dp</dimen>
<dimen name="dp_367">579.37dp</dimen>
<dimen name="dp_368">580.95dp</dimen>
<dimen name="dp_369">582.53dp</dimen>
<dimen name="dp_370">584.11dp</dimen>
<dimen name="dp_371">585.69dp</dimen>
<dimen name="dp_372">587.26dp</dimen>
<dimen name="dp_373">588.84dp</dimen>
<dimen name="dp_374">590.42dp</dimen>
<dimen name="dp_375">592.00dp</dimen>
<dimen name="dp_376">593.58dp</dimen>
<dimen name="dp_377">595.16dp</dimen>
<dimen name="dp_378">596.74dp</dimen>
<dimen name="dp_379">598.31dp</dimen>
<dimen name="dp_380">599.89dp</dimen>
<dimen name="dp_381">601.47dp</dimen>
<dimen name="dp_382">603.05dp</dimen>
<dimen name="dp_383">604.63dp</dimen>
<dimen name="dp_384">606.21dp</dimen>
<dimen name="dp_385">607.79dp</dimen>
<dimen name="dp_386">609.37dp</dimen>
<dimen name="dp_387">610.94dp</dimen>
<dimen name="dp_388">612.52dp</dimen>
<dimen name="dp_389">614.10dp</dimen>
<dimen name="dp_390">615.68dp</dimen>
<dimen name="dp_391">617.26dp</dimen>
<dimen name="dp_392">618.84dp</dimen>
<dimen name="dp_393">620.42dp</dimen>
<dimen name="dp_394">621.99dp</dimen>
<dimen name="dp_395">623.57dp</dimen>
<dimen name="dp_396">625.15dp</dimen>
<dimen name="dp_397">626.73dp</dimen>
<dimen name="dp_398">628.31dp</dimen>
<dimen name="dp_399">629.89dp</dimen>
<dimen name="dp_400">631.47dp</dimen>
<dimen name="dp_401">633.05dp</dimen>
<dimen name="dp_402">634.62dp</dimen>
<dimen name="dp_403">636.20dp</dimen>
<dimen name="dp_404">637.78dp</dimen>
<dimen name="dp_405">639.36dp</dimen>
<dimen name="dp_406">640.94dp</dimen>
<dimen name="dp_407">642.52dp</dimen>
<dimen name="dp_408">644.10dp</dimen>
<dimen name="dp_409">645.67dp</dimen>
<dimen name="dp_410">647.25dp</dimen>
<dimen name="dp_411">648.83dp</dimen>
<dimen name="dp_412">650.41dp</dimen>
<dimen name="dp_413">651.99dp</dimen>
<dimen name="dp_414">653.57dp</dimen>
<dimen name="dp_415">655.15dp</dimen>
<dimen name="dp_416">656.73dp</dimen>
<dimen name="dp_417">658.30dp</dimen>
<dimen name="dp_418">659.88dp</dimen>
<dimen name="dp_419">661.46dp</dimen>
<dimen name="dp_420">663.04dp</dimen>
<dimen name="dp_421">664.62dp</dimen>
<dimen name="dp_422">666.20dp</dimen>
<dimen name="dp_423">667.78dp</dimen>
<dimen name="dp_424">669.35dp</dimen>
<dimen name="dp_425">670.93dp</dimen>
<dimen name="dp_426">672.51dp</dimen>
<dimen name="dp_427">674.09dp</dimen>
<dimen name="dp_428">675.67dp</dimen>
<dimen name="dp_429">677.25dp</dimen>
<dimen name="dp_430">678.83dp</dimen>
<dimen name="dp_431">680.41dp</dimen>
<dimen name="dp_432">681.98dp</dimen>
<dimen name="dp_433">683.56dp</dimen>
<dimen name="dp_434">685.14dp</dimen>
<dimen name="dp_435">686.72dp</dimen>
<dimen name="dp_436">688.30dp</dimen>
<dimen name="dp_437">689.88dp</dimen>
<dimen name="dp_438">691.46dp</dimen>
<dimen name="dp_439">693.03dp</dimen>
<dimen name="dp_440">694.61dp</dimen>
<dimen name="dp_441">696.19dp</dimen>
<dimen name="dp_442">697.77dp</dimen>
<dimen name="dp_443">699.35dp</dimen>
<dimen name="dp_444">700.93dp</dimen>
<dimen name="dp_445">702.51dp</dimen>
<dimen name="dp_446">704.09dp</dimen>
<dimen name="dp_447">705.66dp</dimen>
<dimen name="dp_448">707.24dp</dimen>
<dimen name="dp_449">708.82dp</dimen>
<dimen name="dp_450">710.40dp</dimen>
<dimen name="dp_451">711.98dp</dimen>
<dimen name="dp_452">713.56dp</dimen>
<dimen name="dp_453">715.14dp</dimen>
<dimen name="dp_454">716.71dp</dimen>
<dimen name="dp_455">718.29dp</dimen>
<dimen name="dp_456">719.87dp</dimen>
<dimen name="dp_457">721.45dp</dimen>
<dimen name="dp_458">723.03dp</dimen>
<dimen name="dp_459">724.61dp</dimen>
<dimen name="dp_460">726.19dp</dimen>
<dimen name="dp_461">727.77dp</dimen>
<dimen name="dp_462">729.34dp</dimen>
<dimen name="dp_463">730.92dp</dimen>
<dimen name="dp_464">732.50dp</dimen>
<dimen name="dp_465">734.08dp</dimen>
<dimen name="dp_466">735.66dp</dimen>
<dimen name="dp_467">737.24dp</dimen>
<dimen name="dp_468">738.82dp</dimen>
<dimen name="dp_469">740.39dp</dimen>
<dimen name="dp_470">741.97dp</dimen>
<dimen name="dp_471">743.55dp</dimen>
<dimen name="dp_472">745.13dp</dimen>
<dimen name="dp_473">746.71dp</dimen>
<dimen name="dp_474">748.29dp</dimen>
<dimen name="dp_475">749.87dp</dimen>
<dimen name="dp_476">751.45dp</dimen>
<dimen name="dp_477">753.02dp</dimen>
<dimen name="dp_478">754.60dp</dimen>
<dimen name="dp_479">756.18dp</dimen>
<dimen name="dp_480">757.76dp</dimen>
<dimen name="dp_481">759.34dp</dimen>
<dimen name="dp_482">760.92dp</dimen>
<dimen name="dp_483">762.50dp</dimen>
<dimen name="dp_484">764.07dp</dimen>
<dimen name="dp_485">765.65dp</dimen>
<dimen name="dp_486">767.23dp</dimen>
<dimen name="dp_487">768.81dp</dimen>
<dimen name="dp_488">770.39dp</dimen>
<dimen name="dp_489">771.97dp</dimen>
<dimen name="dp_490">773.55dp</dimen>
<dimen name="dp_491">775.13dp</dimen>
<dimen name="dp_492">776.70dp</dimen>
<dimen name="dp_493">778.28dp</dimen>
<dimen name="dp_494">779.86dp</dimen>
<dimen name="dp_495">781.44dp</dimen>
<dimen name="dp_496">783.02dp</dimen>
<dimen name="dp_497">784.60dp</dimen>
<dimen name="dp_498">786.18dp</dimen>
<dimen name="dp_499">787.75dp</dimen>
<dimen name="dp_500">789.33dp</dimen>
<dimen name="dp_501">790.91dp</dimen>
<dimen name="dp_502">792.49dp</dimen>
<dimen name="dp_503">794.07dp</dimen>
<dimen name="dp_504">795.65dp</dimen>
<dimen name="dp_505">797.23dp</dimen>
<dimen name="dp_506">798.81dp</dimen>
<dimen name="dp_507">800.38dp</dimen>
<dimen name="dp_508">801.96dp</dimen>
<dimen name="dp_509">803.54dp</dimen>
<dimen name="dp_510">805.12dp</dimen>
<dimen name="dp_511">806.70dp</dimen>
<dimen name="dp_512">808.28dp</dimen>
<dimen name="dp_513">809.86dp</dimen>
<dimen name="dp_514">811.43dp</dimen>
<dimen name="dp_515">813.01dp</dimen>
<dimen name="dp_516">814.59dp</dimen>
<dimen name="dp_517">816.17dp</dimen>
<dimen name="dp_518">817.75dp</dimen>
<dimen name="dp_519">819.33dp</dimen>
<dimen name="dp_520">820.91dp</dimen>
<dimen name="dp_521">822.49dp</dimen>
<dimen name="dp_522">824.06dp</dimen>
<dimen name="dp_523">825.64dp</dimen>
<dimen name="dp_524">827.22dp</dimen>
<dimen name="dp_525">828.80dp</dimen>
<dimen name="dp_526">830.38dp</dimen>
<dimen name="dp_527">831.96dp</dimen>
<dimen name="dp_528">833.54dp</dimen>
<dimen name="dp_529">835.11dp</dimen>
<dimen name="dp_530">836.69dp</dimen>
<dimen name="dp_531">838.27dp</dimen>
<dimen name="dp_532">839.85dp</dimen>
<dimen name="dp_533">841.43dp</dimen>
<dimen name="dp_534">843.01dp</dimen>
<dimen name="dp_535">844.59dp</dimen>
<dimen name="dp_536">846.17dp</dimen>
<dimen name="dp_537">847.74dp</dimen>
<dimen name="dp_538">849.32dp</dimen>
<dimen name="dp_539">850.90dp</dimen>
<dimen name="dp_540">852.48dp</dimen>
<dimen name="dp_541">854.06dp</dimen>
<dimen name="dp_542">855.64dp</dimen>
<dimen name="dp_543">857.22dp</dimen>
<dimen name="dp_544">858.79dp</dimen>
<dimen name="dp_545">860.37dp</dimen>
<dimen name="dp_546">861.95dp</dimen>
<dimen name="dp_547">863.53dp</dimen>
<dimen name="dp_548">865.11dp</dimen>
<dimen name="dp_549">866.69dp</dimen>
<dimen name="dp_550">868.27dp</dimen>
<dimen name="dp_551">869.85dp</dimen>
<dimen name="dp_552">871.42dp</dimen>
<dimen name="dp_553">873.00dp</dimen>
<dimen name="dp_554">874.58dp</dimen>
<dimen name="dp_555">876.16dp</dimen>
<dimen name="dp_556">877.74dp</dimen>
<dimen name="dp_557">879.32dp</dimen>
<dimen name="dp_558">880.90dp</dimen>
<dimen name="dp_559">882.47dp</dimen>
<dimen name="dp_560">884.05dp</dimen>
<dimen name="dp_561">885.63dp</dimen>
<dimen name="dp_562">887.21dp</dimen>
<dimen name="dp_563">888.79dp</dimen>
<dimen name="dp_564">890.37dp</dimen>
<dimen name="dp_565">891.95dp</dimen>
<dimen name="dp_566">893.53dp</dimen>
<dimen name="dp_567">895.10dp</dimen>
<dimen name="dp_568">896.68dp</dimen>
<dimen name="dp_569">898.26dp</dimen>
<dimen name="dp_570">899.84dp</dimen>
<dimen name="dp_571">901.42dp</dimen>
<dimen name="dp_572">903.00dp</dimen>
<dimen name="dp_573">904.58dp</dimen>
<dimen name="dp_574">906.15dp</dimen>
<dimen name="dp_575">907.73dp</dimen>
<dimen name="dp_576">909.31dp</dimen>
<dimen name="dp_577">910.89dp</dimen>
<dimen name="dp_578">912.47dp</dimen>
<dimen name="dp_579">914.05dp</dimen>
<dimen name="dp_580">915.63dp</dimen>
<dimen name="dp_581">917.21dp</dimen>
<dimen name="dp_582">918.78dp</dimen>
<dimen name="dp_583">920.36dp</dimen>
<dimen name="dp_584">921.94dp</dimen>
<dimen name="dp_585">923.52dp</dimen>
<dimen name="dp_586">925.10dp</dimen>
<dimen name="dp_587">926.68dp</dimen>
<dimen name="dp_588">928.26dp</dimen>
<dimen name="dp_589">929.83dp</dimen>
<dimen name="dp_590">931.41dp</dimen>
<dimen name="dp_591">932.99dp</dimen>
<dimen name="dp_592">934.57dp</dimen>
<dimen name="dp_593">936.15dp</dimen>
<dimen name="dp_594">937.73dp</dimen>
<dimen name="dp_595">939.31dp</dimen>
<dimen name="dp_596">940.89dp</dimen>
<dimen name="dp_597">942.46dp</dimen>
<dimen name="dp_598">944.04dp</dimen>
<dimen name="dp_599">945.62dp</dimen>
<dimen name="dp_600">947.20dp</dimen>
<dimen name="dp_601">948.78dp</dimen>
<dimen name="dp_602">950.36dp</dimen>
<dimen name="dp_603">951.94dp</dimen>
<dimen name="dp_604">953.51dp</dimen>
<dimen name="dp_605">955.09dp</dimen>
<dimen name="dp_606">956.67dp</dimen>
<dimen name="dp_607">958.25dp</dimen>
<dimen name="dp_608">959.83dp</dimen>
<dimen name="dp_609">961.41dp</dimen>
<dimen name="dp_610">962.99dp</dimen>
<dimen name="dp_611">964.57dp</dimen>
<dimen name="dp_612">966.14dp</dimen>
<dimen name="dp_613">967.72dp</dimen>
<dimen name="dp_614">969.30dp</dimen>
<dimen name="dp_615">970.88dp</dimen>
<dimen name="dp_616">972.46dp</dimen>
<dimen name="dp_617">974.04dp</dimen>
<dimen name="dp_618">975.62dp</dimen>
<dimen name="dp_619">977.19dp</dimen>
<dimen name="dp_620">978.77dp</dimen>
<dimen name="dp_621">980.35dp</dimen>
<dimen name="dp_622">981.93dp</dimen>
<dimen name="dp_623">983.51dp</dimen>
<dimen name="dp_624">985.09dp</dimen>
<dimen name="dp_625">986.67dp</dimen>
<dimen name="dp_626">988.25dp</dimen>
<dimen name="dp_627">989.82dp</dimen>
<dimen name="dp_628">991.40dp</dimen>
<dimen name="dp_629">992.98dp</dimen>
<dimen name="dp_630">994.56dp</dimen>
<dimen name="dp_631">996.14dp</dimen>
<dimen name="dp_632">997.72dp</dimen>
<dimen name="dp_633">999.30dp</dimen>
<dimen name="dp_634">1000.87dp</dimen>
<dimen name="dp_635">1002.45dp</dimen>
<dimen name="dp_636">1004.03dp</dimen>
<dimen name="dp_637">1005.61dp</dimen>
<dimen name="dp_638">1007.19dp</dimen>
<dimen name="dp_639">1008.77dp</dimen>
<dimen name="dp_640">1010.35dp</dimen>
<dimen name="dp_641">1011.93dp</dimen>
<dimen name="dp_642">1013.50dp</dimen>
<dimen name="dp_643">1015.08dp</dimen>
<dimen name="dp_644">1016.66dp</dimen>
<dimen name="dp_645">1018.24dp</dimen>
<dimen name="dp_646">1019.82dp</dimen>
<dimen name="dp_647">1021.40dp</dimen>
<dimen name="dp_648">1022.98dp</dimen>
<dimen name="dp_649">1024.55dp</dimen>
<dimen name="dp_650">1026.13dp</dimen>
<dimen name="dp_651">1027.71dp</dimen>
<dimen name="dp_652">1029.29dp</dimen>
<dimen name="dp_653">1030.87dp</dimen>
<dimen name="dp_654">1032.45dp</dimen>
<dimen name="dp_655">1034.03dp</dimen>
<dimen name="dp_656">1035.61dp</dimen>
<dimen name="dp_657">1037.18dp</dimen>
<dimen name="dp_658">1038.76dp</dimen>
<dimen name="dp_659">1040.34dp</dimen>
<dimen name="dp_660">1041.92dp</dimen>
<dimen name="dp_661">1043.50dp</dimen>
<dimen name="dp_662">1045.08dp</dimen>
<dimen name="dp_663">1046.66dp</dimen>
<dimen name="dp_664">1048.23dp</dimen>
<dimen name="dp_665">1049.81dp</dimen>
<dimen name="dp_666">1051.39dp</dimen>
<dimen name="dp_667">1052.97dp</dimen>
<dimen name="dp_668">1054.55dp</dimen>
<dimen name="dp_669">1056.13dp</dimen>
<dimen name="dp_670">1057.71dp</dimen>
<dimen name="dp_671">1059.29dp</dimen>
<dimen name="dp_672">1060.86dp</dimen>
<dimen name="dp_673">1062.44dp</dimen>
<dimen name="dp_674">1064.02dp</dimen>
<dimen name="dp_675">1065.60dp</dimen>
<dimen name="dp_676">1067.18dp</dimen>
<dimen name="dp_677">1068.76dp</dimen>
<dimen name="dp_678">1070.34dp</dimen>
<dimen name="dp_679">1071.91dp</dimen>
<dimen name="dp_680">1073.49dp</dimen>
<dimen name="dp_681">1075.07dp</dimen>
<dimen name="dp_682">1076.65dp</dimen>
<dimen name="dp_683">1078.23dp</dimen>
<dimen name="dp_684">1079.81dp</dimen>
<dimen name="dp_685">1081.39dp</dimen>
<dimen name="dp_686">1082.97dp</dimen>
<dimen name="dp_687">1084.54dp</dimen>
<dimen name="dp_688">1086.12dp</dimen>
<dimen name="dp_689">1087.70dp</dimen>
<dimen name="dp_690">1089.28dp</dimen>
<dimen name="dp_691">1090.86dp</dimen>
<dimen name="dp_692">1092.44dp</dimen>
<dimen name="dp_693">1094.02dp</dimen>
<dimen name="dp_694">1095.59dp</dimen>
<dimen name="dp_695">1097.17dp</dimen>
<dimen name="dp_696">1098.75dp</dimen>
<dimen name="dp_697">1100.33dp</dimen>
<dimen name="dp_698">1101.91dp</dimen>
<dimen name="dp_699">1103.49dp</dimen>
<dimen name="dp_700">1105.07dp</dimen>
<dimen name="dp_701">1106.65dp</dimen>
<dimen name="dp_702">1108.22dp</dimen>
<dimen name="dp_703">1109.80dp</dimen>
<dimen name="dp_704">1111.38dp</dimen>
<dimen name="dp_705">1112.96dp</dimen>
<dimen name="dp_706">1114.54dp</dimen>
<dimen name="dp_707">1116.12dp</dimen>
<dimen name="dp_708">1117.70dp</dimen>
<dimen name="dp_709">1119.27dp</dimen>
<dimen name="dp_710">1120.85dp</dimen>
<dimen name="dp_711">1122.43dp</dimen>
<dimen name="dp_712">1124.01dp</dimen>
<dimen name="dp_713">1125.59dp</dimen>
<dimen name="dp_714">1127.17dp</dimen>
<dimen name="dp_715">1128.75dp</dimen>
<dimen name="dp_716">1130.33dp</dimen>
<dimen name="dp_717">1131.90dp</dimen>
<dimen name="dp_718">1133.48dp</dimen>
<dimen name="dp_719">1135.06dp</dimen>
<dimen name="dp_720">1136.64dp</dimen>
</resources>
