<?xml version="1.0" encoding="utf-8"?>
<resources>
<dimen name="base_dpi">350dp</dimen>
<dimen name="dp_0">0.00dp</dimen>
<dimen name="dp_1">0.93dp</dimen>
<dimen name="dp_2">1.87dp</dimen>
<dimen name="dp_3">2.80dp</dimen>
<dimen name="dp_4">3.73dp</dimen>
<dimen name="dp_5">4.67dp</dimen>
<dimen name="dp_6">5.60dp</dimen>
<dimen name="dp_7">6.53dp</dimen>
<dimen name="dp_8">7.47dp</dimen>
<dimen name="dp_9">8.40dp</dimen>
<dimen name="dp_10">9.33dp</dimen>
<dimen name="dp_11">10.27dp</dimen>
<dimen name="dp_12">11.20dp</dimen>
<dimen name="dp_13">12.13dp</dimen>
<dimen name="dp_14">13.07dp</dimen>
<dimen name="dp_15">14.00dp</dimen>
<dimen name="dp_16">14.93dp</dimen>
<dimen name="dp_17">15.87dp</dimen>
<dimen name="dp_18">16.80dp</dimen>
<dimen name="dp_19">17.73dp</dimen>
<dimen name="dp_20">18.67dp</dimen>
<dimen name="dp_21">19.60dp</dimen>
<dimen name="dp_22">20.53dp</dimen>
<dimen name="dp_23">21.47dp</dimen>
<dimen name="dp_24">22.40dp</dimen>
<dimen name="dp_25">23.33dp</dimen>
<dimen name="dp_26">24.27dp</dimen>
<dimen name="dp_27">25.20dp</dimen>
<dimen name="dp_28">26.13dp</dimen>
<dimen name="dp_29">27.07dp</dimen>
<dimen name="dp_30">28.00dp</dimen>
<dimen name="dp_31">28.93dp</dimen>
<dimen name="dp_32">29.87dp</dimen>
<dimen name="dp_33">30.80dp</dimen>
<dimen name="dp_34">31.73dp</dimen>
<dimen name="dp_35">32.67dp</dimen>
<dimen name="dp_36">33.60dp</dimen>
<dimen name="dp_37">34.53dp</dimen>
<dimen name="dp_38">35.47dp</dimen>
<dimen name="dp_39">36.40dp</dimen>
<dimen name="dp_40">37.33dp</dimen>
<dimen name="dp_41">38.27dp</dimen>
<dimen name="dp_42">39.20dp</dimen>
<dimen name="dp_43">40.13dp</dimen>
<dimen name="dp_44">41.07dp</dimen>
<dimen name="dp_45">42.00dp</dimen>
<dimen name="dp_46">42.93dp</dimen>
<dimen name="dp_47">43.87dp</dimen>
<dimen name="dp_48">44.80dp</dimen>
<dimen name="dp_49">45.73dp</dimen>
<dimen name="dp_50">46.67dp</dimen>
<dimen name="dp_51">47.60dp</dimen>
<dimen name="dp_52">48.53dp</dimen>
<dimen name="dp_53">49.47dp</dimen>
<dimen name="dp_54">50.40dp</dimen>
<dimen name="dp_55">51.33dp</dimen>
<dimen name="dp_56">52.27dp</dimen>
<dimen name="dp_57">53.20dp</dimen>
<dimen name="dp_58">54.13dp</dimen>
<dimen name="dp_59">55.07dp</dimen>
<dimen name="dp_60">56.00dp</dimen>
<dimen name="dp_61">56.93dp</dimen>
<dimen name="dp_62">57.87dp</dimen>
<dimen name="dp_63">58.80dp</dimen>
<dimen name="dp_64">59.73dp</dimen>
<dimen name="dp_65">60.67dp</dimen>
<dimen name="dp_66">61.60dp</dimen>
<dimen name="dp_67">62.53dp</dimen>
<dimen name="dp_68">63.47dp</dimen>
<dimen name="dp_69">64.40dp</dimen>
<dimen name="dp_70">65.33dp</dimen>
<dimen name="dp_71">66.27dp</dimen>
<dimen name="dp_72">67.20dp</dimen>
<dimen name="dp_73">68.13dp</dimen>
<dimen name="dp_74">69.07dp</dimen>
<dimen name="dp_75">70.00dp</dimen>
<dimen name="dp_76">70.93dp</dimen>
<dimen name="dp_77">71.87dp</dimen>
<dimen name="dp_78">72.80dp</dimen>
<dimen name="dp_79">73.73dp</dimen>
<dimen name="dp_80">74.67dp</dimen>
<dimen name="dp_81">75.60dp</dimen>
<dimen name="dp_82">76.53dp</dimen>
<dimen name="dp_83">77.47dp</dimen>
<dimen name="dp_84">78.40dp</dimen>
<dimen name="dp_85">79.33dp</dimen>
<dimen name="dp_86">80.27dp</dimen>
<dimen name="dp_87">81.20dp</dimen>
<dimen name="dp_88">82.13dp</dimen>
<dimen name="dp_89">83.07dp</dimen>
<dimen name="dp_90">84.00dp</dimen>
<dimen name="dp_91">84.93dp</dimen>
<dimen name="dp_92">85.87dp</dimen>
<dimen name="dp_93">86.80dp</dimen>
<dimen name="dp_94">87.73dp</dimen>
<dimen name="dp_95">88.67dp</dimen>
<dimen name="dp_96">89.60dp</dimen>
<dimen name="dp_97">90.53dp</dimen>
<dimen name="dp_98">91.47dp</dimen>
<dimen name="dp_99">92.40dp</dimen>
<dimen name="dp_100">93.33dp</dimen>
<dimen name="dp_101">94.27dp</dimen>
<dimen name="dp_102">95.20dp</dimen>
<dimen name="dp_103">96.13dp</dimen>
<dimen name="dp_104">97.07dp</dimen>
<dimen name="dp_105">98.00dp</dimen>
<dimen name="dp_106">98.93dp</dimen>
<dimen name="dp_107">99.87dp</dimen>
<dimen name="dp_108">100.80dp</dimen>
<dimen name="dp_109">101.73dp</dimen>
<dimen name="dp_110">102.67dp</dimen>
<dimen name="dp_111">103.60dp</dimen>
<dimen name="dp_112">104.53dp</dimen>
<dimen name="dp_113">105.47dp</dimen>
<dimen name="dp_114">106.40dp</dimen>
<dimen name="dp_115">107.33dp</dimen>
<dimen name="dp_116">108.27dp</dimen>
<dimen name="dp_117">109.20dp</dimen>
<dimen name="dp_118">110.13dp</dimen>
<dimen name="dp_119">111.07dp</dimen>
<dimen name="dp_120">112.00dp</dimen>
<dimen name="dp_121">112.93dp</dimen>
<dimen name="dp_122">113.87dp</dimen>
<dimen name="dp_123">114.80dp</dimen>
<dimen name="dp_124">115.73dp</dimen>
<dimen name="dp_125">116.67dp</dimen>
<dimen name="dp_126">117.60dp</dimen>
<dimen name="dp_127">118.53dp</dimen>
<dimen name="dp_128">119.47dp</dimen>
<dimen name="dp_129">120.40dp</dimen>
<dimen name="dp_130">121.33dp</dimen>
<dimen name="dp_131">122.27dp</dimen>
<dimen name="dp_132">123.20dp</dimen>
<dimen name="dp_133">124.13dp</dimen>
<dimen name="dp_134">125.07dp</dimen>
<dimen name="dp_135">126.00dp</dimen>
<dimen name="dp_136">126.93dp</dimen>
<dimen name="dp_137">127.87dp</dimen>
<dimen name="dp_138">128.80dp</dimen>
<dimen name="dp_139">129.73dp</dimen>
<dimen name="dp_140">130.67dp</dimen>
<dimen name="dp_141">131.60dp</dimen>
<dimen name="dp_142">132.53dp</dimen>
<dimen name="dp_143">133.47dp</dimen>
<dimen name="dp_144">134.40dp</dimen>
<dimen name="dp_145">135.33dp</dimen>
<dimen name="dp_146">136.27dp</dimen>
<dimen name="dp_147">137.20dp</dimen>
<dimen name="dp_148">138.13dp</dimen>
<dimen name="dp_149">139.07dp</dimen>
<dimen name="dp_150">140.00dp</dimen>
<dimen name="dp_151">140.93dp</dimen>
<dimen name="dp_152">141.87dp</dimen>
<dimen name="dp_153">142.80dp</dimen>
<dimen name="dp_154">143.73dp</dimen>
<dimen name="dp_155">144.67dp</dimen>
<dimen name="dp_156">145.60dp</dimen>
<dimen name="dp_157">146.53dp</dimen>
<dimen name="dp_158">147.47dp</dimen>
<dimen name="dp_159">148.40dp</dimen>
<dimen name="dp_160">149.33dp</dimen>
<dimen name="dp_161">150.27dp</dimen>
<dimen name="dp_162">151.20dp</dimen>
<dimen name="dp_163">152.13dp</dimen>
<dimen name="dp_164">153.07dp</dimen>
<dimen name="dp_165">154.00dp</dimen>
<dimen name="dp_166">154.93dp</dimen>
<dimen name="dp_167">155.87dp</dimen>
<dimen name="dp_168">156.80dp</dimen>
<dimen name="dp_169">157.73dp</dimen>
<dimen name="dp_170">158.67dp</dimen>
<dimen name="dp_171">159.60dp</dimen>
<dimen name="dp_172">160.53dp</dimen>
<dimen name="dp_173">161.47dp</dimen>
<dimen name="dp_174">162.40dp</dimen>
<dimen name="dp_175">163.33dp</dimen>
<dimen name="dp_176">164.27dp</dimen>
<dimen name="dp_177">165.20dp</dimen>
<dimen name="dp_178">166.13dp</dimen>
<dimen name="dp_179">167.07dp</dimen>
<dimen name="dp_180">168.00dp</dimen>
<dimen name="dp_181">168.93dp</dimen>
<dimen name="dp_182">169.87dp</dimen>
<dimen name="dp_183">170.80dp</dimen>
<dimen name="dp_184">171.73dp</dimen>
<dimen name="dp_185">172.67dp</dimen>
<dimen name="dp_186">173.60dp</dimen>
<dimen name="dp_187">174.53dp</dimen>
<dimen name="dp_188">175.47dp</dimen>
<dimen name="dp_189">176.40dp</dimen>
<dimen name="dp_190">177.33dp</dimen>
<dimen name="dp_191">178.27dp</dimen>
<dimen name="dp_192">179.20dp</dimen>
<dimen name="dp_193">180.13dp</dimen>
<dimen name="dp_194">181.07dp</dimen>
<dimen name="dp_195">182.00dp</dimen>
<dimen name="dp_196">182.93dp</dimen>
<dimen name="dp_197">183.87dp</dimen>
<dimen name="dp_198">184.80dp</dimen>
<dimen name="dp_199">185.73dp</dimen>
<dimen name="dp_200">186.67dp</dimen>
<dimen name="dp_201">187.60dp</dimen>
<dimen name="dp_202">188.53dp</dimen>
<dimen name="dp_203">189.47dp</dimen>
<dimen name="dp_204">190.40dp</dimen>
<dimen name="dp_205">191.33dp</dimen>
<dimen name="dp_206">192.27dp</dimen>
<dimen name="dp_207">193.20dp</dimen>
<dimen name="dp_208">194.13dp</dimen>
<dimen name="dp_209">195.07dp</dimen>
<dimen name="dp_210">196.00dp</dimen>
<dimen name="dp_211">196.93dp</dimen>
<dimen name="dp_212">197.87dp</dimen>
<dimen name="dp_213">198.80dp</dimen>
<dimen name="dp_214">199.73dp</dimen>
<dimen name="dp_215">200.67dp</dimen>
<dimen name="dp_216">201.60dp</dimen>
<dimen name="dp_217">202.53dp</dimen>
<dimen name="dp_218">203.47dp</dimen>
<dimen name="dp_219">204.40dp</dimen>
<dimen name="dp_220">205.33dp</dimen>
<dimen name="dp_221">206.27dp</dimen>
<dimen name="dp_222">207.20dp</dimen>
<dimen name="dp_223">208.13dp</dimen>
<dimen name="dp_224">209.07dp</dimen>
<dimen name="dp_225">210.00dp</dimen>
<dimen name="dp_226">210.93dp</dimen>
<dimen name="dp_227">211.87dp</dimen>
<dimen name="dp_228">212.80dp</dimen>
<dimen name="dp_229">213.73dp</dimen>
<dimen name="dp_230">214.67dp</dimen>
<dimen name="dp_231">215.60dp</dimen>
<dimen name="dp_232">216.53dp</dimen>
<dimen name="dp_233">217.47dp</dimen>
<dimen name="dp_234">218.40dp</dimen>
<dimen name="dp_235">219.33dp</dimen>
<dimen name="dp_236">220.27dp</dimen>
<dimen name="dp_237">221.20dp</dimen>
<dimen name="dp_238">222.13dp</dimen>
<dimen name="dp_239">223.07dp</dimen>
<dimen name="dp_240">224.00dp</dimen>
<dimen name="dp_241">224.93dp</dimen>
<dimen name="dp_242">225.87dp</dimen>
<dimen name="dp_243">226.80dp</dimen>
<dimen name="dp_244">227.73dp</dimen>
<dimen name="dp_245">228.67dp</dimen>
<dimen name="dp_246">229.60dp</dimen>
<dimen name="dp_247">230.53dp</dimen>
<dimen name="dp_248">231.47dp</dimen>
<dimen name="dp_249">232.40dp</dimen>
<dimen name="dp_250">233.33dp</dimen>
<dimen name="dp_251">234.27dp</dimen>
<dimen name="dp_252">235.20dp</dimen>
<dimen name="dp_253">236.13dp</dimen>
<dimen name="dp_254">237.07dp</dimen>
<dimen name="dp_255">238.00dp</dimen>
<dimen name="dp_256">238.93dp</dimen>
<dimen name="dp_257">239.87dp</dimen>
<dimen name="dp_258">240.80dp</dimen>
<dimen name="dp_259">241.73dp</dimen>
<dimen name="dp_260">242.67dp</dimen>
<dimen name="dp_261">243.60dp</dimen>
<dimen name="dp_262">244.53dp</dimen>
<dimen name="dp_263">245.47dp</dimen>
<dimen name="dp_264">246.40dp</dimen>
<dimen name="dp_265">247.33dp</dimen>
<dimen name="dp_266">248.27dp</dimen>
<dimen name="dp_267">249.20dp</dimen>
<dimen name="dp_268">250.13dp</dimen>
<dimen name="dp_269">251.07dp</dimen>
<dimen name="dp_270">252.00dp</dimen>
<dimen name="dp_271">252.93dp</dimen>
<dimen name="dp_272">253.87dp</dimen>
<dimen name="dp_273">254.80dp</dimen>
<dimen name="dp_274">255.73dp</dimen>
<dimen name="dp_275">256.67dp</dimen>
<dimen name="dp_276">257.60dp</dimen>
<dimen name="dp_277">258.53dp</dimen>
<dimen name="dp_278">259.47dp</dimen>
<dimen name="dp_279">260.40dp</dimen>
<dimen name="dp_280">261.33dp</dimen>
<dimen name="dp_281">262.27dp</dimen>
<dimen name="dp_282">263.20dp</dimen>
<dimen name="dp_283">264.13dp</dimen>
<dimen name="dp_284">265.07dp</dimen>
<dimen name="dp_285">266.00dp</dimen>
<dimen name="dp_286">266.93dp</dimen>
<dimen name="dp_287">267.87dp</dimen>
<dimen name="dp_288">268.80dp</dimen>
<dimen name="dp_289">269.73dp</dimen>
<dimen name="dp_290">270.67dp</dimen>
<dimen name="dp_291">271.60dp</dimen>
<dimen name="dp_292">272.53dp</dimen>
<dimen name="dp_293">273.47dp</dimen>
<dimen name="dp_294">274.40dp</dimen>
<dimen name="dp_295">275.33dp</dimen>
<dimen name="dp_296">276.27dp</dimen>
<dimen name="dp_297">277.20dp</dimen>
<dimen name="dp_298">278.13dp</dimen>
<dimen name="dp_299">279.07dp</dimen>
<dimen name="dp_300">280.00dp</dimen>
<dimen name="dp_301">280.93dp</dimen>
<dimen name="dp_302">281.87dp</dimen>
<dimen name="dp_303">282.80dp</dimen>
<dimen name="dp_304">283.73dp</dimen>
<dimen name="dp_305">284.67dp</dimen>
<dimen name="dp_306">285.60dp</dimen>
<dimen name="dp_307">286.53dp</dimen>
<dimen name="dp_308">287.47dp</dimen>
<dimen name="dp_309">288.40dp</dimen>
<dimen name="dp_310">289.33dp</dimen>
<dimen name="dp_311">290.27dp</dimen>
<dimen name="dp_312">291.20dp</dimen>
<dimen name="dp_313">292.13dp</dimen>
<dimen name="dp_314">293.07dp</dimen>
<dimen name="dp_315">294.00dp</dimen>
<dimen name="dp_316">294.93dp</dimen>
<dimen name="dp_317">295.87dp</dimen>
<dimen name="dp_318">296.80dp</dimen>
<dimen name="dp_319">297.73dp</dimen>
<dimen name="dp_320">298.67dp</dimen>
<dimen name="dp_321">299.60dp</dimen>
<dimen name="dp_322">300.53dp</dimen>
<dimen name="dp_323">301.47dp</dimen>
<dimen name="dp_324">302.40dp</dimen>
<dimen name="dp_325">303.33dp</dimen>
<dimen name="dp_326">304.27dp</dimen>
<dimen name="dp_327">305.20dp</dimen>
<dimen name="dp_328">306.13dp</dimen>
<dimen name="dp_329">307.07dp</dimen>
<dimen name="dp_330">308.00dp</dimen>
<dimen name="dp_331">308.93dp</dimen>
<dimen name="dp_332">309.87dp</dimen>
<dimen name="dp_333">310.80dp</dimen>
<dimen name="dp_334">311.73dp</dimen>
<dimen name="dp_335">312.67dp</dimen>
<dimen name="dp_336">313.60dp</dimen>
<dimen name="dp_337">314.53dp</dimen>
<dimen name="dp_338">315.47dp</dimen>
<dimen name="dp_339">316.40dp</dimen>
<dimen name="dp_340">317.33dp</dimen>
<dimen name="dp_341">318.27dp</dimen>
<dimen name="dp_342">319.20dp</dimen>
<dimen name="dp_343">320.13dp</dimen>
<dimen name="dp_344">321.07dp</dimen>
<dimen name="dp_345">322.00dp</dimen>
<dimen name="dp_346">322.93dp</dimen>
<dimen name="dp_347">323.87dp</dimen>
<dimen name="dp_348">324.80dp</dimen>
<dimen name="dp_349">325.73dp</dimen>
<dimen name="dp_350">326.67dp</dimen>
<dimen name="dp_351">327.60dp</dimen>
<dimen name="dp_352">328.53dp</dimen>
<dimen name="dp_353">329.47dp</dimen>
<dimen name="dp_354">330.40dp</dimen>
<dimen name="dp_355">331.33dp</dimen>
<dimen name="dp_356">332.27dp</dimen>
<dimen name="dp_357">333.20dp</dimen>
<dimen name="dp_358">334.13dp</dimen>
<dimen name="dp_359">335.07dp</dimen>
<dimen name="dp_360">336.00dp</dimen>
<dimen name="dp_361">336.93dp</dimen>
<dimen name="dp_362">337.87dp</dimen>
<dimen name="dp_363">338.80dp</dimen>
<dimen name="dp_364">339.73dp</dimen>
<dimen name="dp_365">340.67dp</dimen>
<dimen name="dp_366">341.60dp</dimen>
<dimen name="dp_367">342.53dp</dimen>
<dimen name="dp_368">343.47dp</dimen>
<dimen name="dp_369">344.40dp</dimen>
<dimen name="dp_370">345.33dp</dimen>
<dimen name="dp_371">346.27dp</dimen>
<dimen name="dp_372">347.20dp</dimen>
<dimen name="dp_373">348.13dp</dimen>
<dimen name="dp_374">349.07dp</dimen>
<dimen name="dp_375">350.00dp</dimen>
<dimen name="dp_376">350.93dp</dimen>
<dimen name="dp_377">351.87dp</dimen>
<dimen name="dp_378">352.80dp</dimen>
<dimen name="dp_379">353.73dp</dimen>
<dimen name="dp_380">354.67dp</dimen>
<dimen name="dp_381">355.60dp</dimen>
<dimen name="dp_382">356.53dp</dimen>
<dimen name="dp_383">357.47dp</dimen>
<dimen name="dp_384">358.40dp</dimen>
<dimen name="dp_385">359.33dp</dimen>
<dimen name="dp_386">360.27dp</dimen>
<dimen name="dp_387">361.20dp</dimen>
<dimen name="dp_388">362.13dp</dimen>
<dimen name="dp_389">363.07dp</dimen>
<dimen name="dp_390">364.00dp</dimen>
<dimen name="dp_391">364.93dp</dimen>
<dimen name="dp_392">365.87dp</dimen>
<dimen name="dp_393">366.80dp</dimen>
<dimen name="dp_394">367.73dp</dimen>
<dimen name="dp_395">368.67dp</dimen>
<dimen name="dp_396">369.60dp</dimen>
<dimen name="dp_397">370.53dp</dimen>
<dimen name="dp_398">371.47dp</dimen>
<dimen name="dp_399">372.40dp</dimen>
<dimen name="dp_400">373.33dp</dimen>
<dimen name="dp_401">374.27dp</dimen>
<dimen name="dp_402">375.20dp</dimen>
<dimen name="dp_403">376.13dp</dimen>
<dimen name="dp_404">377.07dp</dimen>
<dimen name="dp_405">378.00dp</dimen>
<dimen name="dp_406">378.93dp</dimen>
<dimen name="dp_407">379.87dp</dimen>
<dimen name="dp_408">380.80dp</dimen>
<dimen name="dp_409">381.73dp</dimen>
<dimen name="dp_410">382.67dp</dimen>
<dimen name="dp_411">383.60dp</dimen>
<dimen name="dp_412">384.53dp</dimen>
<dimen name="dp_413">385.47dp</dimen>
<dimen name="dp_414">386.40dp</dimen>
<dimen name="dp_415">387.33dp</dimen>
<dimen name="dp_416">388.27dp</dimen>
<dimen name="dp_417">389.20dp</dimen>
<dimen name="dp_418">390.13dp</dimen>
<dimen name="dp_419">391.07dp</dimen>
<dimen name="dp_420">392.00dp</dimen>
<dimen name="dp_421">392.93dp</dimen>
<dimen name="dp_422">393.87dp</dimen>
<dimen name="dp_423">394.80dp</dimen>
<dimen name="dp_424">395.73dp</dimen>
<dimen name="dp_425">396.67dp</dimen>
<dimen name="dp_426">397.60dp</dimen>
<dimen name="dp_427">398.53dp</dimen>
<dimen name="dp_428">399.47dp</dimen>
<dimen name="dp_429">400.40dp</dimen>
<dimen name="dp_430">401.33dp</dimen>
<dimen name="dp_431">402.27dp</dimen>
<dimen name="dp_432">403.20dp</dimen>
<dimen name="dp_433">404.13dp</dimen>
<dimen name="dp_434">405.07dp</dimen>
<dimen name="dp_435">406.00dp</dimen>
<dimen name="dp_436">406.93dp</dimen>
<dimen name="dp_437">407.87dp</dimen>
<dimen name="dp_438">408.80dp</dimen>
<dimen name="dp_439">409.73dp</dimen>
<dimen name="dp_440">410.67dp</dimen>
<dimen name="dp_441">411.60dp</dimen>
<dimen name="dp_442">412.53dp</dimen>
<dimen name="dp_443">413.47dp</dimen>
<dimen name="dp_444">414.40dp</dimen>
<dimen name="dp_445">415.33dp</dimen>
<dimen name="dp_446">416.27dp</dimen>
<dimen name="dp_447">417.20dp</dimen>
<dimen name="dp_448">418.13dp</dimen>
<dimen name="dp_449">419.07dp</dimen>
<dimen name="dp_450">420.00dp</dimen>
<dimen name="dp_451">420.93dp</dimen>
<dimen name="dp_452">421.87dp</dimen>
<dimen name="dp_453">422.80dp</dimen>
<dimen name="dp_454">423.73dp</dimen>
<dimen name="dp_455">424.67dp</dimen>
<dimen name="dp_456">425.60dp</dimen>
<dimen name="dp_457">426.53dp</dimen>
<dimen name="dp_458">427.47dp</dimen>
<dimen name="dp_459">428.40dp</dimen>
<dimen name="dp_460">429.33dp</dimen>
<dimen name="dp_461">430.27dp</dimen>
<dimen name="dp_462">431.20dp</dimen>
<dimen name="dp_463">432.13dp</dimen>
<dimen name="dp_464">433.07dp</dimen>
<dimen name="dp_465">434.00dp</dimen>
<dimen name="dp_466">434.93dp</dimen>
<dimen name="dp_467">435.87dp</dimen>
<dimen name="dp_468">436.80dp</dimen>
<dimen name="dp_469">437.73dp</dimen>
<dimen name="dp_470">438.67dp</dimen>
<dimen name="dp_471">439.60dp</dimen>
<dimen name="dp_472">440.53dp</dimen>
<dimen name="dp_473">441.47dp</dimen>
<dimen name="dp_474">442.40dp</dimen>
<dimen name="dp_475">443.33dp</dimen>
<dimen name="dp_476">444.27dp</dimen>
<dimen name="dp_477">445.20dp</dimen>
<dimen name="dp_478">446.13dp</dimen>
<dimen name="dp_479">447.07dp</dimen>
<dimen name="dp_480">448.00dp</dimen>
<dimen name="dp_481">448.93dp</dimen>
<dimen name="dp_482">449.87dp</dimen>
<dimen name="dp_483">450.80dp</dimen>
<dimen name="dp_484">451.73dp</dimen>
<dimen name="dp_485">452.67dp</dimen>
<dimen name="dp_486">453.60dp</dimen>
<dimen name="dp_487">454.53dp</dimen>
<dimen name="dp_488">455.47dp</dimen>
<dimen name="dp_489">456.40dp</dimen>
<dimen name="dp_490">457.33dp</dimen>
<dimen name="dp_491">458.27dp</dimen>
<dimen name="dp_492">459.20dp</dimen>
<dimen name="dp_493">460.13dp</dimen>
<dimen name="dp_494">461.07dp</dimen>
<dimen name="dp_495">462.00dp</dimen>
<dimen name="dp_496">462.93dp</dimen>
<dimen name="dp_497">463.87dp</dimen>
<dimen name="dp_498">464.80dp</dimen>
<dimen name="dp_499">465.73dp</dimen>
<dimen name="dp_500">466.67dp</dimen>
<dimen name="dp_501">467.60dp</dimen>
<dimen name="dp_502">468.53dp</dimen>
<dimen name="dp_503">469.47dp</dimen>
<dimen name="dp_504">470.40dp</dimen>
<dimen name="dp_505">471.33dp</dimen>
<dimen name="dp_506">472.27dp</dimen>
<dimen name="dp_507">473.20dp</dimen>
<dimen name="dp_508">474.13dp</dimen>
<dimen name="dp_509">475.07dp</dimen>
<dimen name="dp_510">476.00dp</dimen>
<dimen name="dp_511">476.93dp</dimen>
<dimen name="dp_512">477.87dp</dimen>
<dimen name="dp_513">478.80dp</dimen>
<dimen name="dp_514">479.73dp</dimen>
<dimen name="dp_515">480.67dp</dimen>
<dimen name="dp_516">481.60dp</dimen>
<dimen name="dp_517">482.53dp</dimen>
<dimen name="dp_518">483.47dp</dimen>
<dimen name="dp_519">484.40dp</dimen>
<dimen name="dp_520">485.33dp</dimen>
<dimen name="dp_521">486.27dp</dimen>
<dimen name="dp_522">487.20dp</dimen>
<dimen name="dp_523">488.13dp</dimen>
<dimen name="dp_524">489.07dp</dimen>
<dimen name="dp_525">490.00dp</dimen>
<dimen name="dp_526">490.93dp</dimen>
<dimen name="dp_527">491.87dp</dimen>
<dimen name="dp_528">492.80dp</dimen>
<dimen name="dp_529">493.73dp</dimen>
<dimen name="dp_530">494.67dp</dimen>
<dimen name="dp_531">495.60dp</dimen>
<dimen name="dp_532">496.53dp</dimen>
<dimen name="dp_533">497.47dp</dimen>
<dimen name="dp_534">498.40dp</dimen>
<dimen name="dp_535">499.33dp</dimen>
<dimen name="dp_536">500.27dp</dimen>
<dimen name="dp_537">501.20dp</dimen>
<dimen name="dp_538">502.13dp</dimen>
<dimen name="dp_539">503.07dp</dimen>
<dimen name="dp_540">504.00dp</dimen>
<dimen name="dp_541">504.93dp</dimen>
<dimen name="dp_542">505.87dp</dimen>
<dimen name="dp_543">506.80dp</dimen>
<dimen name="dp_544">507.73dp</dimen>
<dimen name="dp_545">508.67dp</dimen>
<dimen name="dp_546">509.60dp</dimen>
<dimen name="dp_547">510.53dp</dimen>
<dimen name="dp_548">511.47dp</dimen>
<dimen name="dp_549">512.40dp</dimen>
<dimen name="dp_550">513.33dp</dimen>
<dimen name="dp_551">514.27dp</dimen>
<dimen name="dp_552">515.20dp</dimen>
<dimen name="dp_553">516.13dp</dimen>
<dimen name="dp_554">517.07dp</dimen>
<dimen name="dp_555">518.00dp</dimen>
<dimen name="dp_556">518.93dp</dimen>
<dimen name="dp_557">519.87dp</dimen>
<dimen name="dp_558">520.80dp</dimen>
<dimen name="dp_559">521.73dp</dimen>
<dimen name="dp_560">522.67dp</dimen>
<dimen name="dp_561">523.60dp</dimen>
<dimen name="dp_562">524.53dp</dimen>
<dimen name="dp_563">525.47dp</dimen>
<dimen name="dp_564">526.40dp</dimen>
<dimen name="dp_565">527.33dp</dimen>
<dimen name="dp_566">528.27dp</dimen>
<dimen name="dp_567">529.20dp</dimen>
<dimen name="dp_568">530.13dp</dimen>
<dimen name="dp_569">531.07dp</dimen>
<dimen name="dp_570">532.00dp</dimen>
<dimen name="dp_571">532.93dp</dimen>
<dimen name="dp_572">533.87dp</dimen>
<dimen name="dp_573">534.80dp</dimen>
<dimen name="dp_574">535.73dp</dimen>
<dimen name="dp_575">536.67dp</dimen>
<dimen name="dp_576">537.60dp</dimen>
<dimen name="dp_577">538.53dp</dimen>
<dimen name="dp_578">539.47dp</dimen>
<dimen name="dp_579">540.40dp</dimen>
<dimen name="dp_580">541.33dp</dimen>
<dimen name="dp_581">542.27dp</dimen>
<dimen name="dp_582">543.20dp</dimen>
<dimen name="dp_583">544.13dp</dimen>
<dimen name="dp_584">545.07dp</dimen>
<dimen name="dp_585">546.00dp</dimen>
<dimen name="dp_586">546.93dp</dimen>
<dimen name="dp_587">547.87dp</dimen>
<dimen name="dp_588">548.80dp</dimen>
<dimen name="dp_589">549.73dp</dimen>
<dimen name="dp_590">550.67dp</dimen>
<dimen name="dp_591">551.60dp</dimen>
<dimen name="dp_592">552.53dp</dimen>
<dimen name="dp_593">553.47dp</dimen>
<dimen name="dp_594">554.40dp</dimen>
<dimen name="dp_595">555.33dp</dimen>
<dimen name="dp_596">556.27dp</dimen>
<dimen name="dp_597">557.20dp</dimen>
<dimen name="dp_598">558.13dp</dimen>
<dimen name="dp_599">559.07dp</dimen>
<dimen name="dp_600">560.00dp</dimen>
<dimen name="dp_601">560.93dp</dimen>
<dimen name="dp_602">561.87dp</dimen>
<dimen name="dp_603">562.80dp</dimen>
<dimen name="dp_604">563.73dp</dimen>
<dimen name="dp_605">564.67dp</dimen>
<dimen name="dp_606">565.60dp</dimen>
<dimen name="dp_607">566.53dp</dimen>
<dimen name="dp_608">567.47dp</dimen>
<dimen name="dp_609">568.40dp</dimen>
<dimen name="dp_610">569.33dp</dimen>
<dimen name="dp_611">570.27dp</dimen>
<dimen name="dp_612">571.20dp</dimen>
<dimen name="dp_613">572.13dp</dimen>
<dimen name="dp_614">573.07dp</dimen>
<dimen name="dp_615">574.00dp</dimen>
<dimen name="dp_616">574.93dp</dimen>
<dimen name="dp_617">575.87dp</dimen>
<dimen name="dp_618">576.80dp</dimen>
<dimen name="dp_619">577.73dp</dimen>
<dimen name="dp_620">578.67dp</dimen>
<dimen name="dp_621">579.60dp</dimen>
<dimen name="dp_622">580.53dp</dimen>
<dimen name="dp_623">581.47dp</dimen>
<dimen name="dp_624">582.40dp</dimen>
<dimen name="dp_625">583.33dp</dimen>
<dimen name="dp_626">584.27dp</dimen>
<dimen name="dp_627">585.20dp</dimen>
<dimen name="dp_628">586.13dp</dimen>
<dimen name="dp_629">587.07dp</dimen>
<dimen name="dp_630">588.00dp</dimen>
<dimen name="dp_631">588.93dp</dimen>
<dimen name="dp_632">589.87dp</dimen>
<dimen name="dp_633">590.80dp</dimen>
<dimen name="dp_634">591.73dp</dimen>
<dimen name="dp_635">592.67dp</dimen>
<dimen name="dp_636">593.60dp</dimen>
<dimen name="dp_637">594.53dp</dimen>
<dimen name="dp_638">595.47dp</dimen>
<dimen name="dp_639">596.40dp</dimen>
<dimen name="dp_640">597.33dp</dimen>
<dimen name="dp_641">598.27dp</dimen>
<dimen name="dp_642">599.20dp</dimen>
<dimen name="dp_643">600.13dp</dimen>
<dimen name="dp_644">601.07dp</dimen>
<dimen name="dp_645">602.00dp</dimen>
<dimen name="dp_646">602.93dp</dimen>
<dimen name="dp_647">603.87dp</dimen>
<dimen name="dp_648">604.80dp</dimen>
<dimen name="dp_649">605.73dp</dimen>
<dimen name="dp_650">606.67dp</dimen>
<dimen name="dp_651">607.60dp</dimen>
<dimen name="dp_652">608.53dp</dimen>
<dimen name="dp_653">609.47dp</dimen>
<dimen name="dp_654">610.40dp</dimen>
<dimen name="dp_655">611.33dp</dimen>
<dimen name="dp_656">612.27dp</dimen>
<dimen name="dp_657">613.20dp</dimen>
<dimen name="dp_658">614.13dp</dimen>
<dimen name="dp_659">615.07dp</dimen>
<dimen name="dp_660">616.00dp</dimen>
<dimen name="dp_661">616.93dp</dimen>
<dimen name="dp_662">617.87dp</dimen>
<dimen name="dp_663">618.80dp</dimen>
<dimen name="dp_664">619.73dp</dimen>
<dimen name="dp_665">620.67dp</dimen>
<dimen name="dp_666">621.60dp</dimen>
<dimen name="dp_667">622.53dp</dimen>
<dimen name="dp_668">623.47dp</dimen>
<dimen name="dp_669">624.40dp</dimen>
<dimen name="dp_670">625.33dp</dimen>
<dimen name="dp_671">626.27dp</dimen>
<dimen name="dp_672">627.20dp</dimen>
<dimen name="dp_673">628.13dp</dimen>
<dimen name="dp_674">629.07dp</dimen>
<dimen name="dp_675">630.00dp</dimen>
<dimen name="dp_676">630.93dp</dimen>
<dimen name="dp_677">631.87dp</dimen>
<dimen name="dp_678">632.80dp</dimen>
<dimen name="dp_679">633.73dp</dimen>
<dimen name="dp_680">634.67dp</dimen>
<dimen name="dp_681">635.60dp</dimen>
<dimen name="dp_682">636.53dp</dimen>
<dimen name="dp_683">637.47dp</dimen>
<dimen name="dp_684">638.40dp</dimen>
<dimen name="dp_685">639.33dp</dimen>
<dimen name="dp_686">640.27dp</dimen>
<dimen name="dp_687">641.20dp</dimen>
<dimen name="dp_688">642.13dp</dimen>
<dimen name="dp_689">643.07dp</dimen>
<dimen name="dp_690">644.00dp</dimen>
<dimen name="dp_691">644.93dp</dimen>
<dimen name="dp_692">645.87dp</dimen>
<dimen name="dp_693">646.80dp</dimen>
<dimen name="dp_694">647.73dp</dimen>
<dimen name="dp_695">648.67dp</dimen>
<dimen name="dp_696">649.60dp</dimen>
<dimen name="dp_697">650.53dp</dimen>
<dimen name="dp_698">651.47dp</dimen>
<dimen name="dp_699">652.40dp</dimen>
<dimen name="dp_700">653.33dp</dimen>
<dimen name="dp_701">654.27dp</dimen>
<dimen name="dp_702">655.20dp</dimen>
<dimen name="dp_703">656.13dp</dimen>
<dimen name="dp_704">657.07dp</dimen>
<dimen name="dp_705">658.00dp</dimen>
<dimen name="dp_706">658.93dp</dimen>
<dimen name="dp_707">659.87dp</dimen>
<dimen name="dp_708">660.80dp</dimen>
<dimen name="dp_709">661.73dp</dimen>
<dimen name="dp_710">662.67dp</dimen>
<dimen name="dp_711">663.60dp</dimen>
<dimen name="dp_712">664.53dp</dimen>
<dimen name="dp_713">665.47dp</dimen>
<dimen name="dp_714">666.40dp</dimen>
<dimen name="dp_715">667.33dp</dimen>
<dimen name="dp_716">668.27dp</dimen>
<dimen name="dp_717">669.20dp</dimen>
<dimen name="dp_718">670.13dp</dimen>
<dimen name="dp_719">671.07dp</dimen>
<dimen name="dp_720">672.00dp</dimen>
</resources>
