<?xml version="1.0" encoding="utf-8"?>
<resources>
<dimen name="base_dpi">320dp</dimen>
<dimen name="dp_0">0.00dp</dimen>
<dimen name="dp_1">0.85dp</dimen>
<dimen name="dp_2">1.71dp</dimen>
<dimen name="dp_3">2.56dp</dimen>
<dimen name="dp_4">3.41dp</dimen>
<dimen name="dp_5">4.27dp</dimen>
<dimen name="dp_6">5.12dp</dimen>
<dimen name="dp_7">5.97dp</dimen>
<dimen name="dp_8">6.83dp</dimen>
<dimen name="dp_9">7.68dp</dimen>
<dimen name="dp_10">8.53dp</dimen>
<dimen name="dp_11">9.39dp</dimen>
<dimen name="dp_12">10.24dp</dimen>
<dimen name="dp_13">11.09dp</dimen>
<dimen name="dp_14">11.95dp</dimen>
<dimen name="dp_15">12.80dp</dimen>
<dimen name="dp_16">13.65dp</dimen>
<dimen name="dp_17">14.51dp</dimen>
<dimen name="dp_18">15.36dp</dimen>
<dimen name="dp_19">16.21dp</dimen>
<dimen name="dp_20">17.07dp</dimen>
<dimen name="dp_21">17.92dp</dimen>
<dimen name="dp_22">18.77dp</dimen>
<dimen name="dp_23">19.63dp</dimen>
<dimen name="dp_24">20.48dp</dimen>
<dimen name="dp_25">21.33dp</dimen>
<dimen name="dp_26">22.19dp</dimen>
<dimen name="dp_27">23.04dp</dimen>
<dimen name="dp_28">23.89dp</dimen>
<dimen name="dp_29">24.75dp</dimen>
<dimen name="dp_30">25.60dp</dimen>
<dimen name="dp_31">26.45dp</dimen>
<dimen name="dp_32">27.31dp</dimen>
<dimen name="dp_33">28.16dp</dimen>
<dimen name="dp_34">29.01dp</dimen>
<dimen name="dp_35">29.87dp</dimen>
<dimen name="dp_36">30.72dp</dimen>
<dimen name="dp_37">31.57dp</dimen>
<dimen name="dp_38">32.43dp</dimen>
<dimen name="dp_39">33.28dp</dimen>
<dimen name="dp_40">34.13dp</dimen>
<dimen name="dp_41">34.99dp</dimen>
<dimen name="dp_42">35.84dp</dimen>
<dimen name="dp_43">36.69dp</dimen>
<dimen name="dp_44">37.55dp</dimen>
<dimen name="dp_45">38.40dp</dimen>
<dimen name="dp_46">39.25dp</dimen>
<dimen name="dp_47">40.11dp</dimen>
<dimen name="dp_48">40.96dp</dimen>
<dimen name="dp_49">41.81dp</dimen>
<dimen name="dp_50">42.67dp</dimen>
<dimen name="dp_51">43.52dp</dimen>
<dimen name="dp_52">44.37dp</dimen>
<dimen name="dp_53">45.23dp</dimen>
<dimen name="dp_54">46.08dp</dimen>
<dimen name="dp_55">46.93dp</dimen>
<dimen name="dp_56">47.79dp</dimen>
<dimen name="dp_57">48.64dp</dimen>
<dimen name="dp_58">49.49dp</dimen>
<dimen name="dp_59">50.35dp</dimen>
<dimen name="dp_60">51.20dp</dimen>
<dimen name="dp_61">52.05dp</dimen>
<dimen name="dp_62">52.91dp</dimen>
<dimen name="dp_63">53.76dp</dimen>
<dimen name="dp_64">54.61dp</dimen>
<dimen name="dp_65">55.47dp</dimen>
<dimen name="dp_66">56.32dp</dimen>
<dimen name="dp_67">57.17dp</dimen>
<dimen name="dp_68">58.03dp</dimen>
<dimen name="dp_69">58.88dp</dimen>
<dimen name="dp_70">59.73dp</dimen>
<dimen name="dp_71">60.59dp</dimen>
<dimen name="dp_72">61.44dp</dimen>
<dimen name="dp_73">62.29dp</dimen>
<dimen name="dp_74">63.15dp</dimen>
<dimen name="dp_75">64.00dp</dimen>
<dimen name="dp_76">64.85dp</dimen>
<dimen name="dp_77">65.71dp</dimen>
<dimen name="dp_78">66.56dp</dimen>
<dimen name="dp_79">67.41dp</dimen>
<dimen name="dp_80">68.27dp</dimen>
<dimen name="dp_81">69.12dp</dimen>
<dimen name="dp_82">69.97dp</dimen>
<dimen name="dp_83">70.83dp</dimen>
<dimen name="dp_84">71.68dp</dimen>
<dimen name="dp_85">72.53dp</dimen>
<dimen name="dp_86">73.39dp</dimen>
<dimen name="dp_87">74.24dp</dimen>
<dimen name="dp_88">75.09dp</dimen>
<dimen name="dp_89">75.95dp</dimen>
<dimen name="dp_90">76.80dp</dimen>
<dimen name="dp_91">77.65dp</dimen>
<dimen name="dp_92">78.51dp</dimen>
<dimen name="dp_93">79.36dp</dimen>
<dimen name="dp_94">80.21dp</dimen>
<dimen name="dp_95">81.07dp</dimen>
<dimen name="dp_96">81.92dp</dimen>
<dimen name="dp_97">82.77dp</dimen>
<dimen name="dp_98">83.63dp</dimen>
<dimen name="dp_99">84.48dp</dimen>
<dimen name="dp_100">85.33dp</dimen>
<dimen name="dp_101">86.19dp</dimen>
<dimen name="dp_102">87.04dp</dimen>
<dimen name="dp_103">87.89dp</dimen>
<dimen name="dp_104">88.75dp</dimen>
<dimen name="dp_105">89.60dp</dimen>
<dimen name="dp_106">90.45dp</dimen>
<dimen name="dp_107">91.31dp</dimen>
<dimen name="dp_108">92.16dp</dimen>
<dimen name="dp_109">93.01dp</dimen>
<dimen name="dp_110">93.87dp</dimen>
<dimen name="dp_111">94.72dp</dimen>
<dimen name="dp_112">95.57dp</dimen>
<dimen name="dp_113">96.43dp</dimen>
<dimen name="dp_114">97.28dp</dimen>
<dimen name="dp_115">98.13dp</dimen>
<dimen name="dp_116">98.99dp</dimen>
<dimen name="dp_117">99.84dp</dimen>
<dimen name="dp_118">100.69dp</dimen>
<dimen name="dp_119">101.55dp</dimen>
<dimen name="dp_120">102.40dp</dimen>
<dimen name="dp_121">103.25dp</dimen>
<dimen name="dp_122">104.11dp</dimen>
<dimen name="dp_123">104.96dp</dimen>
<dimen name="dp_124">105.81dp</dimen>
<dimen name="dp_125">106.67dp</dimen>
<dimen name="dp_126">107.52dp</dimen>
<dimen name="dp_127">108.37dp</dimen>
<dimen name="dp_128">109.23dp</dimen>
<dimen name="dp_129">110.08dp</dimen>
<dimen name="dp_130">110.93dp</dimen>
<dimen name="dp_131">111.79dp</dimen>
<dimen name="dp_132">112.64dp</dimen>
<dimen name="dp_133">113.49dp</dimen>
<dimen name="dp_134">114.35dp</dimen>
<dimen name="dp_135">115.20dp</dimen>
<dimen name="dp_136">116.05dp</dimen>
<dimen name="dp_137">116.91dp</dimen>
<dimen name="dp_138">117.76dp</dimen>
<dimen name="dp_139">118.61dp</dimen>
<dimen name="dp_140">119.47dp</dimen>
<dimen name="dp_141">120.32dp</dimen>
<dimen name="dp_142">121.17dp</dimen>
<dimen name="dp_143">122.03dp</dimen>
<dimen name="dp_144">122.88dp</dimen>
<dimen name="dp_145">123.73dp</dimen>
<dimen name="dp_146">124.59dp</dimen>
<dimen name="dp_147">125.44dp</dimen>
<dimen name="dp_148">126.29dp</dimen>
<dimen name="dp_149">127.15dp</dimen>
<dimen name="dp_150">128.00dp</dimen>
<dimen name="dp_151">128.85dp</dimen>
<dimen name="dp_152">129.71dp</dimen>
<dimen name="dp_153">130.56dp</dimen>
<dimen name="dp_154">131.41dp</dimen>
<dimen name="dp_155">132.27dp</dimen>
<dimen name="dp_156">133.12dp</dimen>
<dimen name="dp_157">133.97dp</dimen>
<dimen name="dp_158">134.83dp</dimen>
<dimen name="dp_159">135.68dp</dimen>
<dimen name="dp_160">136.53dp</dimen>
<dimen name="dp_161">137.39dp</dimen>
<dimen name="dp_162">138.24dp</dimen>
<dimen name="dp_163">139.09dp</dimen>
<dimen name="dp_164">139.95dp</dimen>
<dimen name="dp_165">140.80dp</dimen>
<dimen name="dp_166">141.65dp</dimen>
<dimen name="dp_167">142.51dp</dimen>
<dimen name="dp_168">143.36dp</dimen>
<dimen name="dp_169">144.21dp</dimen>
<dimen name="dp_170">145.07dp</dimen>
<dimen name="dp_171">145.92dp</dimen>
<dimen name="dp_172">146.77dp</dimen>
<dimen name="dp_173">147.63dp</dimen>
<dimen name="dp_174">148.48dp</dimen>
<dimen name="dp_175">149.33dp</dimen>
<dimen name="dp_176">150.19dp</dimen>
<dimen name="dp_177">151.04dp</dimen>
<dimen name="dp_178">151.89dp</dimen>
<dimen name="dp_179">152.75dp</dimen>
<dimen name="dp_180">153.60dp</dimen>
<dimen name="dp_181">154.45dp</dimen>
<dimen name="dp_182">155.31dp</dimen>
<dimen name="dp_183">156.16dp</dimen>
<dimen name="dp_184">157.01dp</dimen>
<dimen name="dp_185">157.87dp</dimen>
<dimen name="dp_186">158.72dp</dimen>
<dimen name="dp_187">159.57dp</dimen>
<dimen name="dp_188">160.43dp</dimen>
<dimen name="dp_189">161.28dp</dimen>
<dimen name="dp_190">162.13dp</dimen>
<dimen name="dp_191">162.99dp</dimen>
<dimen name="dp_192">163.84dp</dimen>
<dimen name="dp_193">164.69dp</dimen>
<dimen name="dp_194">165.55dp</dimen>
<dimen name="dp_195">166.40dp</dimen>
<dimen name="dp_196">167.25dp</dimen>
<dimen name="dp_197">168.11dp</dimen>
<dimen name="dp_198">168.96dp</dimen>
<dimen name="dp_199">169.81dp</dimen>
<dimen name="dp_200">170.67dp</dimen>
<dimen name="dp_201">171.52dp</dimen>
<dimen name="dp_202">172.37dp</dimen>
<dimen name="dp_203">173.23dp</dimen>
<dimen name="dp_204">174.08dp</dimen>
<dimen name="dp_205">174.93dp</dimen>
<dimen name="dp_206">175.79dp</dimen>
<dimen name="dp_207">176.64dp</dimen>
<dimen name="dp_208">177.49dp</dimen>
<dimen name="dp_209">178.35dp</dimen>
<dimen name="dp_210">179.20dp</dimen>
<dimen name="dp_211">180.05dp</dimen>
<dimen name="dp_212">180.91dp</dimen>
<dimen name="dp_213">181.76dp</dimen>
<dimen name="dp_214">182.61dp</dimen>
<dimen name="dp_215">183.47dp</dimen>
<dimen name="dp_216">184.32dp</dimen>
<dimen name="dp_217">185.17dp</dimen>
<dimen name="dp_218">186.03dp</dimen>
<dimen name="dp_219">186.88dp</dimen>
<dimen name="dp_220">187.73dp</dimen>
<dimen name="dp_221">188.59dp</dimen>
<dimen name="dp_222">189.44dp</dimen>
<dimen name="dp_223">190.29dp</dimen>
<dimen name="dp_224">191.15dp</dimen>
<dimen name="dp_225">192.00dp</dimen>
<dimen name="dp_226">192.85dp</dimen>
<dimen name="dp_227">193.71dp</dimen>
<dimen name="dp_228">194.56dp</dimen>
<dimen name="dp_229">195.41dp</dimen>
<dimen name="dp_230">196.27dp</dimen>
<dimen name="dp_231">197.12dp</dimen>
<dimen name="dp_232">197.97dp</dimen>
<dimen name="dp_233">198.83dp</dimen>
<dimen name="dp_234">199.68dp</dimen>
<dimen name="dp_235">200.53dp</dimen>
<dimen name="dp_236">201.39dp</dimen>
<dimen name="dp_237">202.24dp</dimen>
<dimen name="dp_238">203.09dp</dimen>
<dimen name="dp_239">203.95dp</dimen>
<dimen name="dp_240">204.80dp</dimen>
<dimen name="dp_241">205.65dp</dimen>
<dimen name="dp_242">206.51dp</dimen>
<dimen name="dp_243">207.36dp</dimen>
<dimen name="dp_244">208.21dp</dimen>
<dimen name="dp_245">209.07dp</dimen>
<dimen name="dp_246">209.92dp</dimen>
<dimen name="dp_247">210.77dp</dimen>
<dimen name="dp_248">211.63dp</dimen>
<dimen name="dp_249">212.48dp</dimen>
<dimen name="dp_250">213.33dp</dimen>
<dimen name="dp_251">214.19dp</dimen>
<dimen name="dp_252">215.04dp</dimen>
<dimen name="dp_253">215.89dp</dimen>
<dimen name="dp_254">216.75dp</dimen>
<dimen name="dp_255">217.60dp</dimen>
<dimen name="dp_256">218.45dp</dimen>
<dimen name="dp_257">219.31dp</dimen>
<dimen name="dp_258">220.16dp</dimen>
<dimen name="dp_259">221.01dp</dimen>
<dimen name="dp_260">221.87dp</dimen>
<dimen name="dp_261">222.72dp</dimen>
<dimen name="dp_262">223.57dp</dimen>
<dimen name="dp_263">224.43dp</dimen>
<dimen name="dp_264">225.28dp</dimen>
<dimen name="dp_265">226.13dp</dimen>
<dimen name="dp_266">226.99dp</dimen>
<dimen name="dp_267">227.84dp</dimen>
<dimen name="dp_268">228.69dp</dimen>
<dimen name="dp_269">229.55dp</dimen>
<dimen name="dp_270">230.40dp</dimen>
<dimen name="dp_271">231.25dp</dimen>
<dimen name="dp_272">232.11dp</dimen>
<dimen name="dp_273">232.96dp</dimen>
<dimen name="dp_274">233.81dp</dimen>
<dimen name="dp_275">234.67dp</dimen>
<dimen name="dp_276">235.52dp</dimen>
<dimen name="dp_277">236.37dp</dimen>
<dimen name="dp_278">237.23dp</dimen>
<dimen name="dp_279">238.08dp</dimen>
<dimen name="dp_280">238.93dp</dimen>
<dimen name="dp_281">239.79dp</dimen>
<dimen name="dp_282">240.64dp</dimen>
<dimen name="dp_283">241.49dp</dimen>
<dimen name="dp_284">242.35dp</dimen>
<dimen name="dp_285">243.20dp</dimen>
<dimen name="dp_286">244.05dp</dimen>
<dimen name="dp_287">244.91dp</dimen>
<dimen name="dp_288">245.76dp</dimen>
<dimen name="dp_289">246.61dp</dimen>
<dimen name="dp_290">247.47dp</dimen>
<dimen name="dp_291">248.32dp</dimen>
<dimen name="dp_292">249.17dp</dimen>
<dimen name="dp_293">250.03dp</dimen>
<dimen name="dp_294">250.88dp</dimen>
<dimen name="dp_295">251.73dp</dimen>
<dimen name="dp_296">252.59dp</dimen>
<dimen name="dp_297">253.44dp</dimen>
<dimen name="dp_298">254.29dp</dimen>
<dimen name="dp_299">255.15dp</dimen>
<dimen name="dp_300">256.00dp</dimen>
<dimen name="dp_301">256.85dp</dimen>
<dimen name="dp_302">257.71dp</dimen>
<dimen name="dp_303">258.56dp</dimen>
<dimen name="dp_304">259.41dp</dimen>
<dimen name="dp_305">260.27dp</dimen>
<dimen name="dp_306">261.12dp</dimen>
<dimen name="dp_307">261.97dp</dimen>
<dimen name="dp_308">262.83dp</dimen>
<dimen name="dp_309">263.68dp</dimen>
<dimen name="dp_310">264.53dp</dimen>
<dimen name="dp_311">265.39dp</dimen>
<dimen name="dp_312">266.24dp</dimen>
<dimen name="dp_313">267.09dp</dimen>
<dimen name="dp_314">267.95dp</dimen>
<dimen name="dp_315">268.80dp</dimen>
<dimen name="dp_316">269.65dp</dimen>
<dimen name="dp_317">270.51dp</dimen>
<dimen name="dp_318">271.36dp</dimen>
<dimen name="dp_319">272.21dp</dimen>
<dimen name="dp_320">273.07dp</dimen>
<dimen name="dp_321">273.92dp</dimen>
<dimen name="dp_322">274.77dp</dimen>
<dimen name="dp_323">275.63dp</dimen>
<dimen name="dp_324">276.48dp</dimen>
<dimen name="dp_325">277.33dp</dimen>
<dimen name="dp_326">278.19dp</dimen>
<dimen name="dp_327">279.04dp</dimen>
<dimen name="dp_328">279.89dp</dimen>
<dimen name="dp_329">280.75dp</dimen>
<dimen name="dp_330">281.60dp</dimen>
<dimen name="dp_331">282.45dp</dimen>
<dimen name="dp_332">283.31dp</dimen>
<dimen name="dp_333">284.16dp</dimen>
<dimen name="dp_334">285.01dp</dimen>
<dimen name="dp_335">285.87dp</dimen>
<dimen name="dp_336">286.72dp</dimen>
<dimen name="dp_337">287.57dp</dimen>
<dimen name="dp_338">288.43dp</dimen>
<dimen name="dp_339">289.28dp</dimen>
<dimen name="dp_340">290.13dp</dimen>
<dimen name="dp_341">290.99dp</dimen>
<dimen name="dp_342">291.84dp</dimen>
<dimen name="dp_343">292.69dp</dimen>
<dimen name="dp_344">293.55dp</dimen>
<dimen name="dp_345">294.40dp</dimen>
<dimen name="dp_346">295.25dp</dimen>
<dimen name="dp_347">296.11dp</dimen>
<dimen name="dp_348">296.96dp</dimen>
<dimen name="dp_349">297.81dp</dimen>
<dimen name="dp_350">298.67dp</dimen>
<dimen name="dp_351">299.52dp</dimen>
<dimen name="dp_352">300.37dp</dimen>
<dimen name="dp_353">301.23dp</dimen>
<dimen name="dp_354">302.08dp</dimen>
<dimen name="dp_355">302.93dp</dimen>
<dimen name="dp_356">303.79dp</dimen>
<dimen name="dp_357">304.64dp</dimen>
<dimen name="dp_358">305.49dp</dimen>
<dimen name="dp_359">306.35dp</dimen>
<dimen name="dp_360">307.20dp</dimen>
<dimen name="dp_361">308.05dp</dimen>
<dimen name="dp_362">308.91dp</dimen>
<dimen name="dp_363">309.76dp</dimen>
<dimen name="dp_364">310.61dp</dimen>
<dimen name="dp_365">311.47dp</dimen>
<dimen name="dp_366">312.32dp</dimen>
<dimen name="dp_367">313.17dp</dimen>
<dimen name="dp_368">314.03dp</dimen>
<dimen name="dp_369">314.88dp</dimen>
<dimen name="dp_370">315.73dp</dimen>
<dimen name="dp_371">316.59dp</dimen>
<dimen name="dp_372">317.44dp</dimen>
<dimen name="dp_373">318.29dp</dimen>
<dimen name="dp_374">319.15dp</dimen>
<dimen name="dp_375">320.00dp</dimen>
<dimen name="dp_376">320.85dp</dimen>
<dimen name="dp_377">321.71dp</dimen>
<dimen name="dp_378">322.56dp</dimen>
<dimen name="dp_379">323.41dp</dimen>
<dimen name="dp_380">324.27dp</dimen>
<dimen name="dp_381">325.12dp</dimen>
<dimen name="dp_382">325.97dp</dimen>
<dimen name="dp_383">326.83dp</dimen>
<dimen name="dp_384">327.68dp</dimen>
<dimen name="dp_385">328.53dp</dimen>
<dimen name="dp_386">329.39dp</dimen>
<dimen name="dp_387">330.24dp</dimen>
<dimen name="dp_388">331.09dp</dimen>
<dimen name="dp_389">331.95dp</dimen>
<dimen name="dp_390">332.80dp</dimen>
<dimen name="dp_391">333.65dp</dimen>
<dimen name="dp_392">334.51dp</dimen>
<dimen name="dp_393">335.36dp</dimen>
<dimen name="dp_394">336.21dp</dimen>
<dimen name="dp_395">337.07dp</dimen>
<dimen name="dp_396">337.92dp</dimen>
<dimen name="dp_397">338.77dp</dimen>
<dimen name="dp_398">339.63dp</dimen>
<dimen name="dp_399">340.48dp</dimen>
<dimen name="dp_400">341.33dp</dimen>
<dimen name="dp_401">342.19dp</dimen>
<dimen name="dp_402">343.04dp</dimen>
<dimen name="dp_403">343.89dp</dimen>
<dimen name="dp_404">344.75dp</dimen>
<dimen name="dp_405">345.60dp</dimen>
<dimen name="dp_406">346.45dp</dimen>
<dimen name="dp_407">347.31dp</dimen>
<dimen name="dp_408">348.16dp</dimen>
<dimen name="dp_409">349.01dp</dimen>
<dimen name="dp_410">349.87dp</dimen>
<dimen name="dp_411">350.72dp</dimen>
<dimen name="dp_412">351.57dp</dimen>
<dimen name="dp_413">352.43dp</dimen>
<dimen name="dp_414">353.28dp</dimen>
<dimen name="dp_415">354.13dp</dimen>
<dimen name="dp_416">354.99dp</dimen>
<dimen name="dp_417">355.84dp</dimen>
<dimen name="dp_418">356.69dp</dimen>
<dimen name="dp_419">357.55dp</dimen>
<dimen name="dp_420">358.40dp</dimen>
<dimen name="dp_421">359.25dp</dimen>
<dimen name="dp_422">360.11dp</dimen>
<dimen name="dp_423">360.96dp</dimen>
<dimen name="dp_424">361.81dp</dimen>
<dimen name="dp_425">362.67dp</dimen>
<dimen name="dp_426">363.52dp</dimen>
<dimen name="dp_427">364.37dp</dimen>
<dimen name="dp_428">365.23dp</dimen>
<dimen name="dp_429">366.08dp</dimen>
<dimen name="dp_430">366.93dp</dimen>
<dimen name="dp_431">367.79dp</dimen>
<dimen name="dp_432">368.64dp</dimen>
<dimen name="dp_433">369.49dp</dimen>
<dimen name="dp_434">370.35dp</dimen>
<dimen name="dp_435">371.20dp</dimen>
<dimen name="dp_436">372.05dp</dimen>
<dimen name="dp_437">372.91dp</dimen>
<dimen name="dp_438">373.76dp</dimen>
<dimen name="dp_439">374.61dp</dimen>
<dimen name="dp_440">375.47dp</dimen>
<dimen name="dp_441">376.32dp</dimen>
<dimen name="dp_442">377.17dp</dimen>
<dimen name="dp_443">378.03dp</dimen>
<dimen name="dp_444">378.88dp</dimen>
<dimen name="dp_445">379.73dp</dimen>
<dimen name="dp_446">380.59dp</dimen>
<dimen name="dp_447">381.44dp</dimen>
<dimen name="dp_448">382.29dp</dimen>
<dimen name="dp_449">383.15dp</dimen>
<dimen name="dp_450">384.00dp</dimen>
<dimen name="dp_451">384.85dp</dimen>
<dimen name="dp_452">385.71dp</dimen>
<dimen name="dp_453">386.56dp</dimen>
<dimen name="dp_454">387.41dp</dimen>
<dimen name="dp_455">388.27dp</dimen>
<dimen name="dp_456">389.12dp</dimen>
<dimen name="dp_457">389.97dp</dimen>
<dimen name="dp_458">390.83dp</dimen>
<dimen name="dp_459">391.68dp</dimen>
<dimen name="dp_460">392.53dp</dimen>
<dimen name="dp_461">393.39dp</dimen>
<dimen name="dp_462">394.24dp</dimen>
<dimen name="dp_463">395.09dp</dimen>
<dimen name="dp_464">395.95dp</dimen>
<dimen name="dp_465">396.80dp</dimen>
<dimen name="dp_466">397.65dp</dimen>
<dimen name="dp_467">398.51dp</dimen>
<dimen name="dp_468">399.36dp</dimen>
<dimen name="dp_469">400.21dp</dimen>
<dimen name="dp_470">401.07dp</dimen>
<dimen name="dp_471">401.92dp</dimen>
<dimen name="dp_472">402.77dp</dimen>
<dimen name="dp_473">403.63dp</dimen>
<dimen name="dp_474">404.48dp</dimen>
<dimen name="dp_475">405.33dp</dimen>
<dimen name="dp_476">406.19dp</dimen>
<dimen name="dp_477">407.04dp</dimen>
<dimen name="dp_478">407.89dp</dimen>
<dimen name="dp_479">408.75dp</dimen>
<dimen name="dp_480">409.60dp</dimen>
<dimen name="dp_481">410.45dp</dimen>
<dimen name="dp_482">411.31dp</dimen>
<dimen name="dp_483">412.16dp</dimen>
<dimen name="dp_484">413.01dp</dimen>
<dimen name="dp_485">413.87dp</dimen>
<dimen name="dp_486">414.72dp</dimen>
<dimen name="dp_487">415.57dp</dimen>
<dimen name="dp_488">416.43dp</dimen>
<dimen name="dp_489">417.28dp</dimen>
<dimen name="dp_490">418.13dp</dimen>
<dimen name="dp_491">418.99dp</dimen>
<dimen name="dp_492">419.84dp</dimen>
<dimen name="dp_493">420.69dp</dimen>
<dimen name="dp_494">421.55dp</dimen>
<dimen name="dp_495">422.40dp</dimen>
<dimen name="dp_496">423.25dp</dimen>
<dimen name="dp_497">424.11dp</dimen>
<dimen name="dp_498">424.96dp</dimen>
<dimen name="dp_499">425.81dp</dimen>
<dimen name="dp_500">426.67dp</dimen>
<dimen name="dp_501">427.52dp</dimen>
<dimen name="dp_502">428.37dp</dimen>
<dimen name="dp_503">429.23dp</dimen>
<dimen name="dp_504">430.08dp</dimen>
<dimen name="dp_505">430.93dp</dimen>
<dimen name="dp_506">431.79dp</dimen>
<dimen name="dp_507">432.64dp</dimen>
<dimen name="dp_508">433.49dp</dimen>
<dimen name="dp_509">434.35dp</dimen>
<dimen name="dp_510">435.20dp</dimen>
<dimen name="dp_511">436.05dp</dimen>
<dimen name="dp_512">436.91dp</dimen>
<dimen name="dp_513">437.76dp</dimen>
<dimen name="dp_514">438.61dp</dimen>
<dimen name="dp_515">439.47dp</dimen>
<dimen name="dp_516">440.32dp</dimen>
<dimen name="dp_517">441.17dp</dimen>
<dimen name="dp_518">442.03dp</dimen>
<dimen name="dp_519">442.88dp</dimen>
<dimen name="dp_520">443.73dp</dimen>
<dimen name="dp_521">444.59dp</dimen>
<dimen name="dp_522">445.44dp</dimen>
<dimen name="dp_523">446.29dp</dimen>
<dimen name="dp_524">447.15dp</dimen>
<dimen name="dp_525">448.00dp</dimen>
<dimen name="dp_526">448.85dp</dimen>
<dimen name="dp_527">449.71dp</dimen>
<dimen name="dp_528">450.56dp</dimen>
<dimen name="dp_529">451.41dp</dimen>
<dimen name="dp_530">452.27dp</dimen>
<dimen name="dp_531">453.12dp</dimen>
<dimen name="dp_532">453.97dp</dimen>
<dimen name="dp_533">454.83dp</dimen>
<dimen name="dp_534">455.68dp</dimen>
<dimen name="dp_535">456.53dp</dimen>
<dimen name="dp_536">457.39dp</dimen>
<dimen name="dp_537">458.24dp</dimen>
<dimen name="dp_538">459.09dp</dimen>
<dimen name="dp_539">459.95dp</dimen>
<dimen name="dp_540">460.80dp</dimen>
<dimen name="dp_541">461.65dp</dimen>
<dimen name="dp_542">462.51dp</dimen>
<dimen name="dp_543">463.36dp</dimen>
<dimen name="dp_544">464.21dp</dimen>
<dimen name="dp_545">465.07dp</dimen>
<dimen name="dp_546">465.92dp</dimen>
<dimen name="dp_547">466.77dp</dimen>
<dimen name="dp_548">467.63dp</dimen>
<dimen name="dp_549">468.48dp</dimen>
<dimen name="dp_550">469.33dp</dimen>
<dimen name="dp_551">470.19dp</dimen>
<dimen name="dp_552">471.04dp</dimen>
<dimen name="dp_553">471.89dp</dimen>
<dimen name="dp_554">472.75dp</dimen>
<dimen name="dp_555">473.60dp</dimen>
<dimen name="dp_556">474.45dp</dimen>
<dimen name="dp_557">475.31dp</dimen>
<dimen name="dp_558">476.16dp</dimen>
<dimen name="dp_559">477.01dp</dimen>
<dimen name="dp_560">477.87dp</dimen>
<dimen name="dp_561">478.72dp</dimen>
<dimen name="dp_562">479.57dp</dimen>
<dimen name="dp_563">480.43dp</dimen>
<dimen name="dp_564">481.28dp</dimen>
<dimen name="dp_565">482.13dp</dimen>
<dimen name="dp_566">482.99dp</dimen>
<dimen name="dp_567">483.84dp</dimen>
<dimen name="dp_568">484.69dp</dimen>
<dimen name="dp_569">485.55dp</dimen>
<dimen name="dp_570">486.40dp</dimen>
<dimen name="dp_571">487.25dp</dimen>
<dimen name="dp_572">488.11dp</dimen>
<dimen name="dp_573">488.96dp</dimen>
<dimen name="dp_574">489.81dp</dimen>
<dimen name="dp_575">490.67dp</dimen>
<dimen name="dp_576">491.52dp</dimen>
<dimen name="dp_577">492.37dp</dimen>
<dimen name="dp_578">493.23dp</dimen>
<dimen name="dp_579">494.08dp</dimen>
<dimen name="dp_580">494.93dp</dimen>
<dimen name="dp_581">495.79dp</dimen>
<dimen name="dp_582">496.64dp</dimen>
<dimen name="dp_583">497.49dp</dimen>
<dimen name="dp_584">498.35dp</dimen>
<dimen name="dp_585">499.20dp</dimen>
<dimen name="dp_586">500.05dp</dimen>
<dimen name="dp_587">500.91dp</dimen>
<dimen name="dp_588">501.76dp</dimen>
<dimen name="dp_589">502.61dp</dimen>
<dimen name="dp_590">503.47dp</dimen>
<dimen name="dp_591">504.32dp</dimen>
<dimen name="dp_592">505.17dp</dimen>
<dimen name="dp_593">506.03dp</dimen>
<dimen name="dp_594">506.88dp</dimen>
<dimen name="dp_595">507.73dp</dimen>
<dimen name="dp_596">508.59dp</dimen>
<dimen name="dp_597">509.44dp</dimen>
<dimen name="dp_598">510.29dp</dimen>
<dimen name="dp_599">511.15dp</dimen>
<dimen name="dp_600">512.00dp</dimen>
<dimen name="dp_601">512.85dp</dimen>
<dimen name="dp_602">513.71dp</dimen>
<dimen name="dp_603">514.56dp</dimen>
<dimen name="dp_604">515.41dp</dimen>
<dimen name="dp_605">516.27dp</dimen>
<dimen name="dp_606">517.12dp</dimen>
<dimen name="dp_607">517.97dp</dimen>
<dimen name="dp_608">518.83dp</dimen>
<dimen name="dp_609">519.68dp</dimen>
<dimen name="dp_610">520.53dp</dimen>
<dimen name="dp_611">521.39dp</dimen>
<dimen name="dp_612">522.24dp</dimen>
<dimen name="dp_613">523.09dp</dimen>
<dimen name="dp_614">523.95dp</dimen>
<dimen name="dp_615">524.80dp</dimen>
<dimen name="dp_616">525.65dp</dimen>
<dimen name="dp_617">526.51dp</dimen>
<dimen name="dp_618">527.36dp</dimen>
<dimen name="dp_619">528.21dp</dimen>
<dimen name="dp_620">529.07dp</dimen>
<dimen name="dp_621">529.92dp</dimen>
<dimen name="dp_622">530.77dp</dimen>
<dimen name="dp_623">531.63dp</dimen>
<dimen name="dp_624">532.48dp</dimen>
<dimen name="dp_625">533.33dp</dimen>
<dimen name="dp_626">534.19dp</dimen>
<dimen name="dp_627">535.04dp</dimen>
<dimen name="dp_628">535.89dp</dimen>
<dimen name="dp_629">536.75dp</dimen>
<dimen name="dp_630">537.60dp</dimen>
<dimen name="dp_631">538.45dp</dimen>
<dimen name="dp_632">539.31dp</dimen>
<dimen name="dp_633">540.16dp</dimen>
<dimen name="dp_634">541.01dp</dimen>
<dimen name="dp_635">541.87dp</dimen>
<dimen name="dp_636">542.72dp</dimen>
<dimen name="dp_637">543.57dp</dimen>
<dimen name="dp_638">544.43dp</dimen>
<dimen name="dp_639">545.28dp</dimen>
<dimen name="dp_640">546.13dp</dimen>
<dimen name="dp_641">546.99dp</dimen>
<dimen name="dp_642">547.84dp</dimen>
<dimen name="dp_643">548.69dp</dimen>
<dimen name="dp_644">549.55dp</dimen>
<dimen name="dp_645">550.40dp</dimen>
<dimen name="dp_646">551.25dp</dimen>
<dimen name="dp_647">552.11dp</dimen>
<dimen name="dp_648">552.96dp</dimen>
<dimen name="dp_649">553.81dp</dimen>
<dimen name="dp_650">554.67dp</dimen>
<dimen name="dp_651">555.52dp</dimen>
<dimen name="dp_652">556.37dp</dimen>
<dimen name="dp_653">557.23dp</dimen>
<dimen name="dp_654">558.08dp</dimen>
<dimen name="dp_655">558.93dp</dimen>
<dimen name="dp_656">559.79dp</dimen>
<dimen name="dp_657">560.64dp</dimen>
<dimen name="dp_658">561.49dp</dimen>
<dimen name="dp_659">562.35dp</dimen>
<dimen name="dp_660">563.20dp</dimen>
<dimen name="dp_661">564.05dp</dimen>
<dimen name="dp_662">564.91dp</dimen>
<dimen name="dp_663">565.76dp</dimen>
<dimen name="dp_664">566.61dp</dimen>
<dimen name="dp_665">567.47dp</dimen>
<dimen name="dp_666">568.32dp</dimen>
<dimen name="dp_667">569.17dp</dimen>
<dimen name="dp_668">570.03dp</dimen>
<dimen name="dp_669">570.88dp</dimen>
<dimen name="dp_670">571.73dp</dimen>
<dimen name="dp_671">572.59dp</dimen>
<dimen name="dp_672">573.44dp</dimen>
<dimen name="dp_673">574.29dp</dimen>
<dimen name="dp_674">575.15dp</dimen>
<dimen name="dp_675">576.00dp</dimen>
<dimen name="dp_676">576.85dp</dimen>
<dimen name="dp_677">577.71dp</dimen>
<dimen name="dp_678">578.56dp</dimen>
<dimen name="dp_679">579.41dp</dimen>
<dimen name="dp_680">580.27dp</dimen>
<dimen name="dp_681">581.12dp</dimen>
<dimen name="dp_682">581.97dp</dimen>
<dimen name="dp_683">582.83dp</dimen>
<dimen name="dp_684">583.68dp</dimen>
<dimen name="dp_685">584.53dp</dimen>
<dimen name="dp_686">585.39dp</dimen>
<dimen name="dp_687">586.24dp</dimen>
<dimen name="dp_688">587.09dp</dimen>
<dimen name="dp_689">587.95dp</dimen>
<dimen name="dp_690">588.80dp</dimen>
<dimen name="dp_691">589.65dp</dimen>
<dimen name="dp_692">590.51dp</dimen>
<dimen name="dp_693">591.36dp</dimen>
<dimen name="dp_694">592.21dp</dimen>
<dimen name="dp_695">593.07dp</dimen>
<dimen name="dp_696">593.92dp</dimen>
<dimen name="dp_697">594.77dp</dimen>
<dimen name="dp_698">595.63dp</dimen>
<dimen name="dp_699">596.48dp</dimen>
<dimen name="dp_700">597.33dp</dimen>
<dimen name="dp_701">598.19dp</dimen>
<dimen name="dp_702">599.04dp</dimen>
<dimen name="dp_703">599.89dp</dimen>
<dimen name="dp_704">600.75dp</dimen>
<dimen name="dp_705">601.60dp</dimen>
<dimen name="dp_706">602.45dp</dimen>
<dimen name="dp_707">603.31dp</dimen>
<dimen name="dp_708">604.16dp</dimen>
<dimen name="dp_709">605.01dp</dimen>
<dimen name="dp_710">605.87dp</dimen>
<dimen name="dp_711">606.72dp</dimen>
<dimen name="dp_712">607.57dp</dimen>
<dimen name="dp_713">608.43dp</dimen>
<dimen name="dp_714">609.28dp</dimen>
<dimen name="dp_715">610.13dp</dimen>
<dimen name="dp_716">610.99dp</dimen>
<dimen name="dp_717">611.84dp</dimen>
<dimen name="dp_718">612.69dp</dimen>
<dimen name="dp_719">613.55dp</dimen>
<dimen name="dp_720">614.40dp</dimen>
</resources>
