<?xml version="1.0" encoding="utf-8"?>
<resources>
<dimen name="base_dpi">330dp</dimen>
<dimen name="dp_0">0.00dp</dimen>
<dimen name="dp_1">0.88dp</dimen>
<dimen name="dp_2">1.76dp</dimen>
<dimen name="dp_3">2.64dp</dimen>
<dimen name="dp_4">3.52dp</dimen>
<dimen name="dp_5">4.40dp</dimen>
<dimen name="dp_6">5.28dp</dimen>
<dimen name="dp_7">6.16dp</dimen>
<dimen name="dp_8">7.04dp</dimen>
<dimen name="dp_9">7.92dp</dimen>
<dimen name="dp_10">8.80dp</dimen>
<dimen name="dp_11">9.68dp</dimen>
<dimen name="dp_12">10.56dp</dimen>
<dimen name="dp_13">11.44dp</dimen>
<dimen name="dp_14">12.32dp</dimen>
<dimen name="dp_15">13.20dp</dimen>
<dimen name="dp_16">14.08dp</dimen>
<dimen name="dp_17">14.96dp</dimen>
<dimen name="dp_18">15.84dp</dimen>
<dimen name="dp_19">16.72dp</dimen>
<dimen name="dp_20">17.60dp</dimen>
<dimen name="dp_21">18.48dp</dimen>
<dimen name="dp_22">19.36dp</dimen>
<dimen name="dp_23">20.24dp</dimen>
<dimen name="dp_24">21.12dp</dimen>
<dimen name="dp_25">22.00dp</dimen>
<dimen name="dp_26">22.88dp</dimen>
<dimen name="dp_27">23.76dp</dimen>
<dimen name="dp_28">24.64dp</dimen>
<dimen name="dp_29">25.52dp</dimen>
<dimen name="dp_30">26.40dp</dimen>
<dimen name="dp_31">27.28dp</dimen>
<dimen name="dp_32">28.16dp</dimen>
<dimen name="dp_33">29.04dp</dimen>
<dimen name="dp_34">29.92dp</dimen>
<dimen name="dp_35">30.80dp</dimen>
<dimen name="dp_36">31.68dp</dimen>
<dimen name="dp_37">32.56dp</dimen>
<dimen name="dp_38">33.44dp</dimen>
<dimen name="dp_39">34.32dp</dimen>
<dimen name="dp_40">35.20dp</dimen>
<dimen name="dp_41">36.08dp</dimen>
<dimen name="dp_42">36.96dp</dimen>
<dimen name="dp_43">37.84dp</dimen>
<dimen name="dp_44">38.72dp</dimen>
<dimen name="dp_45">39.60dp</dimen>
<dimen name="dp_46">40.48dp</dimen>
<dimen name="dp_47">41.36dp</dimen>
<dimen name="dp_48">42.24dp</dimen>
<dimen name="dp_49">43.12dp</dimen>
<dimen name="dp_50">44.00dp</dimen>
<dimen name="dp_51">44.88dp</dimen>
<dimen name="dp_52">45.76dp</dimen>
<dimen name="dp_53">46.64dp</dimen>
<dimen name="dp_54">47.52dp</dimen>
<dimen name="dp_55">48.40dp</dimen>
<dimen name="dp_56">49.28dp</dimen>
<dimen name="dp_57">50.16dp</dimen>
<dimen name="dp_58">51.04dp</dimen>
<dimen name="dp_59">51.92dp</dimen>
<dimen name="dp_60">52.80dp</dimen>
<dimen name="dp_61">53.68dp</dimen>
<dimen name="dp_62">54.56dp</dimen>
<dimen name="dp_63">55.44dp</dimen>
<dimen name="dp_64">56.32dp</dimen>
<dimen name="dp_65">57.20dp</dimen>
<dimen name="dp_66">58.08dp</dimen>
<dimen name="dp_67">58.96dp</dimen>
<dimen name="dp_68">59.84dp</dimen>
<dimen name="dp_69">60.72dp</dimen>
<dimen name="dp_70">61.60dp</dimen>
<dimen name="dp_71">62.48dp</dimen>
<dimen name="dp_72">63.36dp</dimen>
<dimen name="dp_73">64.24dp</dimen>
<dimen name="dp_74">65.12dp</dimen>
<dimen name="dp_75">66.00dp</dimen>
<dimen name="dp_76">66.88dp</dimen>
<dimen name="dp_77">67.76dp</dimen>
<dimen name="dp_78">68.64dp</dimen>
<dimen name="dp_79">69.52dp</dimen>
<dimen name="dp_80">70.40dp</dimen>
<dimen name="dp_81">71.28dp</dimen>
<dimen name="dp_82">72.16dp</dimen>
<dimen name="dp_83">73.04dp</dimen>
<dimen name="dp_84">73.92dp</dimen>
<dimen name="dp_85">74.80dp</dimen>
<dimen name="dp_86">75.68dp</dimen>
<dimen name="dp_87">76.56dp</dimen>
<dimen name="dp_88">77.44dp</dimen>
<dimen name="dp_89">78.32dp</dimen>
<dimen name="dp_90">79.20dp</dimen>
<dimen name="dp_91">80.08dp</dimen>
<dimen name="dp_92">80.96dp</dimen>
<dimen name="dp_93">81.84dp</dimen>
<dimen name="dp_94">82.72dp</dimen>
<dimen name="dp_95">83.60dp</dimen>
<dimen name="dp_96">84.48dp</dimen>
<dimen name="dp_97">85.36dp</dimen>
<dimen name="dp_98">86.24dp</dimen>
<dimen name="dp_99">87.12dp</dimen>
<dimen name="dp_100">88.00dp</dimen>
<dimen name="dp_101">88.88dp</dimen>
<dimen name="dp_102">89.76dp</dimen>
<dimen name="dp_103">90.64dp</dimen>
<dimen name="dp_104">91.52dp</dimen>
<dimen name="dp_105">92.40dp</dimen>
<dimen name="dp_106">93.28dp</dimen>
<dimen name="dp_107">94.16dp</dimen>
<dimen name="dp_108">95.04dp</dimen>
<dimen name="dp_109">95.92dp</dimen>
<dimen name="dp_110">96.80dp</dimen>
<dimen name="dp_111">97.68dp</dimen>
<dimen name="dp_112">98.56dp</dimen>
<dimen name="dp_113">99.44dp</dimen>
<dimen name="dp_114">100.32dp</dimen>
<dimen name="dp_115">101.20dp</dimen>
<dimen name="dp_116">102.08dp</dimen>
<dimen name="dp_117">102.96dp</dimen>
<dimen name="dp_118">103.84dp</dimen>
<dimen name="dp_119">104.72dp</dimen>
<dimen name="dp_120">105.60dp</dimen>
<dimen name="dp_121">106.48dp</dimen>
<dimen name="dp_122">107.36dp</dimen>
<dimen name="dp_123">108.24dp</dimen>
<dimen name="dp_124">109.12dp</dimen>
<dimen name="dp_125">110.00dp</dimen>
<dimen name="dp_126">110.88dp</dimen>
<dimen name="dp_127">111.76dp</dimen>
<dimen name="dp_128">112.64dp</dimen>
<dimen name="dp_129">113.52dp</dimen>
<dimen name="dp_130">114.40dp</dimen>
<dimen name="dp_131">115.28dp</dimen>
<dimen name="dp_132">116.16dp</dimen>
<dimen name="dp_133">117.04dp</dimen>
<dimen name="dp_134">117.92dp</dimen>
<dimen name="dp_135">118.80dp</dimen>
<dimen name="dp_136">119.68dp</dimen>
<dimen name="dp_137">120.56dp</dimen>
<dimen name="dp_138">121.44dp</dimen>
<dimen name="dp_139">122.32dp</dimen>
<dimen name="dp_140">123.20dp</dimen>
<dimen name="dp_141">124.08dp</dimen>
<dimen name="dp_142">124.96dp</dimen>
<dimen name="dp_143">125.84dp</dimen>
<dimen name="dp_144">126.72dp</dimen>
<dimen name="dp_145">127.60dp</dimen>
<dimen name="dp_146">128.48dp</dimen>
<dimen name="dp_147">129.36dp</dimen>
<dimen name="dp_148">130.24dp</dimen>
<dimen name="dp_149">131.12dp</dimen>
<dimen name="dp_150">132.00dp</dimen>
<dimen name="dp_151">132.88dp</dimen>
<dimen name="dp_152">133.76dp</dimen>
<dimen name="dp_153">134.64dp</dimen>
<dimen name="dp_154">135.52dp</dimen>
<dimen name="dp_155">136.40dp</dimen>
<dimen name="dp_156">137.28dp</dimen>
<dimen name="dp_157">138.16dp</dimen>
<dimen name="dp_158">139.04dp</dimen>
<dimen name="dp_159">139.92dp</dimen>
<dimen name="dp_160">140.80dp</dimen>
<dimen name="dp_161">141.68dp</dimen>
<dimen name="dp_162">142.56dp</dimen>
<dimen name="dp_163">143.44dp</dimen>
<dimen name="dp_164">144.32dp</dimen>
<dimen name="dp_165">145.20dp</dimen>
<dimen name="dp_166">146.08dp</dimen>
<dimen name="dp_167">146.96dp</dimen>
<dimen name="dp_168">147.84dp</dimen>
<dimen name="dp_169">148.72dp</dimen>
<dimen name="dp_170">149.60dp</dimen>
<dimen name="dp_171">150.48dp</dimen>
<dimen name="dp_172">151.36dp</dimen>
<dimen name="dp_173">152.24dp</dimen>
<dimen name="dp_174">153.12dp</dimen>
<dimen name="dp_175">154.00dp</dimen>
<dimen name="dp_176">154.88dp</dimen>
<dimen name="dp_177">155.76dp</dimen>
<dimen name="dp_178">156.64dp</dimen>
<dimen name="dp_179">157.52dp</dimen>
<dimen name="dp_180">158.40dp</dimen>
<dimen name="dp_181">159.28dp</dimen>
<dimen name="dp_182">160.16dp</dimen>
<dimen name="dp_183">161.04dp</dimen>
<dimen name="dp_184">161.92dp</dimen>
<dimen name="dp_185">162.80dp</dimen>
<dimen name="dp_186">163.68dp</dimen>
<dimen name="dp_187">164.56dp</dimen>
<dimen name="dp_188">165.44dp</dimen>
<dimen name="dp_189">166.32dp</dimen>
<dimen name="dp_190">167.20dp</dimen>
<dimen name="dp_191">168.08dp</dimen>
<dimen name="dp_192">168.96dp</dimen>
<dimen name="dp_193">169.84dp</dimen>
<dimen name="dp_194">170.72dp</dimen>
<dimen name="dp_195">171.60dp</dimen>
<dimen name="dp_196">172.48dp</dimen>
<dimen name="dp_197">173.36dp</dimen>
<dimen name="dp_198">174.24dp</dimen>
<dimen name="dp_199">175.12dp</dimen>
<dimen name="dp_200">176.00dp</dimen>
<dimen name="dp_201">176.88dp</dimen>
<dimen name="dp_202">177.76dp</dimen>
<dimen name="dp_203">178.64dp</dimen>
<dimen name="dp_204">179.52dp</dimen>
<dimen name="dp_205">180.40dp</dimen>
<dimen name="dp_206">181.28dp</dimen>
<dimen name="dp_207">182.16dp</dimen>
<dimen name="dp_208">183.04dp</dimen>
<dimen name="dp_209">183.92dp</dimen>
<dimen name="dp_210">184.80dp</dimen>
<dimen name="dp_211">185.68dp</dimen>
<dimen name="dp_212">186.56dp</dimen>
<dimen name="dp_213">187.44dp</dimen>
<dimen name="dp_214">188.32dp</dimen>
<dimen name="dp_215">189.20dp</dimen>
<dimen name="dp_216">190.08dp</dimen>
<dimen name="dp_217">190.96dp</dimen>
<dimen name="dp_218">191.84dp</dimen>
<dimen name="dp_219">192.72dp</dimen>
<dimen name="dp_220">193.60dp</dimen>
<dimen name="dp_221">194.48dp</dimen>
<dimen name="dp_222">195.36dp</dimen>
<dimen name="dp_223">196.24dp</dimen>
<dimen name="dp_224">197.12dp</dimen>
<dimen name="dp_225">198.00dp</dimen>
<dimen name="dp_226">198.88dp</dimen>
<dimen name="dp_227">199.76dp</dimen>
<dimen name="dp_228">200.64dp</dimen>
<dimen name="dp_229">201.52dp</dimen>
<dimen name="dp_230">202.40dp</dimen>
<dimen name="dp_231">203.28dp</dimen>
<dimen name="dp_232">204.16dp</dimen>
<dimen name="dp_233">205.04dp</dimen>
<dimen name="dp_234">205.92dp</dimen>
<dimen name="dp_235">206.80dp</dimen>
<dimen name="dp_236">207.68dp</dimen>
<dimen name="dp_237">208.56dp</dimen>
<dimen name="dp_238">209.44dp</dimen>
<dimen name="dp_239">210.32dp</dimen>
<dimen name="dp_240">211.20dp</dimen>
<dimen name="dp_241">212.08dp</dimen>
<dimen name="dp_242">212.96dp</dimen>
<dimen name="dp_243">213.84dp</dimen>
<dimen name="dp_244">214.72dp</dimen>
<dimen name="dp_245">215.60dp</dimen>
<dimen name="dp_246">216.48dp</dimen>
<dimen name="dp_247">217.36dp</dimen>
<dimen name="dp_248">218.24dp</dimen>
<dimen name="dp_249">219.12dp</dimen>
<dimen name="dp_250">220.00dp</dimen>
<dimen name="dp_251">220.88dp</dimen>
<dimen name="dp_252">221.76dp</dimen>
<dimen name="dp_253">222.64dp</dimen>
<dimen name="dp_254">223.52dp</dimen>
<dimen name="dp_255">224.40dp</dimen>
<dimen name="dp_256">225.28dp</dimen>
<dimen name="dp_257">226.16dp</dimen>
<dimen name="dp_258">227.04dp</dimen>
<dimen name="dp_259">227.92dp</dimen>
<dimen name="dp_260">228.80dp</dimen>
<dimen name="dp_261">229.68dp</dimen>
<dimen name="dp_262">230.56dp</dimen>
<dimen name="dp_263">231.44dp</dimen>
<dimen name="dp_264">232.32dp</dimen>
<dimen name="dp_265">233.20dp</dimen>
<dimen name="dp_266">234.08dp</dimen>
<dimen name="dp_267">234.96dp</dimen>
<dimen name="dp_268">235.84dp</dimen>
<dimen name="dp_269">236.72dp</dimen>
<dimen name="dp_270">237.60dp</dimen>
<dimen name="dp_271">238.48dp</dimen>
<dimen name="dp_272">239.36dp</dimen>
<dimen name="dp_273">240.24dp</dimen>
<dimen name="dp_274">241.12dp</dimen>
<dimen name="dp_275">242.00dp</dimen>
<dimen name="dp_276">242.88dp</dimen>
<dimen name="dp_277">243.76dp</dimen>
<dimen name="dp_278">244.64dp</dimen>
<dimen name="dp_279">245.52dp</dimen>
<dimen name="dp_280">246.40dp</dimen>
<dimen name="dp_281">247.28dp</dimen>
<dimen name="dp_282">248.16dp</dimen>
<dimen name="dp_283">249.04dp</dimen>
<dimen name="dp_284">249.92dp</dimen>
<dimen name="dp_285">250.80dp</dimen>
<dimen name="dp_286">251.68dp</dimen>
<dimen name="dp_287">252.56dp</dimen>
<dimen name="dp_288">253.44dp</dimen>
<dimen name="dp_289">254.32dp</dimen>
<dimen name="dp_290">255.20dp</dimen>
<dimen name="dp_291">256.08dp</dimen>
<dimen name="dp_292">256.96dp</dimen>
<dimen name="dp_293">257.84dp</dimen>
<dimen name="dp_294">258.72dp</dimen>
<dimen name="dp_295">259.60dp</dimen>
<dimen name="dp_296">260.48dp</dimen>
<dimen name="dp_297">261.36dp</dimen>
<dimen name="dp_298">262.24dp</dimen>
<dimen name="dp_299">263.12dp</dimen>
<dimen name="dp_300">264.00dp</dimen>
<dimen name="dp_301">264.88dp</dimen>
<dimen name="dp_302">265.76dp</dimen>
<dimen name="dp_303">266.64dp</dimen>
<dimen name="dp_304">267.52dp</dimen>
<dimen name="dp_305">268.40dp</dimen>
<dimen name="dp_306">269.28dp</dimen>
<dimen name="dp_307">270.16dp</dimen>
<dimen name="dp_308">271.04dp</dimen>
<dimen name="dp_309">271.92dp</dimen>
<dimen name="dp_310">272.80dp</dimen>
<dimen name="dp_311">273.68dp</dimen>
<dimen name="dp_312">274.56dp</dimen>
<dimen name="dp_313">275.44dp</dimen>
<dimen name="dp_314">276.32dp</dimen>
<dimen name="dp_315">277.20dp</dimen>
<dimen name="dp_316">278.08dp</dimen>
<dimen name="dp_317">278.96dp</dimen>
<dimen name="dp_318">279.84dp</dimen>
<dimen name="dp_319">280.72dp</dimen>
<dimen name="dp_320">281.60dp</dimen>
<dimen name="dp_321">282.48dp</dimen>
<dimen name="dp_322">283.36dp</dimen>
<dimen name="dp_323">284.24dp</dimen>
<dimen name="dp_324">285.12dp</dimen>
<dimen name="dp_325">286.00dp</dimen>
<dimen name="dp_326">286.88dp</dimen>
<dimen name="dp_327">287.76dp</dimen>
<dimen name="dp_328">288.64dp</dimen>
<dimen name="dp_329">289.52dp</dimen>
<dimen name="dp_330">290.40dp</dimen>
<dimen name="dp_331">291.28dp</dimen>
<dimen name="dp_332">292.16dp</dimen>
<dimen name="dp_333">293.04dp</dimen>
<dimen name="dp_334">293.92dp</dimen>
<dimen name="dp_335">294.80dp</dimen>
<dimen name="dp_336">295.68dp</dimen>
<dimen name="dp_337">296.56dp</dimen>
<dimen name="dp_338">297.44dp</dimen>
<dimen name="dp_339">298.32dp</dimen>
<dimen name="dp_340">299.20dp</dimen>
<dimen name="dp_341">300.08dp</dimen>
<dimen name="dp_342">300.96dp</dimen>
<dimen name="dp_343">301.84dp</dimen>
<dimen name="dp_344">302.72dp</dimen>
<dimen name="dp_345">303.60dp</dimen>
<dimen name="dp_346">304.48dp</dimen>
<dimen name="dp_347">305.36dp</dimen>
<dimen name="dp_348">306.24dp</dimen>
<dimen name="dp_349">307.12dp</dimen>
<dimen name="dp_350">308.00dp</dimen>
<dimen name="dp_351">308.88dp</dimen>
<dimen name="dp_352">309.76dp</dimen>
<dimen name="dp_353">310.64dp</dimen>
<dimen name="dp_354">311.52dp</dimen>
<dimen name="dp_355">312.40dp</dimen>
<dimen name="dp_356">313.28dp</dimen>
<dimen name="dp_357">314.16dp</dimen>
<dimen name="dp_358">315.04dp</dimen>
<dimen name="dp_359">315.92dp</dimen>
<dimen name="dp_360">316.80dp</dimen>
<dimen name="dp_361">317.68dp</dimen>
<dimen name="dp_362">318.56dp</dimen>
<dimen name="dp_363">319.44dp</dimen>
<dimen name="dp_364">320.32dp</dimen>
<dimen name="dp_365">321.20dp</dimen>
<dimen name="dp_366">322.08dp</dimen>
<dimen name="dp_367">322.96dp</dimen>
<dimen name="dp_368">323.84dp</dimen>
<dimen name="dp_369">324.72dp</dimen>
<dimen name="dp_370">325.60dp</dimen>
<dimen name="dp_371">326.48dp</dimen>
<dimen name="dp_372">327.36dp</dimen>
<dimen name="dp_373">328.24dp</dimen>
<dimen name="dp_374">329.12dp</dimen>
<dimen name="dp_375">330.00dp</dimen>
<dimen name="dp_376">330.88dp</dimen>
<dimen name="dp_377">331.76dp</dimen>
<dimen name="dp_378">332.64dp</dimen>
<dimen name="dp_379">333.52dp</dimen>
<dimen name="dp_380">334.40dp</dimen>
<dimen name="dp_381">335.28dp</dimen>
<dimen name="dp_382">336.16dp</dimen>
<dimen name="dp_383">337.04dp</dimen>
<dimen name="dp_384">337.92dp</dimen>
<dimen name="dp_385">338.80dp</dimen>
<dimen name="dp_386">339.68dp</dimen>
<dimen name="dp_387">340.56dp</dimen>
<dimen name="dp_388">341.44dp</dimen>
<dimen name="dp_389">342.32dp</dimen>
<dimen name="dp_390">343.20dp</dimen>
<dimen name="dp_391">344.08dp</dimen>
<dimen name="dp_392">344.96dp</dimen>
<dimen name="dp_393">345.84dp</dimen>
<dimen name="dp_394">346.72dp</dimen>
<dimen name="dp_395">347.60dp</dimen>
<dimen name="dp_396">348.48dp</dimen>
<dimen name="dp_397">349.36dp</dimen>
<dimen name="dp_398">350.24dp</dimen>
<dimen name="dp_399">351.12dp</dimen>
<dimen name="dp_400">352.00dp</dimen>
<dimen name="dp_401">352.88dp</dimen>
<dimen name="dp_402">353.76dp</dimen>
<dimen name="dp_403">354.64dp</dimen>
<dimen name="dp_404">355.52dp</dimen>
<dimen name="dp_405">356.40dp</dimen>
<dimen name="dp_406">357.28dp</dimen>
<dimen name="dp_407">358.16dp</dimen>
<dimen name="dp_408">359.04dp</dimen>
<dimen name="dp_409">359.92dp</dimen>
<dimen name="dp_410">360.80dp</dimen>
<dimen name="dp_411">361.68dp</dimen>
<dimen name="dp_412">362.56dp</dimen>
<dimen name="dp_413">363.44dp</dimen>
<dimen name="dp_414">364.32dp</dimen>
<dimen name="dp_415">365.20dp</dimen>
<dimen name="dp_416">366.08dp</dimen>
<dimen name="dp_417">366.96dp</dimen>
<dimen name="dp_418">367.84dp</dimen>
<dimen name="dp_419">368.72dp</dimen>
<dimen name="dp_420">369.60dp</dimen>
<dimen name="dp_421">370.48dp</dimen>
<dimen name="dp_422">371.36dp</dimen>
<dimen name="dp_423">372.24dp</dimen>
<dimen name="dp_424">373.12dp</dimen>
<dimen name="dp_425">374.00dp</dimen>
<dimen name="dp_426">374.88dp</dimen>
<dimen name="dp_427">375.76dp</dimen>
<dimen name="dp_428">376.64dp</dimen>
<dimen name="dp_429">377.52dp</dimen>
<dimen name="dp_430">378.40dp</dimen>
<dimen name="dp_431">379.28dp</dimen>
<dimen name="dp_432">380.16dp</dimen>
<dimen name="dp_433">381.04dp</dimen>
<dimen name="dp_434">381.92dp</dimen>
<dimen name="dp_435">382.80dp</dimen>
<dimen name="dp_436">383.68dp</dimen>
<dimen name="dp_437">384.56dp</dimen>
<dimen name="dp_438">385.44dp</dimen>
<dimen name="dp_439">386.32dp</dimen>
<dimen name="dp_440">387.20dp</dimen>
<dimen name="dp_441">388.08dp</dimen>
<dimen name="dp_442">388.96dp</dimen>
<dimen name="dp_443">389.84dp</dimen>
<dimen name="dp_444">390.72dp</dimen>
<dimen name="dp_445">391.60dp</dimen>
<dimen name="dp_446">392.48dp</dimen>
<dimen name="dp_447">393.36dp</dimen>
<dimen name="dp_448">394.24dp</dimen>
<dimen name="dp_449">395.12dp</dimen>
<dimen name="dp_450">396.00dp</dimen>
<dimen name="dp_451">396.88dp</dimen>
<dimen name="dp_452">397.76dp</dimen>
<dimen name="dp_453">398.64dp</dimen>
<dimen name="dp_454">399.52dp</dimen>
<dimen name="dp_455">400.40dp</dimen>
<dimen name="dp_456">401.28dp</dimen>
<dimen name="dp_457">402.16dp</dimen>
<dimen name="dp_458">403.04dp</dimen>
<dimen name="dp_459">403.92dp</dimen>
<dimen name="dp_460">404.80dp</dimen>
<dimen name="dp_461">405.68dp</dimen>
<dimen name="dp_462">406.56dp</dimen>
<dimen name="dp_463">407.44dp</dimen>
<dimen name="dp_464">408.32dp</dimen>
<dimen name="dp_465">409.20dp</dimen>
<dimen name="dp_466">410.08dp</dimen>
<dimen name="dp_467">410.96dp</dimen>
<dimen name="dp_468">411.84dp</dimen>
<dimen name="dp_469">412.72dp</dimen>
<dimen name="dp_470">413.60dp</dimen>
<dimen name="dp_471">414.48dp</dimen>
<dimen name="dp_472">415.36dp</dimen>
<dimen name="dp_473">416.24dp</dimen>
<dimen name="dp_474">417.12dp</dimen>
<dimen name="dp_475">418.00dp</dimen>
<dimen name="dp_476">418.88dp</dimen>
<dimen name="dp_477">419.76dp</dimen>
<dimen name="dp_478">420.64dp</dimen>
<dimen name="dp_479">421.52dp</dimen>
<dimen name="dp_480">422.40dp</dimen>
<dimen name="dp_481">423.28dp</dimen>
<dimen name="dp_482">424.16dp</dimen>
<dimen name="dp_483">425.04dp</dimen>
<dimen name="dp_484">425.92dp</dimen>
<dimen name="dp_485">426.80dp</dimen>
<dimen name="dp_486">427.68dp</dimen>
<dimen name="dp_487">428.56dp</dimen>
<dimen name="dp_488">429.44dp</dimen>
<dimen name="dp_489">430.32dp</dimen>
<dimen name="dp_490">431.20dp</dimen>
<dimen name="dp_491">432.08dp</dimen>
<dimen name="dp_492">432.96dp</dimen>
<dimen name="dp_493">433.84dp</dimen>
<dimen name="dp_494">434.72dp</dimen>
<dimen name="dp_495">435.60dp</dimen>
<dimen name="dp_496">436.48dp</dimen>
<dimen name="dp_497">437.36dp</dimen>
<dimen name="dp_498">438.24dp</dimen>
<dimen name="dp_499">439.12dp</dimen>
<dimen name="dp_500">440.00dp</dimen>
<dimen name="dp_501">440.88dp</dimen>
<dimen name="dp_502">441.76dp</dimen>
<dimen name="dp_503">442.64dp</dimen>
<dimen name="dp_504">443.52dp</dimen>
<dimen name="dp_505">444.40dp</dimen>
<dimen name="dp_506">445.28dp</dimen>
<dimen name="dp_507">446.16dp</dimen>
<dimen name="dp_508">447.04dp</dimen>
<dimen name="dp_509">447.92dp</dimen>
<dimen name="dp_510">448.80dp</dimen>
<dimen name="dp_511">449.68dp</dimen>
<dimen name="dp_512">450.56dp</dimen>
<dimen name="dp_513">451.44dp</dimen>
<dimen name="dp_514">452.32dp</dimen>
<dimen name="dp_515">453.20dp</dimen>
<dimen name="dp_516">454.08dp</dimen>
<dimen name="dp_517">454.96dp</dimen>
<dimen name="dp_518">455.84dp</dimen>
<dimen name="dp_519">456.72dp</dimen>
<dimen name="dp_520">457.60dp</dimen>
<dimen name="dp_521">458.48dp</dimen>
<dimen name="dp_522">459.36dp</dimen>
<dimen name="dp_523">460.24dp</dimen>
<dimen name="dp_524">461.12dp</dimen>
<dimen name="dp_525">462.00dp</dimen>
<dimen name="dp_526">462.88dp</dimen>
<dimen name="dp_527">463.76dp</dimen>
<dimen name="dp_528">464.64dp</dimen>
<dimen name="dp_529">465.52dp</dimen>
<dimen name="dp_530">466.40dp</dimen>
<dimen name="dp_531">467.28dp</dimen>
<dimen name="dp_532">468.16dp</dimen>
<dimen name="dp_533">469.04dp</dimen>
<dimen name="dp_534">469.92dp</dimen>
<dimen name="dp_535">470.80dp</dimen>
<dimen name="dp_536">471.68dp</dimen>
<dimen name="dp_537">472.56dp</dimen>
<dimen name="dp_538">473.44dp</dimen>
<dimen name="dp_539">474.32dp</dimen>
<dimen name="dp_540">475.20dp</dimen>
<dimen name="dp_541">476.08dp</dimen>
<dimen name="dp_542">476.96dp</dimen>
<dimen name="dp_543">477.84dp</dimen>
<dimen name="dp_544">478.72dp</dimen>
<dimen name="dp_545">479.60dp</dimen>
<dimen name="dp_546">480.48dp</dimen>
<dimen name="dp_547">481.36dp</dimen>
<dimen name="dp_548">482.24dp</dimen>
<dimen name="dp_549">483.12dp</dimen>
<dimen name="dp_550">484.00dp</dimen>
<dimen name="dp_551">484.88dp</dimen>
<dimen name="dp_552">485.76dp</dimen>
<dimen name="dp_553">486.64dp</dimen>
<dimen name="dp_554">487.52dp</dimen>
<dimen name="dp_555">488.40dp</dimen>
<dimen name="dp_556">489.28dp</dimen>
<dimen name="dp_557">490.16dp</dimen>
<dimen name="dp_558">491.04dp</dimen>
<dimen name="dp_559">491.92dp</dimen>
<dimen name="dp_560">492.80dp</dimen>
<dimen name="dp_561">493.68dp</dimen>
<dimen name="dp_562">494.56dp</dimen>
<dimen name="dp_563">495.44dp</dimen>
<dimen name="dp_564">496.32dp</dimen>
<dimen name="dp_565">497.20dp</dimen>
<dimen name="dp_566">498.08dp</dimen>
<dimen name="dp_567">498.96dp</dimen>
<dimen name="dp_568">499.84dp</dimen>
<dimen name="dp_569">500.72dp</dimen>
<dimen name="dp_570">501.60dp</dimen>
<dimen name="dp_571">502.48dp</dimen>
<dimen name="dp_572">503.36dp</dimen>
<dimen name="dp_573">504.24dp</dimen>
<dimen name="dp_574">505.12dp</dimen>
<dimen name="dp_575">506.00dp</dimen>
<dimen name="dp_576">506.88dp</dimen>
<dimen name="dp_577">507.76dp</dimen>
<dimen name="dp_578">508.64dp</dimen>
<dimen name="dp_579">509.52dp</dimen>
<dimen name="dp_580">510.40dp</dimen>
<dimen name="dp_581">511.28dp</dimen>
<dimen name="dp_582">512.16dp</dimen>
<dimen name="dp_583">513.04dp</dimen>
<dimen name="dp_584">513.92dp</dimen>
<dimen name="dp_585">514.80dp</dimen>
<dimen name="dp_586">515.68dp</dimen>
<dimen name="dp_587">516.56dp</dimen>
<dimen name="dp_588">517.44dp</dimen>
<dimen name="dp_589">518.32dp</dimen>
<dimen name="dp_590">519.20dp</dimen>
<dimen name="dp_591">520.08dp</dimen>
<dimen name="dp_592">520.96dp</dimen>
<dimen name="dp_593">521.84dp</dimen>
<dimen name="dp_594">522.72dp</dimen>
<dimen name="dp_595">523.60dp</dimen>
<dimen name="dp_596">524.48dp</dimen>
<dimen name="dp_597">525.36dp</dimen>
<dimen name="dp_598">526.24dp</dimen>
<dimen name="dp_599">527.12dp</dimen>
<dimen name="dp_600">528.00dp</dimen>
<dimen name="dp_601">528.88dp</dimen>
<dimen name="dp_602">529.76dp</dimen>
<dimen name="dp_603">530.64dp</dimen>
<dimen name="dp_604">531.52dp</dimen>
<dimen name="dp_605">532.40dp</dimen>
<dimen name="dp_606">533.28dp</dimen>
<dimen name="dp_607">534.16dp</dimen>
<dimen name="dp_608">535.04dp</dimen>
<dimen name="dp_609">535.92dp</dimen>
<dimen name="dp_610">536.80dp</dimen>
<dimen name="dp_611">537.68dp</dimen>
<dimen name="dp_612">538.56dp</dimen>
<dimen name="dp_613">539.44dp</dimen>
<dimen name="dp_614">540.32dp</dimen>
<dimen name="dp_615">541.20dp</dimen>
<dimen name="dp_616">542.08dp</dimen>
<dimen name="dp_617">542.96dp</dimen>
<dimen name="dp_618">543.84dp</dimen>
<dimen name="dp_619">544.72dp</dimen>
<dimen name="dp_620">545.60dp</dimen>
<dimen name="dp_621">546.48dp</dimen>
<dimen name="dp_622">547.36dp</dimen>
<dimen name="dp_623">548.24dp</dimen>
<dimen name="dp_624">549.12dp</dimen>
<dimen name="dp_625">550.00dp</dimen>
<dimen name="dp_626">550.88dp</dimen>
<dimen name="dp_627">551.76dp</dimen>
<dimen name="dp_628">552.64dp</dimen>
<dimen name="dp_629">553.52dp</dimen>
<dimen name="dp_630">554.40dp</dimen>
<dimen name="dp_631">555.28dp</dimen>
<dimen name="dp_632">556.16dp</dimen>
<dimen name="dp_633">557.04dp</dimen>
<dimen name="dp_634">557.92dp</dimen>
<dimen name="dp_635">558.80dp</dimen>
<dimen name="dp_636">559.68dp</dimen>
<dimen name="dp_637">560.56dp</dimen>
<dimen name="dp_638">561.44dp</dimen>
<dimen name="dp_639">562.32dp</dimen>
<dimen name="dp_640">563.20dp</dimen>
<dimen name="dp_641">564.08dp</dimen>
<dimen name="dp_642">564.96dp</dimen>
<dimen name="dp_643">565.84dp</dimen>
<dimen name="dp_644">566.72dp</dimen>
<dimen name="dp_645">567.60dp</dimen>
<dimen name="dp_646">568.48dp</dimen>
<dimen name="dp_647">569.36dp</dimen>
<dimen name="dp_648">570.24dp</dimen>
<dimen name="dp_649">571.12dp</dimen>
<dimen name="dp_650">572.00dp</dimen>
<dimen name="dp_651">572.88dp</dimen>
<dimen name="dp_652">573.76dp</dimen>
<dimen name="dp_653">574.64dp</dimen>
<dimen name="dp_654">575.52dp</dimen>
<dimen name="dp_655">576.40dp</dimen>
<dimen name="dp_656">577.28dp</dimen>
<dimen name="dp_657">578.16dp</dimen>
<dimen name="dp_658">579.04dp</dimen>
<dimen name="dp_659">579.92dp</dimen>
<dimen name="dp_660">580.80dp</dimen>
<dimen name="dp_661">581.68dp</dimen>
<dimen name="dp_662">582.56dp</dimen>
<dimen name="dp_663">583.44dp</dimen>
<dimen name="dp_664">584.32dp</dimen>
<dimen name="dp_665">585.20dp</dimen>
<dimen name="dp_666">586.08dp</dimen>
<dimen name="dp_667">586.96dp</dimen>
<dimen name="dp_668">587.84dp</dimen>
<dimen name="dp_669">588.72dp</dimen>
<dimen name="dp_670">589.60dp</dimen>
<dimen name="dp_671">590.48dp</dimen>
<dimen name="dp_672">591.36dp</dimen>
<dimen name="dp_673">592.24dp</dimen>
<dimen name="dp_674">593.12dp</dimen>
<dimen name="dp_675">594.00dp</dimen>
<dimen name="dp_676">594.88dp</dimen>
<dimen name="dp_677">595.76dp</dimen>
<dimen name="dp_678">596.64dp</dimen>
<dimen name="dp_679">597.52dp</dimen>
<dimen name="dp_680">598.40dp</dimen>
<dimen name="dp_681">599.28dp</dimen>
<dimen name="dp_682">600.16dp</dimen>
<dimen name="dp_683">601.04dp</dimen>
<dimen name="dp_684">601.92dp</dimen>
<dimen name="dp_685">602.80dp</dimen>
<dimen name="dp_686">603.68dp</dimen>
<dimen name="dp_687">604.56dp</dimen>
<dimen name="dp_688">605.44dp</dimen>
<dimen name="dp_689">606.32dp</dimen>
<dimen name="dp_690">607.20dp</dimen>
<dimen name="dp_691">608.08dp</dimen>
<dimen name="dp_692">608.96dp</dimen>
<dimen name="dp_693">609.84dp</dimen>
<dimen name="dp_694">610.72dp</dimen>
<dimen name="dp_695">611.60dp</dimen>
<dimen name="dp_696">612.48dp</dimen>
<dimen name="dp_697">613.36dp</dimen>
<dimen name="dp_698">614.24dp</dimen>
<dimen name="dp_699">615.12dp</dimen>
<dimen name="dp_700">616.00dp</dimen>
<dimen name="dp_701">616.88dp</dimen>
<dimen name="dp_702">617.76dp</dimen>
<dimen name="dp_703">618.64dp</dimen>
<dimen name="dp_704">619.52dp</dimen>
<dimen name="dp_705">620.40dp</dimen>
<dimen name="dp_706">621.28dp</dimen>
<dimen name="dp_707">622.16dp</dimen>
<dimen name="dp_708">623.04dp</dimen>
<dimen name="dp_709">623.92dp</dimen>
<dimen name="dp_710">624.80dp</dimen>
<dimen name="dp_711">625.68dp</dimen>
<dimen name="dp_712">626.56dp</dimen>
<dimen name="dp_713">627.44dp</dimen>
<dimen name="dp_714">628.32dp</dimen>
<dimen name="dp_715">629.20dp</dimen>
<dimen name="dp_716">630.08dp</dimen>
<dimen name="dp_717">630.96dp</dimen>
<dimen name="dp_718">631.84dp</dimen>
<dimen name="dp_719">632.72dp</dimen>
<dimen name="dp_720">633.60dp</dimen>
</resources>
