<?xml version="1.0" encoding="utf-8"?>
<resources>
<dimen name="base_dpi">533dp</dimen>
<dimen name="dp_0">0.00dp</dimen>
<dimen name="dp_1">1.42dp</dimen>
<dimen name="dp_2">2.84dp</dimen>
<dimen name="dp_3">4.26dp</dimen>
<dimen name="dp_4">5.69dp</dimen>
<dimen name="dp_5">7.11dp</dimen>
<dimen name="dp_6">8.53dp</dimen>
<dimen name="dp_7">9.95dp</dimen>
<dimen name="dp_8">11.37dp</dimen>
<dimen name="dp_9">12.79dp</dimen>
<dimen name="dp_10">14.21dp</dimen>
<dimen name="dp_11">15.63dp</dimen>
<dimen name="dp_12">17.06dp</dimen>
<dimen name="dp_13">18.48dp</dimen>
<dimen name="dp_14">19.90dp</dimen>
<dimen name="dp_15">21.32dp</dimen>
<dimen name="dp_16">22.74dp</dimen>
<dimen name="dp_17">24.16dp</dimen>
<dimen name="dp_18">25.58dp</dimen>
<dimen name="dp_19">27.01dp</dimen>
<dimen name="dp_20">28.43dp</dimen>
<dimen name="dp_21">29.85dp</dimen>
<dimen name="dp_22">31.27dp</dimen>
<dimen name="dp_23">32.69dp</dimen>
<dimen name="dp_24">34.11dp</dimen>
<dimen name="dp_25">35.53dp</dimen>
<dimen name="dp_26">36.95dp</dimen>
<dimen name="dp_27">38.38dp</dimen>
<dimen name="dp_28">39.80dp</dimen>
<dimen name="dp_29">41.22dp</dimen>
<dimen name="dp_30">42.64dp</dimen>
<dimen name="dp_31">44.06dp</dimen>
<dimen name="dp_32">45.48dp</dimen>
<dimen name="dp_33">46.90dp</dimen>
<dimen name="dp_34">48.33dp</dimen>
<dimen name="dp_35">49.75dp</dimen>
<dimen name="dp_36">51.17dp</dimen>
<dimen name="dp_37">52.59dp</dimen>
<dimen name="dp_38">54.01dp</dimen>
<dimen name="dp_39">55.43dp</dimen>
<dimen name="dp_40">56.85dp</dimen>
<dimen name="dp_41">58.27dp</dimen>
<dimen name="dp_42">59.70dp</dimen>
<dimen name="dp_43">61.12dp</dimen>
<dimen name="dp_44">62.54dp</dimen>
<dimen name="dp_45">63.96dp</dimen>
<dimen name="dp_46">65.38dp</dimen>
<dimen name="dp_47">66.80dp</dimen>
<dimen name="dp_48">68.22dp</dimen>
<dimen name="dp_49">69.65dp</dimen>
<dimen name="dp_50">71.07dp</dimen>
<dimen name="dp_51">72.49dp</dimen>
<dimen name="dp_52">73.91dp</dimen>
<dimen name="dp_53">75.33dp</dimen>
<dimen name="dp_54">76.75dp</dimen>
<dimen name="dp_55">78.17dp</dimen>
<dimen name="dp_56">79.59dp</dimen>
<dimen name="dp_57">81.02dp</dimen>
<dimen name="dp_58">82.44dp</dimen>
<dimen name="dp_59">83.86dp</dimen>
<dimen name="dp_60">85.28dp</dimen>
<dimen name="dp_61">86.70dp</dimen>
<dimen name="dp_62">88.12dp</dimen>
<dimen name="dp_63">89.54dp</dimen>
<dimen name="dp_64">90.97dp</dimen>
<dimen name="dp_65">92.39dp</dimen>
<dimen name="dp_66">93.81dp</dimen>
<dimen name="dp_67">95.23dp</dimen>
<dimen name="dp_68">96.65dp</dimen>
<dimen name="dp_69">98.07dp</dimen>
<dimen name="dp_70">99.49dp</dimen>
<dimen name="dp_71">100.91dp</dimen>
<dimen name="dp_72">102.34dp</dimen>
<dimen name="dp_73">103.76dp</dimen>
<dimen name="dp_74">105.18dp</dimen>
<dimen name="dp_75">106.60dp</dimen>
<dimen name="dp_76">108.02dp</dimen>
<dimen name="dp_77">109.44dp</dimen>
<dimen name="dp_78">110.86dp</dimen>
<dimen name="dp_79">112.29dp</dimen>
<dimen name="dp_80">113.71dp</dimen>
<dimen name="dp_81">115.13dp</dimen>
<dimen name="dp_82">116.55dp</dimen>
<dimen name="dp_83">117.97dp</dimen>
<dimen name="dp_84">119.39dp</dimen>
<dimen name="dp_85">120.81dp</dimen>
<dimen name="dp_86">122.23dp</dimen>
<dimen name="dp_87">123.66dp</dimen>
<dimen name="dp_88">125.08dp</dimen>
<dimen name="dp_89">126.50dp</dimen>
<dimen name="dp_90">127.92dp</dimen>
<dimen name="dp_91">129.34dp</dimen>
<dimen name="dp_92">130.76dp</dimen>
<dimen name="dp_93">132.18dp</dimen>
<dimen name="dp_94">133.61dp</dimen>
<dimen name="dp_95">135.03dp</dimen>
<dimen name="dp_96">136.45dp</dimen>
<dimen name="dp_97">137.87dp</dimen>
<dimen name="dp_98">139.29dp</dimen>
<dimen name="dp_99">140.71dp</dimen>
<dimen name="dp_100">142.13dp</dimen>
<dimen name="dp_101">143.55dp</dimen>
<dimen name="dp_102">144.98dp</dimen>
<dimen name="dp_103">146.40dp</dimen>
<dimen name="dp_104">147.82dp</dimen>
<dimen name="dp_105">149.24dp</dimen>
<dimen name="dp_106">150.66dp</dimen>
<dimen name="dp_107">152.08dp</dimen>
<dimen name="dp_108">153.50dp</dimen>
<dimen name="dp_109">154.93dp</dimen>
<dimen name="dp_110">156.35dp</dimen>
<dimen name="dp_111">157.77dp</dimen>
<dimen name="dp_112">159.19dp</dimen>
<dimen name="dp_113">160.61dp</dimen>
<dimen name="dp_114">162.03dp</dimen>
<dimen name="dp_115">163.45dp</dimen>
<dimen name="dp_116">164.87dp</dimen>
<dimen name="dp_117">166.30dp</dimen>
<dimen name="dp_118">167.72dp</dimen>
<dimen name="dp_119">169.14dp</dimen>
<dimen name="dp_120">170.56dp</dimen>
<dimen name="dp_121">171.98dp</dimen>
<dimen name="dp_122">173.40dp</dimen>
<dimen name="dp_123">174.82dp</dimen>
<dimen name="dp_124">176.25dp</dimen>
<dimen name="dp_125">177.67dp</dimen>
<dimen name="dp_126">179.09dp</dimen>
<dimen name="dp_127">180.51dp</dimen>
<dimen name="dp_128">181.93dp</dimen>
<dimen name="dp_129">183.35dp</dimen>
<dimen name="dp_130">184.77dp</dimen>
<dimen name="dp_131">186.19dp</dimen>
<dimen name="dp_132">187.62dp</dimen>
<dimen name="dp_133">189.04dp</dimen>
<dimen name="dp_134">190.46dp</dimen>
<dimen name="dp_135">191.88dp</dimen>
<dimen name="dp_136">193.30dp</dimen>
<dimen name="dp_137">194.72dp</dimen>
<dimen name="dp_138">196.14dp</dimen>
<dimen name="dp_139">197.57dp</dimen>
<dimen name="dp_140">198.99dp</dimen>
<dimen name="dp_141">200.41dp</dimen>
<dimen name="dp_142">201.83dp</dimen>
<dimen name="dp_143">203.25dp</dimen>
<dimen name="dp_144">204.67dp</dimen>
<dimen name="dp_145">206.09dp</dimen>
<dimen name="dp_146">207.51dp</dimen>
<dimen name="dp_147">208.94dp</dimen>
<dimen name="dp_148">210.36dp</dimen>
<dimen name="dp_149">211.78dp</dimen>
<dimen name="dp_150">213.20dp</dimen>
<dimen name="dp_151">214.62dp</dimen>
<dimen name="dp_152">216.04dp</dimen>
<dimen name="dp_153">217.46dp</dimen>
<dimen name="dp_154">218.89dp</dimen>
<dimen name="dp_155">220.31dp</dimen>
<dimen name="dp_156">221.73dp</dimen>
<dimen name="dp_157">223.15dp</dimen>
<dimen name="dp_158">224.57dp</dimen>
<dimen name="dp_159">225.99dp</dimen>
<dimen name="dp_160">227.41dp</dimen>
<dimen name="dp_161">228.83dp</dimen>
<dimen name="dp_162">230.26dp</dimen>
<dimen name="dp_163">231.68dp</dimen>
<dimen name="dp_164">233.10dp</dimen>
<dimen name="dp_165">234.52dp</dimen>
<dimen name="dp_166">235.94dp</dimen>
<dimen name="dp_167">237.36dp</dimen>
<dimen name="dp_168">238.78dp</dimen>
<dimen name="dp_169">240.21dp</dimen>
<dimen name="dp_170">241.63dp</dimen>
<dimen name="dp_171">243.05dp</dimen>
<dimen name="dp_172">244.47dp</dimen>
<dimen name="dp_173">245.89dp</dimen>
<dimen name="dp_174">247.31dp</dimen>
<dimen name="dp_175">248.73dp</dimen>
<dimen name="dp_176">250.15dp</dimen>
<dimen name="dp_177">251.58dp</dimen>
<dimen name="dp_178">253.00dp</dimen>
<dimen name="dp_179">254.42dp</dimen>
<dimen name="dp_180">255.84dp</dimen>
<dimen name="dp_181">257.26dp</dimen>
<dimen name="dp_182">258.68dp</dimen>
<dimen name="dp_183">260.10dp</dimen>
<dimen name="dp_184">261.53dp</dimen>
<dimen name="dp_185">262.95dp</dimen>
<dimen name="dp_186">264.37dp</dimen>
<dimen name="dp_187">265.79dp</dimen>
<dimen name="dp_188">267.21dp</dimen>
<dimen name="dp_189">268.63dp</dimen>
<dimen name="dp_190">270.05dp</dimen>
<dimen name="dp_191">271.47dp</dimen>
<dimen name="dp_192">272.90dp</dimen>
<dimen name="dp_193">274.32dp</dimen>
<dimen name="dp_194">275.74dp</dimen>
<dimen name="dp_195">277.16dp</dimen>
<dimen name="dp_196">278.58dp</dimen>
<dimen name="dp_197">280.00dp</dimen>
<dimen name="dp_198">281.42dp</dimen>
<dimen name="dp_199">282.85dp</dimen>
<dimen name="dp_200">284.27dp</dimen>
<dimen name="dp_201">285.69dp</dimen>
<dimen name="dp_202">287.11dp</dimen>
<dimen name="dp_203">288.53dp</dimen>
<dimen name="dp_204">289.95dp</dimen>
<dimen name="dp_205">291.37dp</dimen>
<dimen name="dp_206">292.79dp</dimen>
<dimen name="dp_207">294.22dp</dimen>
<dimen name="dp_208">295.64dp</dimen>
<dimen name="dp_209">297.06dp</dimen>
<dimen name="dp_210">298.48dp</dimen>
<dimen name="dp_211">299.90dp</dimen>
<dimen name="dp_212">301.32dp</dimen>
<dimen name="dp_213">302.74dp</dimen>
<dimen name="dp_214">304.17dp</dimen>
<dimen name="dp_215">305.59dp</dimen>
<dimen name="dp_216">307.01dp</dimen>
<dimen name="dp_217">308.43dp</dimen>
<dimen name="dp_218">309.85dp</dimen>
<dimen name="dp_219">311.27dp</dimen>
<dimen name="dp_220">312.69dp</dimen>
<dimen name="dp_221">314.11dp</dimen>
<dimen name="dp_222">315.54dp</dimen>
<dimen name="dp_223">316.96dp</dimen>
<dimen name="dp_224">318.38dp</dimen>
<dimen name="dp_225">319.80dp</dimen>
<dimen name="dp_226">321.22dp</dimen>
<dimen name="dp_227">322.64dp</dimen>
<dimen name="dp_228">324.06dp</dimen>
<dimen name="dp_229">325.49dp</dimen>
<dimen name="dp_230">326.91dp</dimen>
<dimen name="dp_231">328.33dp</dimen>
<dimen name="dp_232">329.75dp</dimen>
<dimen name="dp_233">331.17dp</dimen>
<dimen name="dp_234">332.59dp</dimen>
<dimen name="dp_235">334.01dp</dimen>
<dimen name="dp_236">335.43dp</dimen>
<dimen name="dp_237">336.86dp</dimen>
<dimen name="dp_238">338.28dp</dimen>
<dimen name="dp_239">339.70dp</dimen>
<dimen name="dp_240">341.12dp</dimen>
<dimen name="dp_241">342.54dp</dimen>
<dimen name="dp_242">343.96dp</dimen>
<dimen name="dp_243">345.38dp</dimen>
<dimen name="dp_244">346.81dp</dimen>
<dimen name="dp_245">348.23dp</dimen>
<dimen name="dp_246">349.65dp</dimen>
<dimen name="dp_247">351.07dp</dimen>
<dimen name="dp_248">352.49dp</dimen>
<dimen name="dp_249">353.91dp</dimen>
<dimen name="dp_250">355.33dp</dimen>
<dimen name="dp_251">356.75dp</dimen>
<dimen name="dp_252">358.18dp</dimen>
<dimen name="dp_253">359.60dp</dimen>
<dimen name="dp_254">361.02dp</dimen>
<dimen name="dp_255">362.44dp</dimen>
<dimen name="dp_256">363.86dp</dimen>
<dimen name="dp_257">365.28dp</dimen>
<dimen name="dp_258">366.70dp</dimen>
<dimen name="dp_259">368.13dp</dimen>
<dimen name="dp_260">369.55dp</dimen>
<dimen name="dp_261">370.97dp</dimen>
<dimen name="dp_262">372.39dp</dimen>
<dimen name="dp_263">373.81dp</dimen>
<dimen name="dp_264">375.23dp</dimen>
<dimen name="dp_265">376.65dp</dimen>
<dimen name="dp_266">378.07dp</dimen>
<dimen name="dp_267">379.50dp</dimen>
<dimen name="dp_268">380.92dp</dimen>
<dimen name="dp_269">382.34dp</dimen>
<dimen name="dp_270">383.76dp</dimen>
<dimen name="dp_271">385.18dp</dimen>
<dimen name="dp_272">386.60dp</dimen>
<dimen name="dp_273">388.02dp</dimen>
<dimen name="dp_274">389.45dp</dimen>
<dimen name="dp_275">390.87dp</dimen>
<dimen name="dp_276">392.29dp</dimen>
<dimen name="dp_277">393.71dp</dimen>
<dimen name="dp_278">395.13dp</dimen>
<dimen name="dp_279">396.55dp</dimen>
<dimen name="dp_280">397.97dp</dimen>
<dimen name="dp_281">399.39dp</dimen>
<dimen name="dp_282">400.82dp</dimen>
<dimen name="dp_283">402.24dp</dimen>
<dimen name="dp_284">403.66dp</dimen>
<dimen name="dp_285">405.08dp</dimen>
<dimen name="dp_286">406.50dp</dimen>
<dimen name="dp_287">407.92dp</dimen>
<dimen name="dp_288">409.34dp</dimen>
<dimen name="dp_289">410.77dp</dimen>
<dimen name="dp_290">412.19dp</dimen>
<dimen name="dp_291">413.61dp</dimen>
<dimen name="dp_292">415.03dp</dimen>
<dimen name="dp_293">416.45dp</dimen>
<dimen name="dp_294">417.87dp</dimen>
<dimen name="dp_295">419.29dp</dimen>
<dimen name="dp_296">420.71dp</dimen>
<dimen name="dp_297">422.14dp</dimen>
<dimen name="dp_298">423.56dp</dimen>
<dimen name="dp_299">424.98dp</dimen>
<dimen name="dp_300">426.40dp</dimen>
<dimen name="dp_301">427.82dp</dimen>
<dimen name="dp_302">429.24dp</dimen>
<dimen name="dp_303">430.66dp</dimen>
<dimen name="dp_304">432.09dp</dimen>
<dimen name="dp_305">433.51dp</dimen>
<dimen name="dp_306">434.93dp</dimen>
<dimen name="dp_307">436.35dp</dimen>
<dimen name="dp_308">437.77dp</dimen>
<dimen name="dp_309">439.19dp</dimen>
<dimen name="dp_310">440.61dp</dimen>
<dimen name="dp_311">442.03dp</dimen>
<dimen name="dp_312">443.46dp</dimen>
<dimen name="dp_313">444.88dp</dimen>
<dimen name="dp_314">446.30dp</dimen>
<dimen name="dp_315">447.72dp</dimen>
<dimen name="dp_316">449.14dp</dimen>
<dimen name="dp_317">450.56dp</dimen>
<dimen name="dp_318">451.98dp</dimen>
<dimen name="dp_319">453.41dp</dimen>
<dimen name="dp_320">454.83dp</dimen>
<dimen name="dp_321">456.25dp</dimen>
<dimen name="dp_322">457.67dp</dimen>
<dimen name="dp_323">459.09dp</dimen>
<dimen name="dp_324">460.51dp</dimen>
<dimen name="dp_325">461.93dp</dimen>
<dimen name="dp_326">463.35dp</dimen>
<dimen name="dp_327">464.78dp</dimen>
<dimen name="dp_328">466.20dp</dimen>
<dimen name="dp_329">467.62dp</dimen>
<dimen name="dp_330">469.04dp</dimen>
<dimen name="dp_331">470.46dp</dimen>
<dimen name="dp_332">471.88dp</dimen>
<dimen name="dp_333">473.30dp</dimen>
<dimen name="dp_334">474.73dp</dimen>
<dimen name="dp_335">476.15dp</dimen>
<dimen name="dp_336">477.57dp</dimen>
<dimen name="dp_337">478.99dp</dimen>
<dimen name="dp_338">480.41dp</dimen>
<dimen name="dp_339">481.83dp</dimen>
<dimen name="dp_340">483.25dp</dimen>
<dimen name="dp_341">484.67dp</dimen>
<dimen name="dp_342">486.10dp</dimen>
<dimen name="dp_343">487.52dp</dimen>
<dimen name="dp_344">488.94dp</dimen>
<dimen name="dp_345">490.36dp</dimen>
<dimen name="dp_346">491.78dp</dimen>
<dimen name="dp_347">493.20dp</dimen>
<dimen name="dp_348">494.62dp</dimen>
<dimen name="dp_349">496.05dp</dimen>
<dimen name="dp_350">497.47dp</dimen>
<dimen name="dp_351">498.89dp</dimen>
<dimen name="dp_352">500.31dp</dimen>
<dimen name="dp_353">501.73dp</dimen>
<dimen name="dp_354">503.15dp</dimen>
<dimen name="dp_355">504.57dp</dimen>
<dimen name="dp_356">505.99dp</dimen>
<dimen name="dp_357">507.42dp</dimen>
<dimen name="dp_358">508.84dp</dimen>
<dimen name="dp_359">510.26dp</dimen>
<dimen name="dp_360">511.68dp</dimen>
<dimen name="dp_361">513.10dp</dimen>
<dimen name="dp_362">514.52dp</dimen>
<dimen name="dp_363">515.94dp</dimen>
<dimen name="dp_364">517.37dp</dimen>
<dimen name="dp_365">518.79dp</dimen>
<dimen name="dp_366">520.21dp</dimen>
<dimen name="dp_367">521.63dp</dimen>
<dimen name="dp_368">523.05dp</dimen>
<dimen name="dp_369">524.47dp</dimen>
<dimen name="dp_370">525.89dp</dimen>
<dimen name="dp_371">527.31dp</dimen>
<dimen name="dp_372">528.74dp</dimen>
<dimen name="dp_373">530.16dp</dimen>
<dimen name="dp_374">531.58dp</dimen>
<dimen name="dp_375">533.00dp</dimen>
<dimen name="dp_376">534.42dp</dimen>
<dimen name="dp_377">535.84dp</dimen>
<dimen name="dp_378">537.26dp</dimen>
<dimen name="dp_379">538.69dp</dimen>
<dimen name="dp_380">540.11dp</dimen>
<dimen name="dp_381">541.53dp</dimen>
<dimen name="dp_382">542.95dp</dimen>
<dimen name="dp_383">544.37dp</dimen>
<dimen name="dp_384">545.79dp</dimen>
<dimen name="dp_385">547.21dp</dimen>
<dimen name="dp_386">548.63dp</dimen>
<dimen name="dp_387">550.06dp</dimen>
<dimen name="dp_388">551.48dp</dimen>
<dimen name="dp_389">552.90dp</dimen>
<dimen name="dp_390">554.32dp</dimen>
<dimen name="dp_391">555.74dp</dimen>
<dimen name="dp_392">557.16dp</dimen>
<dimen name="dp_393">558.58dp</dimen>
<dimen name="dp_394">560.01dp</dimen>
<dimen name="dp_395">561.43dp</dimen>
<dimen name="dp_396">562.85dp</dimen>
<dimen name="dp_397">564.27dp</dimen>
<dimen name="dp_398">565.69dp</dimen>
<dimen name="dp_399">567.11dp</dimen>
<dimen name="dp_400">568.53dp</dimen>
<dimen name="dp_401">569.95dp</dimen>
<dimen name="dp_402">571.38dp</dimen>
<dimen name="dp_403">572.80dp</dimen>
<dimen name="dp_404">574.22dp</dimen>
<dimen name="dp_405">575.64dp</dimen>
<dimen name="dp_406">577.06dp</dimen>
<dimen name="dp_407">578.48dp</dimen>
<dimen name="dp_408">579.90dp</dimen>
<dimen name="dp_409">581.33dp</dimen>
<dimen name="dp_410">582.75dp</dimen>
<dimen name="dp_411">584.17dp</dimen>
<dimen name="dp_412">585.59dp</dimen>
<dimen name="dp_413">587.01dp</dimen>
<dimen name="dp_414">588.43dp</dimen>
<dimen name="dp_415">589.85dp</dimen>
<dimen name="dp_416">591.27dp</dimen>
<dimen name="dp_417">592.70dp</dimen>
<dimen name="dp_418">594.12dp</dimen>
<dimen name="dp_419">595.54dp</dimen>
<dimen name="dp_420">596.96dp</dimen>
<dimen name="dp_421">598.38dp</dimen>
<dimen name="dp_422">599.80dp</dimen>
<dimen name="dp_423">601.22dp</dimen>
<dimen name="dp_424">602.65dp</dimen>
<dimen name="dp_425">604.07dp</dimen>
<dimen name="dp_426">605.49dp</dimen>
<dimen name="dp_427">606.91dp</dimen>
<dimen name="dp_428">608.33dp</dimen>
<dimen name="dp_429">609.75dp</dimen>
<dimen name="dp_430">611.17dp</dimen>
<dimen name="dp_431">612.59dp</dimen>
<dimen name="dp_432">614.02dp</dimen>
<dimen name="dp_433">615.44dp</dimen>
<dimen name="dp_434">616.86dp</dimen>
<dimen name="dp_435">618.28dp</dimen>
<dimen name="dp_436">619.70dp</dimen>
<dimen name="dp_437">621.12dp</dimen>
<dimen name="dp_438">622.54dp</dimen>
<dimen name="dp_439">623.97dp</dimen>
<dimen name="dp_440">625.39dp</dimen>
<dimen name="dp_441">626.81dp</dimen>
<dimen name="dp_442">628.23dp</dimen>
<dimen name="dp_443">629.65dp</dimen>
<dimen name="dp_444">631.07dp</dimen>
<dimen name="dp_445">632.49dp</dimen>
<dimen name="dp_446">633.91dp</dimen>
<dimen name="dp_447">635.34dp</dimen>
<dimen name="dp_448">636.76dp</dimen>
<dimen name="dp_449">638.18dp</dimen>
<dimen name="dp_450">639.60dp</dimen>
<dimen name="dp_451">641.02dp</dimen>
<dimen name="dp_452">642.44dp</dimen>
<dimen name="dp_453">643.86dp</dimen>
<dimen name="dp_454">645.29dp</dimen>
<dimen name="dp_455">646.71dp</dimen>
<dimen name="dp_456">648.13dp</dimen>
<dimen name="dp_457">649.55dp</dimen>
<dimen name="dp_458">650.97dp</dimen>
<dimen name="dp_459">652.39dp</dimen>
<dimen name="dp_460">653.81dp</dimen>
<dimen name="dp_461">655.23dp</dimen>
<dimen name="dp_462">656.66dp</dimen>
<dimen name="dp_463">658.08dp</dimen>
<dimen name="dp_464">659.50dp</dimen>
<dimen name="dp_465">660.92dp</dimen>
<dimen name="dp_466">662.34dp</dimen>
<dimen name="dp_467">663.76dp</dimen>
<dimen name="dp_468">665.18dp</dimen>
<dimen name="dp_469">666.61dp</dimen>
<dimen name="dp_470">668.03dp</dimen>
<dimen name="dp_471">669.45dp</dimen>
<dimen name="dp_472">670.87dp</dimen>
<dimen name="dp_473">672.29dp</dimen>
<dimen name="dp_474">673.71dp</dimen>
<dimen name="dp_475">675.13dp</dimen>
<dimen name="dp_476">676.55dp</dimen>
<dimen name="dp_477">677.98dp</dimen>
<dimen name="dp_478">679.40dp</dimen>
<dimen name="dp_479">680.82dp</dimen>
<dimen name="dp_480">682.24dp</dimen>
<dimen name="dp_481">683.66dp</dimen>
<dimen name="dp_482">685.08dp</dimen>
<dimen name="dp_483">686.50dp</dimen>
<dimen name="dp_484">687.93dp</dimen>
<dimen name="dp_485">689.35dp</dimen>
<dimen name="dp_486">690.77dp</dimen>
<dimen name="dp_487">692.19dp</dimen>
<dimen name="dp_488">693.61dp</dimen>
<dimen name="dp_489">695.03dp</dimen>
<dimen name="dp_490">696.45dp</dimen>
<dimen name="dp_491">697.87dp</dimen>
<dimen name="dp_492">699.30dp</dimen>
<dimen name="dp_493">700.72dp</dimen>
<dimen name="dp_494">702.14dp</dimen>
<dimen name="dp_495">703.56dp</dimen>
<dimen name="dp_496">704.98dp</dimen>
<dimen name="dp_497">706.40dp</dimen>
<dimen name="dp_498">707.82dp</dimen>
<dimen name="dp_499">709.25dp</dimen>
<dimen name="dp_500">710.67dp</dimen>
<dimen name="dp_501">712.09dp</dimen>
<dimen name="dp_502">713.51dp</dimen>
<dimen name="dp_503">714.93dp</dimen>
<dimen name="dp_504">716.35dp</dimen>
<dimen name="dp_505">717.77dp</dimen>
<dimen name="dp_506">719.19dp</dimen>
<dimen name="dp_507">720.62dp</dimen>
<dimen name="dp_508">722.04dp</dimen>
<dimen name="dp_509">723.46dp</dimen>
<dimen name="dp_510">724.88dp</dimen>
<dimen name="dp_511">726.30dp</dimen>
<dimen name="dp_512">727.72dp</dimen>
<dimen name="dp_513">729.14dp</dimen>
<dimen name="dp_514">730.57dp</dimen>
<dimen name="dp_515">731.99dp</dimen>
<dimen name="dp_516">733.41dp</dimen>
<dimen name="dp_517">734.83dp</dimen>
<dimen name="dp_518">736.25dp</dimen>
<dimen name="dp_519">737.67dp</dimen>
<dimen name="dp_520">739.09dp</dimen>
<dimen name="dp_521">740.51dp</dimen>
<dimen name="dp_522">741.94dp</dimen>
<dimen name="dp_523">743.36dp</dimen>
<dimen name="dp_524">744.78dp</dimen>
<dimen name="dp_525">746.20dp</dimen>
<dimen name="dp_526">747.62dp</dimen>
<dimen name="dp_527">749.04dp</dimen>
<dimen name="dp_528">750.46dp</dimen>
<dimen name="dp_529">751.89dp</dimen>
<dimen name="dp_530">753.31dp</dimen>
<dimen name="dp_531">754.73dp</dimen>
<dimen name="dp_532">756.15dp</dimen>
<dimen name="dp_533">757.57dp</dimen>
<dimen name="dp_534">758.99dp</dimen>
<dimen name="dp_535">760.41dp</dimen>
<dimen name="dp_536">761.83dp</dimen>
<dimen name="dp_537">763.26dp</dimen>
<dimen name="dp_538">764.68dp</dimen>
<dimen name="dp_539">766.10dp</dimen>
<dimen name="dp_540">767.52dp</dimen>
<dimen name="dp_541">768.94dp</dimen>
<dimen name="dp_542">770.36dp</dimen>
<dimen name="dp_543">771.78dp</dimen>
<dimen name="dp_544">773.21dp</dimen>
<dimen name="dp_545">774.63dp</dimen>
<dimen name="dp_546">776.05dp</dimen>
<dimen name="dp_547">777.47dp</dimen>
<dimen name="dp_548">778.89dp</dimen>
<dimen name="dp_549">780.31dp</dimen>
<dimen name="dp_550">781.73dp</dimen>
<dimen name="dp_551">783.15dp</dimen>
<dimen name="dp_552">784.58dp</dimen>
<dimen name="dp_553">786.00dp</dimen>
<dimen name="dp_554">787.42dp</dimen>
<dimen name="dp_555">788.84dp</dimen>
<dimen name="dp_556">790.26dp</dimen>
<dimen name="dp_557">791.68dp</dimen>
<dimen name="dp_558">793.10dp</dimen>
<dimen name="dp_559">794.53dp</dimen>
<dimen name="dp_560">795.95dp</dimen>
<dimen name="dp_561">797.37dp</dimen>
<dimen name="dp_562">798.79dp</dimen>
<dimen name="dp_563">800.21dp</dimen>
<dimen name="dp_564">801.63dp</dimen>
<dimen name="dp_565">803.05dp</dimen>
<dimen name="dp_566">804.47dp</dimen>
<dimen name="dp_567">805.90dp</dimen>
<dimen name="dp_568">807.32dp</dimen>
<dimen name="dp_569">808.74dp</dimen>
<dimen name="dp_570">810.16dp</dimen>
<dimen name="dp_571">811.58dp</dimen>
<dimen name="dp_572">813.00dp</dimen>
<dimen name="dp_573">814.42dp</dimen>
<dimen name="dp_574">815.85dp</dimen>
<dimen name="dp_575">817.27dp</dimen>
<dimen name="dp_576">818.69dp</dimen>
<dimen name="dp_577">820.11dp</dimen>
<dimen name="dp_578">821.53dp</dimen>
<dimen name="dp_579">822.95dp</dimen>
<dimen name="dp_580">824.37dp</dimen>
<dimen name="dp_581">825.79dp</dimen>
<dimen name="dp_582">827.22dp</dimen>
<dimen name="dp_583">828.64dp</dimen>
<dimen name="dp_584">830.06dp</dimen>
<dimen name="dp_585">831.48dp</dimen>
<dimen name="dp_586">832.90dp</dimen>
<dimen name="dp_587">834.32dp</dimen>
<dimen name="dp_588">835.74dp</dimen>
<dimen name="dp_589">837.17dp</dimen>
<dimen name="dp_590">838.59dp</dimen>
<dimen name="dp_591">840.01dp</dimen>
<dimen name="dp_592">841.43dp</dimen>
<dimen name="dp_593">842.85dp</dimen>
<dimen name="dp_594">844.27dp</dimen>
<dimen name="dp_595">845.69dp</dimen>
<dimen name="dp_596">847.11dp</dimen>
<dimen name="dp_597">848.54dp</dimen>
<dimen name="dp_598">849.96dp</dimen>
<dimen name="dp_599">851.38dp</dimen>
<dimen name="dp_600">852.80dp</dimen>
<dimen name="dp_601">854.22dp</dimen>
<dimen name="dp_602">855.64dp</dimen>
<dimen name="dp_603">857.06dp</dimen>
<dimen name="dp_604">858.49dp</dimen>
<dimen name="dp_605">859.91dp</dimen>
<dimen name="dp_606">861.33dp</dimen>
<dimen name="dp_607">862.75dp</dimen>
<dimen name="dp_608">864.17dp</dimen>
<dimen name="dp_609">865.59dp</dimen>
<dimen name="dp_610">867.01dp</dimen>
<dimen name="dp_611">868.43dp</dimen>
<dimen name="dp_612">869.86dp</dimen>
<dimen name="dp_613">871.28dp</dimen>
<dimen name="dp_614">872.70dp</dimen>
<dimen name="dp_615">874.12dp</dimen>
<dimen name="dp_616">875.54dp</dimen>
<dimen name="dp_617">876.96dp</dimen>
<dimen name="dp_618">878.38dp</dimen>
<dimen name="dp_619">879.81dp</dimen>
<dimen name="dp_620">881.23dp</dimen>
<dimen name="dp_621">882.65dp</dimen>
<dimen name="dp_622">884.07dp</dimen>
<dimen name="dp_623">885.49dp</dimen>
<dimen name="dp_624">886.91dp</dimen>
<dimen name="dp_625">888.33dp</dimen>
<dimen name="dp_626">889.75dp</dimen>
<dimen name="dp_627">891.18dp</dimen>
<dimen name="dp_628">892.60dp</dimen>
<dimen name="dp_629">894.02dp</dimen>
<dimen name="dp_630">895.44dp</dimen>
<dimen name="dp_631">896.86dp</dimen>
<dimen name="dp_632">898.28dp</dimen>
<dimen name="dp_633">899.70dp</dimen>
<dimen name="dp_634">901.13dp</dimen>
<dimen name="dp_635">902.55dp</dimen>
<dimen name="dp_636">903.97dp</dimen>
<dimen name="dp_637">905.39dp</dimen>
<dimen name="dp_638">906.81dp</dimen>
<dimen name="dp_639">908.23dp</dimen>
<dimen name="dp_640">909.65dp</dimen>
<dimen name="dp_641">911.07dp</dimen>
<dimen name="dp_642">912.50dp</dimen>
<dimen name="dp_643">913.92dp</dimen>
<dimen name="dp_644">915.34dp</dimen>
<dimen name="dp_645">916.76dp</dimen>
<dimen name="dp_646">918.18dp</dimen>
<dimen name="dp_647">919.60dp</dimen>
<dimen name="dp_648">921.02dp</dimen>
<dimen name="dp_649">922.45dp</dimen>
<dimen name="dp_650">923.87dp</dimen>
<dimen name="dp_651">925.29dp</dimen>
<dimen name="dp_652">926.71dp</dimen>
<dimen name="dp_653">928.13dp</dimen>
<dimen name="dp_654">929.55dp</dimen>
<dimen name="dp_655">930.97dp</dimen>
<dimen name="dp_656">932.39dp</dimen>
<dimen name="dp_657">933.82dp</dimen>
<dimen name="dp_658">935.24dp</dimen>
<dimen name="dp_659">936.66dp</dimen>
<dimen name="dp_660">938.08dp</dimen>
<dimen name="dp_661">939.50dp</dimen>
<dimen name="dp_662">940.92dp</dimen>
<dimen name="dp_663">942.34dp</dimen>
<dimen name="dp_664">943.77dp</dimen>
<dimen name="dp_665">945.19dp</dimen>
<dimen name="dp_666">946.61dp</dimen>
<dimen name="dp_667">948.03dp</dimen>
<dimen name="dp_668">949.45dp</dimen>
<dimen name="dp_669">950.87dp</dimen>
<dimen name="dp_670">952.29dp</dimen>
<dimen name="dp_671">953.71dp</dimen>
<dimen name="dp_672">955.14dp</dimen>
<dimen name="dp_673">956.56dp</dimen>
<dimen name="dp_674">957.98dp</dimen>
<dimen name="dp_675">959.40dp</dimen>
<dimen name="dp_676">960.82dp</dimen>
<dimen name="dp_677">962.24dp</dimen>
<dimen name="dp_678">963.66dp</dimen>
<dimen name="dp_679">965.09dp</dimen>
<dimen name="dp_680">966.51dp</dimen>
<dimen name="dp_681">967.93dp</dimen>
<dimen name="dp_682">969.35dp</dimen>
<dimen name="dp_683">970.77dp</dimen>
<dimen name="dp_684">972.19dp</dimen>
<dimen name="dp_685">973.61dp</dimen>
<dimen name="dp_686">975.03dp</dimen>
<dimen name="dp_687">976.46dp</dimen>
<dimen name="dp_688">977.88dp</dimen>
<dimen name="dp_689">979.30dp</dimen>
<dimen name="dp_690">980.72dp</dimen>
<dimen name="dp_691">982.14dp</dimen>
<dimen name="dp_692">983.56dp</dimen>
<dimen name="dp_693">984.98dp</dimen>
<dimen name="dp_694">986.41dp</dimen>
<dimen name="dp_695">987.83dp</dimen>
<dimen name="dp_696">989.25dp</dimen>
<dimen name="dp_697">990.67dp</dimen>
<dimen name="dp_698">992.09dp</dimen>
<dimen name="dp_699">993.51dp</dimen>
<dimen name="dp_700">994.93dp</dimen>
<dimen name="dp_701">996.35dp</dimen>
<dimen name="dp_702">997.78dp</dimen>
<dimen name="dp_703">999.20dp</dimen>
<dimen name="dp_704">1000.62dp</dimen>
<dimen name="dp_705">1002.04dp</dimen>
<dimen name="dp_706">1003.46dp</dimen>
<dimen name="dp_707">1004.88dp</dimen>
<dimen name="dp_708">1006.30dp</dimen>
<dimen name="dp_709">1007.73dp</dimen>
<dimen name="dp_710">1009.15dp</dimen>
<dimen name="dp_711">1010.57dp</dimen>
<dimen name="dp_712">1011.99dp</dimen>
<dimen name="dp_713">1013.41dp</dimen>
<dimen name="dp_714">1014.83dp</dimen>
<dimen name="dp_715">1016.25dp</dimen>
<dimen name="dp_716">1017.67dp</dimen>
<dimen name="dp_717">1019.10dp</dimen>
<dimen name="dp_718">1020.52dp</dimen>
<dimen name="dp_719">1021.94dp</dimen>
<dimen name="dp_720">1023.36dp</dimen>
</resources>
