<?xml version="1.0" encoding="utf-8"?>
<resources>
<dimen name="base_dpi">410dp</dimen>
<dimen name="dp_0">0.00dp</dimen>
<dimen name="dp_1">1.09dp</dimen>
<dimen name="dp_2">2.19dp</dimen>
<dimen name="dp_3">3.28dp</dimen>
<dimen name="dp_4">4.37dp</dimen>
<dimen name="dp_5">5.47dp</dimen>
<dimen name="dp_6">6.56dp</dimen>
<dimen name="dp_7">7.65dp</dimen>
<dimen name="dp_8">8.75dp</dimen>
<dimen name="dp_9">9.84dp</dimen>
<dimen name="dp_10">10.93dp</dimen>
<dimen name="dp_11">12.03dp</dimen>
<dimen name="dp_12">13.12dp</dimen>
<dimen name="dp_13">14.21dp</dimen>
<dimen name="dp_14">15.31dp</dimen>
<dimen name="dp_15">16.40dp</dimen>
<dimen name="dp_16">17.49dp</dimen>
<dimen name="dp_17">18.59dp</dimen>
<dimen name="dp_18">19.68dp</dimen>
<dimen name="dp_19">20.77dp</dimen>
<dimen name="dp_20">21.87dp</dimen>
<dimen name="dp_21">22.96dp</dimen>
<dimen name="dp_22">24.05dp</dimen>
<dimen name="dp_23">25.15dp</dimen>
<dimen name="dp_24">26.24dp</dimen>
<dimen name="dp_25">27.33dp</dimen>
<dimen name="dp_26">28.43dp</dimen>
<dimen name="dp_27">29.52dp</dimen>
<dimen name="dp_28">30.61dp</dimen>
<dimen name="dp_29">31.71dp</dimen>
<dimen name="dp_30">32.80dp</dimen>
<dimen name="dp_31">33.89dp</dimen>
<dimen name="dp_32">34.99dp</dimen>
<dimen name="dp_33">36.08dp</dimen>
<dimen name="dp_34">37.17dp</dimen>
<dimen name="dp_35">38.27dp</dimen>
<dimen name="dp_36">39.36dp</dimen>
<dimen name="dp_37">40.45dp</dimen>
<dimen name="dp_38">41.55dp</dimen>
<dimen name="dp_39">42.64dp</dimen>
<dimen name="dp_40">43.73dp</dimen>
<dimen name="dp_41">44.83dp</dimen>
<dimen name="dp_42">45.92dp</dimen>
<dimen name="dp_43">47.01dp</dimen>
<dimen name="dp_44">48.11dp</dimen>
<dimen name="dp_45">49.20dp</dimen>
<dimen name="dp_46">50.29dp</dimen>
<dimen name="dp_47">51.39dp</dimen>
<dimen name="dp_48">52.48dp</dimen>
<dimen name="dp_49">53.57dp</dimen>
<dimen name="dp_50">54.67dp</dimen>
<dimen name="dp_51">55.76dp</dimen>
<dimen name="dp_52">56.85dp</dimen>
<dimen name="dp_53">57.95dp</dimen>
<dimen name="dp_54">59.04dp</dimen>
<dimen name="dp_55">60.13dp</dimen>
<dimen name="dp_56">61.23dp</dimen>
<dimen name="dp_57">62.32dp</dimen>
<dimen name="dp_58">63.41dp</dimen>
<dimen name="dp_59">64.51dp</dimen>
<dimen name="dp_60">65.60dp</dimen>
<dimen name="dp_61">66.69dp</dimen>
<dimen name="dp_62">67.79dp</dimen>
<dimen name="dp_63">68.88dp</dimen>
<dimen name="dp_64">69.97dp</dimen>
<dimen name="dp_65">71.07dp</dimen>
<dimen name="dp_66">72.16dp</dimen>
<dimen name="dp_67">73.25dp</dimen>
<dimen name="dp_68">74.35dp</dimen>
<dimen name="dp_69">75.44dp</dimen>
<dimen name="dp_70">76.53dp</dimen>
<dimen name="dp_71">77.63dp</dimen>
<dimen name="dp_72">78.72dp</dimen>
<dimen name="dp_73">79.81dp</dimen>
<dimen name="dp_74">80.91dp</dimen>
<dimen name="dp_75">82.00dp</dimen>
<dimen name="dp_76">83.09dp</dimen>
<dimen name="dp_77">84.19dp</dimen>
<dimen name="dp_78">85.28dp</dimen>
<dimen name="dp_79">86.37dp</dimen>
<dimen name="dp_80">87.47dp</dimen>
<dimen name="dp_81">88.56dp</dimen>
<dimen name="dp_82">89.65dp</dimen>
<dimen name="dp_83">90.75dp</dimen>
<dimen name="dp_84">91.84dp</dimen>
<dimen name="dp_85">92.93dp</dimen>
<dimen name="dp_86">94.03dp</dimen>
<dimen name="dp_87">95.12dp</dimen>
<dimen name="dp_88">96.21dp</dimen>
<dimen name="dp_89">97.31dp</dimen>
<dimen name="dp_90">98.40dp</dimen>
<dimen name="dp_91">99.49dp</dimen>
<dimen name="dp_92">100.59dp</dimen>
<dimen name="dp_93">101.68dp</dimen>
<dimen name="dp_94">102.77dp</dimen>
<dimen name="dp_95">103.87dp</dimen>
<dimen name="dp_96">104.96dp</dimen>
<dimen name="dp_97">106.05dp</dimen>
<dimen name="dp_98">107.15dp</dimen>
<dimen name="dp_99">108.24dp</dimen>
<dimen name="dp_100">109.33dp</dimen>
<dimen name="dp_101">110.43dp</dimen>
<dimen name="dp_102">111.52dp</dimen>
<dimen name="dp_103">112.61dp</dimen>
<dimen name="dp_104">113.71dp</dimen>
<dimen name="dp_105">114.80dp</dimen>
<dimen name="dp_106">115.89dp</dimen>
<dimen name="dp_107">116.99dp</dimen>
<dimen name="dp_108">118.08dp</dimen>
<dimen name="dp_109">119.17dp</dimen>
<dimen name="dp_110">120.27dp</dimen>
<dimen name="dp_111">121.36dp</dimen>
<dimen name="dp_112">122.45dp</dimen>
<dimen name="dp_113">123.55dp</dimen>
<dimen name="dp_114">124.64dp</dimen>
<dimen name="dp_115">125.73dp</dimen>
<dimen name="dp_116">126.83dp</dimen>
<dimen name="dp_117">127.92dp</dimen>
<dimen name="dp_118">129.01dp</dimen>
<dimen name="dp_119">130.11dp</dimen>
<dimen name="dp_120">131.20dp</dimen>
<dimen name="dp_121">132.29dp</dimen>
<dimen name="dp_122">133.39dp</dimen>
<dimen name="dp_123">134.48dp</dimen>
<dimen name="dp_124">135.57dp</dimen>
<dimen name="dp_125">136.67dp</dimen>
<dimen name="dp_126">137.76dp</dimen>
<dimen name="dp_127">138.85dp</dimen>
<dimen name="dp_128">139.95dp</dimen>
<dimen name="dp_129">141.04dp</dimen>
<dimen name="dp_130">142.13dp</dimen>
<dimen name="dp_131">143.23dp</dimen>
<dimen name="dp_132">144.32dp</dimen>
<dimen name="dp_133">145.41dp</dimen>
<dimen name="dp_134">146.51dp</dimen>
<dimen name="dp_135">147.60dp</dimen>
<dimen name="dp_136">148.69dp</dimen>
<dimen name="dp_137">149.79dp</dimen>
<dimen name="dp_138">150.88dp</dimen>
<dimen name="dp_139">151.97dp</dimen>
<dimen name="dp_140">153.07dp</dimen>
<dimen name="dp_141">154.16dp</dimen>
<dimen name="dp_142">155.25dp</dimen>
<dimen name="dp_143">156.35dp</dimen>
<dimen name="dp_144">157.44dp</dimen>
<dimen name="dp_145">158.53dp</dimen>
<dimen name="dp_146">159.63dp</dimen>
<dimen name="dp_147">160.72dp</dimen>
<dimen name="dp_148">161.81dp</dimen>
<dimen name="dp_149">162.91dp</dimen>
<dimen name="dp_150">164.00dp</dimen>
<dimen name="dp_151">165.09dp</dimen>
<dimen name="dp_152">166.19dp</dimen>
<dimen name="dp_153">167.28dp</dimen>
<dimen name="dp_154">168.37dp</dimen>
<dimen name="dp_155">169.47dp</dimen>
<dimen name="dp_156">170.56dp</dimen>
<dimen name="dp_157">171.65dp</dimen>
<dimen name="dp_158">172.75dp</dimen>
<dimen name="dp_159">173.84dp</dimen>
<dimen name="dp_160">174.93dp</dimen>
<dimen name="dp_161">176.03dp</dimen>
<dimen name="dp_162">177.12dp</dimen>
<dimen name="dp_163">178.21dp</dimen>
<dimen name="dp_164">179.31dp</dimen>
<dimen name="dp_165">180.40dp</dimen>
<dimen name="dp_166">181.49dp</dimen>
<dimen name="dp_167">182.59dp</dimen>
<dimen name="dp_168">183.68dp</dimen>
<dimen name="dp_169">184.77dp</dimen>
<dimen name="dp_170">185.87dp</dimen>
<dimen name="dp_171">186.96dp</dimen>
<dimen name="dp_172">188.05dp</dimen>
<dimen name="dp_173">189.15dp</dimen>
<dimen name="dp_174">190.24dp</dimen>
<dimen name="dp_175">191.33dp</dimen>
<dimen name="dp_176">192.43dp</dimen>
<dimen name="dp_177">193.52dp</dimen>
<dimen name="dp_178">194.61dp</dimen>
<dimen name="dp_179">195.71dp</dimen>
<dimen name="dp_180">196.80dp</dimen>
<dimen name="dp_181">197.89dp</dimen>
<dimen name="dp_182">198.99dp</dimen>
<dimen name="dp_183">200.08dp</dimen>
<dimen name="dp_184">201.17dp</dimen>
<dimen name="dp_185">202.27dp</dimen>
<dimen name="dp_186">203.36dp</dimen>
<dimen name="dp_187">204.45dp</dimen>
<dimen name="dp_188">205.55dp</dimen>
<dimen name="dp_189">206.64dp</dimen>
<dimen name="dp_190">207.73dp</dimen>
<dimen name="dp_191">208.83dp</dimen>
<dimen name="dp_192">209.92dp</dimen>
<dimen name="dp_193">211.01dp</dimen>
<dimen name="dp_194">212.11dp</dimen>
<dimen name="dp_195">213.20dp</dimen>
<dimen name="dp_196">214.29dp</dimen>
<dimen name="dp_197">215.39dp</dimen>
<dimen name="dp_198">216.48dp</dimen>
<dimen name="dp_199">217.57dp</dimen>
<dimen name="dp_200">218.67dp</dimen>
<dimen name="dp_201">219.76dp</dimen>
<dimen name="dp_202">220.85dp</dimen>
<dimen name="dp_203">221.95dp</dimen>
<dimen name="dp_204">223.04dp</dimen>
<dimen name="dp_205">224.13dp</dimen>
<dimen name="dp_206">225.23dp</dimen>
<dimen name="dp_207">226.32dp</dimen>
<dimen name="dp_208">227.41dp</dimen>
<dimen name="dp_209">228.51dp</dimen>
<dimen name="dp_210">229.60dp</dimen>
<dimen name="dp_211">230.69dp</dimen>
<dimen name="dp_212">231.79dp</dimen>
<dimen name="dp_213">232.88dp</dimen>
<dimen name="dp_214">233.97dp</dimen>
<dimen name="dp_215">235.07dp</dimen>
<dimen name="dp_216">236.16dp</dimen>
<dimen name="dp_217">237.25dp</dimen>
<dimen name="dp_218">238.35dp</dimen>
<dimen name="dp_219">239.44dp</dimen>
<dimen name="dp_220">240.53dp</dimen>
<dimen name="dp_221">241.63dp</dimen>
<dimen name="dp_222">242.72dp</dimen>
<dimen name="dp_223">243.81dp</dimen>
<dimen name="dp_224">244.91dp</dimen>
<dimen name="dp_225">246.00dp</dimen>
<dimen name="dp_226">247.09dp</dimen>
<dimen name="dp_227">248.19dp</dimen>
<dimen name="dp_228">249.28dp</dimen>
<dimen name="dp_229">250.37dp</dimen>
<dimen name="dp_230">251.47dp</dimen>
<dimen name="dp_231">252.56dp</dimen>
<dimen name="dp_232">253.65dp</dimen>
<dimen name="dp_233">254.75dp</dimen>
<dimen name="dp_234">255.84dp</dimen>
<dimen name="dp_235">256.93dp</dimen>
<dimen name="dp_236">258.03dp</dimen>
<dimen name="dp_237">259.12dp</dimen>
<dimen name="dp_238">260.21dp</dimen>
<dimen name="dp_239">261.31dp</dimen>
<dimen name="dp_240">262.40dp</dimen>
<dimen name="dp_241">263.49dp</dimen>
<dimen name="dp_242">264.59dp</dimen>
<dimen name="dp_243">265.68dp</dimen>
<dimen name="dp_244">266.77dp</dimen>
<dimen name="dp_245">267.87dp</dimen>
<dimen name="dp_246">268.96dp</dimen>
<dimen name="dp_247">270.05dp</dimen>
<dimen name="dp_248">271.15dp</dimen>
<dimen name="dp_249">272.24dp</dimen>
<dimen name="dp_250">273.33dp</dimen>
<dimen name="dp_251">274.43dp</dimen>
<dimen name="dp_252">275.52dp</dimen>
<dimen name="dp_253">276.61dp</dimen>
<dimen name="dp_254">277.71dp</dimen>
<dimen name="dp_255">278.80dp</dimen>
<dimen name="dp_256">279.89dp</dimen>
<dimen name="dp_257">280.99dp</dimen>
<dimen name="dp_258">282.08dp</dimen>
<dimen name="dp_259">283.17dp</dimen>
<dimen name="dp_260">284.27dp</dimen>
<dimen name="dp_261">285.36dp</dimen>
<dimen name="dp_262">286.45dp</dimen>
<dimen name="dp_263">287.55dp</dimen>
<dimen name="dp_264">288.64dp</dimen>
<dimen name="dp_265">289.73dp</dimen>
<dimen name="dp_266">290.83dp</dimen>
<dimen name="dp_267">291.92dp</dimen>
<dimen name="dp_268">293.01dp</dimen>
<dimen name="dp_269">294.11dp</dimen>
<dimen name="dp_270">295.20dp</dimen>
<dimen name="dp_271">296.29dp</dimen>
<dimen name="dp_272">297.39dp</dimen>
<dimen name="dp_273">298.48dp</dimen>
<dimen name="dp_274">299.57dp</dimen>
<dimen name="dp_275">300.67dp</dimen>
<dimen name="dp_276">301.76dp</dimen>
<dimen name="dp_277">302.85dp</dimen>
<dimen name="dp_278">303.95dp</dimen>
<dimen name="dp_279">305.04dp</dimen>
<dimen name="dp_280">306.13dp</dimen>
<dimen name="dp_281">307.23dp</dimen>
<dimen name="dp_282">308.32dp</dimen>
<dimen name="dp_283">309.41dp</dimen>
<dimen name="dp_284">310.51dp</dimen>
<dimen name="dp_285">311.60dp</dimen>
<dimen name="dp_286">312.69dp</dimen>
<dimen name="dp_287">313.79dp</dimen>
<dimen name="dp_288">314.88dp</dimen>
<dimen name="dp_289">315.97dp</dimen>
<dimen name="dp_290">317.07dp</dimen>
<dimen name="dp_291">318.16dp</dimen>
<dimen name="dp_292">319.25dp</dimen>
<dimen name="dp_293">320.35dp</dimen>
<dimen name="dp_294">321.44dp</dimen>
<dimen name="dp_295">322.53dp</dimen>
<dimen name="dp_296">323.63dp</dimen>
<dimen name="dp_297">324.72dp</dimen>
<dimen name="dp_298">325.81dp</dimen>
<dimen name="dp_299">326.91dp</dimen>
<dimen name="dp_300">328.00dp</dimen>
<dimen name="dp_301">329.09dp</dimen>
<dimen name="dp_302">330.19dp</dimen>
<dimen name="dp_303">331.28dp</dimen>
<dimen name="dp_304">332.37dp</dimen>
<dimen name="dp_305">333.47dp</dimen>
<dimen name="dp_306">334.56dp</dimen>
<dimen name="dp_307">335.65dp</dimen>
<dimen name="dp_308">336.75dp</dimen>
<dimen name="dp_309">337.84dp</dimen>
<dimen name="dp_310">338.93dp</dimen>
<dimen name="dp_311">340.03dp</dimen>
<dimen name="dp_312">341.12dp</dimen>
<dimen name="dp_313">342.21dp</dimen>
<dimen name="dp_314">343.31dp</dimen>
<dimen name="dp_315">344.40dp</dimen>
<dimen name="dp_316">345.49dp</dimen>
<dimen name="dp_317">346.59dp</dimen>
<dimen name="dp_318">347.68dp</dimen>
<dimen name="dp_319">348.77dp</dimen>
<dimen name="dp_320">349.87dp</dimen>
<dimen name="dp_321">350.96dp</dimen>
<dimen name="dp_322">352.05dp</dimen>
<dimen name="dp_323">353.15dp</dimen>
<dimen name="dp_324">354.24dp</dimen>
<dimen name="dp_325">355.33dp</dimen>
<dimen name="dp_326">356.43dp</dimen>
<dimen name="dp_327">357.52dp</dimen>
<dimen name="dp_328">358.61dp</dimen>
<dimen name="dp_329">359.71dp</dimen>
<dimen name="dp_330">360.80dp</dimen>
<dimen name="dp_331">361.89dp</dimen>
<dimen name="dp_332">362.99dp</dimen>
<dimen name="dp_333">364.08dp</dimen>
<dimen name="dp_334">365.17dp</dimen>
<dimen name="dp_335">366.27dp</dimen>
<dimen name="dp_336">367.36dp</dimen>
<dimen name="dp_337">368.45dp</dimen>
<dimen name="dp_338">369.55dp</dimen>
<dimen name="dp_339">370.64dp</dimen>
<dimen name="dp_340">371.73dp</dimen>
<dimen name="dp_341">372.83dp</dimen>
<dimen name="dp_342">373.92dp</dimen>
<dimen name="dp_343">375.01dp</dimen>
<dimen name="dp_344">376.11dp</dimen>
<dimen name="dp_345">377.20dp</dimen>
<dimen name="dp_346">378.29dp</dimen>
<dimen name="dp_347">379.39dp</dimen>
<dimen name="dp_348">380.48dp</dimen>
<dimen name="dp_349">381.57dp</dimen>
<dimen name="dp_350">382.67dp</dimen>
<dimen name="dp_351">383.76dp</dimen>
<dimen name="dp_352">384.85dp</dimen>
<dimen name="dp_353">385.95dp</dimen>
<dimen name="dp_354">387.04dp</dimen>
<dimen name="dp_355">388.13dp</dimen>
<dimen name="dp_356">389.23dp</dimen>
<dimen name="dp_357">390.32dp</dimen>
<dimen name="dp_358">391.41dp</dimen>
<dimen name="dp_359">392.51dp</dimen>
<dimen name="dp_360">393.60dp</dimen>
<dimen name="dp_361">394.69dp</dimen>
<dimen name="dp_362">395.79dp</dimen>
<dimen name="dp_363">396.88dp</dimen>
<dimen name="dp_364">397.97dp</dimen>
<dimen name="dp_365">399.07dp</dimen>
<dimen name="dp_366">400.16dp</dimen>
<dimen name="dp_367">401.25dp</dimen>
<dimen name="dp_368">402.35dp</dimen>
<dimen name="dp_369">403.44dp</dimen>
<dimen name="dp_370">404.53dp</dimen>
<dimen name="dp_371">405.63dp</dimen>
<dimen name="dp_372">406.72dp</dimen>
<dimen name="dp_373">407.81dp</dimen>
<dimen name="dp_374">408.91dp</dimen>
<dimen name="dp_375">410.00dp</dimen>
<dimen name="dp_376">411.09dp</dimen>
<dimen name="dp_377">412.19dp</dimen>
<dimen name="dp_378">413.28dp</dimen>
<dimen name="dp_379">414.37dp</dimen>
<dimen name="dp_380">415.47dp</dimen>
<dimen name="dp_381">416.56dp</dimen>
<dimen name="dp_382">417.65dp</dimen>
<dimen name="dp_383">418.75dp</dimen>
<dimen name="dp_384">419.84dp</dimen>
<dimen name="dp_385">420.93dp</dimen>
<dimen name="dp_386">422.03dp</dimen>
<dimen name="dp_387">423.12dp</dimen>
<dimen name="dp_388">424.21dp</dimen>
<dimen name="dp_389">425.31dp</dimen>
<dimen name="dp_390">426.40dp</dimen>
<dimen name="dp_391">427.49dp</dimen>
<dimen name="dp_392">428.59dp</dimen>
<dimen name="dp_393">429.68dp</dimen>
<dimen name="dp_394">430.77dp</dimen>
<dimen name="dp_395">431.87dp</dimen>
<dimen name="dp_396">432.96dp</dimen>
<dimen name="dp_397">434.05dp</dimen>
<dimen name="dp_398">435.15dp</dimen>
<dimen name="dp_399">436.24dp</dimen>
<dimen name="dp_400">437.33dp</dimen>
<dimen name="dp_401">438.43dp</dimen>
<dimen name="dp_402">439.52dp</dimen>
<dimen name="dp_403">440.61dp</dimen>
<dimen name="dp_404">441.71dp</dimen>
<dimen name="dp_405">442.80dp</dimen>
<dimen name="dp_406">443.89dp</dimen>
<dimen name="dp_407">444.99dp</dimen>
<dimen name="dp_408">446.08dp</dimen>
<dimen name="dp_409">447.17dp</dimen>
<dimen name="dp_410">448.27dp</dimen>
<dimen name="dp_411">449.36dp</dimen>
<dimen name="dp_412">450.45dp</dimen>
<dimen name="dp_413">451.55dp</dimen>
<dimen name="dp_414">452.64dp</dimen>
<dimen name="dp_415">453.73dp</dimen>
<dimen name="dp_416">454.83dp</dimen>
<dimen name="dp_417">455.92dp</dimen>
<dimen name="dp_418">457.01dp</dimen>
<dimen name="dp_419">458.11dp</dimen>
<dimen name="dp_420">459.20dp</dimen>
<dimen name="dp_421">460.29dp</dimen>
<dimen name="dp_422">461.39dp</dimen>
<dimen name="dp_423">462.48dp</dimen>
<dimen name="dp_424">463.57dp</dimen>
<dimen name="dp_425">464.67dp</dimen>
<dimen name="dp_426">465.76dp</dimen>
<dimen name="dp_427">466.85dp</dimen>
<dimen name="dp_428">467.95dp</dimen>
<dimen name="dp_429">469.04dp</dimen>
<dimen name="dp_430">470.13dp</dimen>
<dimen name="dp_431">471.23dp</dimen>
<dimen name="dp_432">472.32dp</dimen>
<dimen name="dp_433">473.41dp</dimen>
<dimen name="dp_434">474.51dp</dimen>
<dimen name="dp_435">475.60dp</dimen>
<dimen name="dp_436">476.69dp</dimen>
<dimen name="dp_437">477.79dp</dimen>
<dimen name="dp_438">478.88dp</dimen>
<dimen name="dp_439">479.97dp</dimen>
<dimen name="dp_440">481.07dp</dimen>
<dimen name="dp_441">482.16dp</dimen>
<dimen name="dp_442">483.25dp</dimen>
<dimen name="dp_443">484.35dp</dimen>
<dimen name="dp_444">485.44dp</dimen>
<dimen name="dp_445">486.53dp</dimen>
<dimen name="dp_446">487.63dp</dimen>
<dimen name="dp_447">488.72dp</dimen>
<dimen name="dp_448">489.81dp</dimen>
<dimen name="dp_449">490.91dp</dimen>
<dimen name="dp_450">492.00dp</dimen>
<dimen name="dp_451">493.09dp</dimen>
<dimen name="dp_452">494.19dp</dimen>
<dimen name="dp_453">495.28dp</dimen>
<dimen name="dp_454">496.37dp</dimen>
<dimen name="dp_455">497.47dp</dimen>
<dimen name="dp_456">498.56dp</dimen>
<dimen name="dp_457">499.65dp</dimen>
<dimen name="dp_458">500.75dp</dimen>
<dimen name="dp_459">501.84dp</dimen>
<dimen name="dp_460">502.93dp</dimen>
<dimen name="dp_461">504.03dp</dimen>
<dimen name="dp_462">505.12dp</dimen>
<dimen name="dp_463">506.21dp</dimen>
<dimen name="dp_464">507.31dp</dimen>
<dimen name="dp_465">508.40dp</dimen>
<dimen name="dp_466">509.49dp</dimen>
<dimen name="dp_467">510.59dp</dimen>
<dimen name="dp_468">511.68dp</dimen>
<dimen name="dp_469">512.77dp</dimen>
<dimen name="dp_470">513.87dp</dimen>
<dimen name="dp_471">514.96dp</dimen>
<dimen name="dp_472">516.05dp</dimen>
<dimen name="dp_473">517.15dp</dimen>
<dimen name="dp_474">518.24dp</dimen>
<dimen name="dp_475">519.33dp</dimen>
<dimen name="dp_476">520.43dp</dimen>
<dimen name="dp_477">521.52dp</dimen>
<dimen name="dp_478">522.61dp</dimen>
<dimen name="dp_479">523.71dp</dimen>
<dimen name="dp_480">524.80dp</dimen>
<dimen name="dp_481">525.89dp</dimen>
<dimen name="dp_482">526.99dp</dimen>
<dimen name="dp_483">528.08dp</dimen>
<dimen name="dp_484">529.17dp</dimen>
<dimen name="dp_485">530.27dp</dimen>
<dimen name="dp_486">531.36dp</dimen>
<dimen name="dp_487">532.45dp</dimen>
<dimen name="dp_488">533.55dp</dimen>
<dimen name="dp_489">534.64dp</dimen>
<dimen name="dp_490">535.73dp</dimen>
<dimen name="dp_491">536.83dp</dimen>
<dimen name="dp_492">537.92dp</dimen>
<dimen name="dp_493">539.01dp</dimen>
<dimen name="dp_494">540.11dp</dimen>
<dimen name="dp_495">541.20dp</dimen>
<dimen name="dp_496">542.29dp</dimen>
<dimen name="dp_497">543.39dp</dimen>
<dimen name="dp_498">544.48dp</dimen>
<dimen name="dp_499">545.57dp</dimen>
<dimen name="dp_500">546.67dp</dimen>
<dimen name="dp_501">547.76dp</dimen>
<dimen name="dp_502">548.85dp</dimen>
<dimen name="dp_503">549.95dp</dimen>
<dimen name="dp_504">551.04dp</dimen>
<dimen name="dp_505">552.13dp</dimen>
<dimen name="dp_506">553.23dp</dimen>
<dimen name="dp_507">554.32dp</dimen>
<dimen name="dp_508">555.41dp</dimen>
<dimen name="dp_509">556.51dp</dimen>
<dimen name="dp_510">557.60dp</dimen>
<dimen name="dp_511">558.69dp</dimen>
<dimen name="dp_512">559.79dp</dimen>
<dimen name="dp_513">560.88dp</dimen>
<dimen name="dp_514">561.97dp</dimen>
<dimen name="dp_515">563.07dp</dimen>
<dimen name="dp_516">564.16dp</dimen>
<dimen name="dp_517">565.25dp</dimen>
<dimen name="dp_518">566.35dp</dimen>
<dimen name="dp_519">567.44dp</dimen>
<dimen name="dp_520">568.53dp</dimen>
<dimen name="dp_521">569.63dp</dimen>
<dimen name="dp_522">570.72dp</dimen>
<dimen name="dp_523">571.81dp</dimen>
<dimen name="dp_524">572.91dp</dimen>
<dimen name="dp_525">574.00dp</dimen>
<dimen name="dp_526">575.09dp</dimen>
<dimen name="dp_527">576.19dp</dimen>
<dimen name="dp_528">577.28dp</dimen>
<dimen name="dp_529">578.37dp</dimen>
<dimen name="dp_530">579.47dp</dimen>
<dimen name="dp_531">580.56dp</dimen>
<dimen name="dp_532">581.65dp</dimen>
<dimen name="dp_533">582.75dp</dimen>
<dimen name="dp_534">583.84dp</dimen>
<dimen name="dp_535">584.93dp</dimen>
<dimen name="dp_536">586.03dp</dimen>
<dimen name="dp_537">587.12dp</dimen>
<dimen name="dp_538">588.21dp</dimen>
<dimen name="dp_539">589.31dp</dimen>
<dimen name="dp_540">590.40dp</dimen>
<dimen name="dp_541">591.49dp</dimen>
<dimen name="dp_542">592.59dp</dimen>
<dimen name="dp_543">593.68dp</dimen>
<dimen name="dp_544">594.77dp</dimen>
<dimen name="dp_545">595.87dp</dimen>
<dimen name="dp_546">596.96dp</dimen>
<dimen name="dp_547">598.05dp</dimen>
<dimen name="dp_548">599.15dp</dimen>
<dimen name="dp_549">600.24dp</dimen>
<dimen name="dp_550">601.33dp</dimen>
<dimen name="dp_551">602.43dp</dimen>
<dimen name="dp_552">603.52dp</dimen>
<dimen name="dp_553">604.61dp</dimen>
<dimen name="dp_554">605.71dp</dimen>
<dimen name="dp_555">606.80dp</dimen>
<dimen name="dp_556">607.89dp</dimen>
<dimen name="dp_557">608.99dp</dimen>
<dimen name="dp_558">610.08dp</dimen>
<dimen name="dp_559">611.17dp</dimen>
<dimen name="dp_560">612.27dp</dimen>
<dimen name="dp_561">613.36dp</dimen>
<dimen name="dp_562">614.45dp</dimen>
<dimen name="dp_563">615.55dp</dimen>
<dimen name="dp_564">616.64dp</dimen>
<dimen name="dp_565">617.73dp</dimen>
<dimen name="dp_566">618.83dp</dimen>
<dimen name="dp_567">619.92dp</dimen>
<dimen name="dp_568">621.01dp</dimen>
<dimen name="dp_569">622.11dp</dimen>
<dimen name="dp_570">623.20dp</dimen>
<dimen name="dp_571">624.29dp</dimen>
<dimen name="dp_572">625.39dp</dimen>
<dimen name="dp_573">626.48dp</dimen>
<dimen name="dp_574">627.57dp</dimen>
<dimen name="dp_575">628.67dp</dimen>
<dimen name="dp_576">629.76dp</dimen>
<dimen name="dp_577">630.85dp</dimen>
<dimen name="dp_578">631.95dp</dimen>
<dimen name="dp_579">633.04dp</dimen>
<dimen name="dp_580">634.13dp</dimen>
<dimen name="dp_581">635.23dp</dimen>
<dimen name="dp_582">636.32dp</dimen>
<dimen name="dp_583">637.41dp</dimen>
<dimen name="dp_584">638.51dp</dimen>
<dimen name="dp_585">639.60dp</dimen>
<dimen name="dp_586">640.69dp</dimen>
<dimen name="dp_587">641.79dp</dimen>
<dimen name="dp_588">642.88dp</dimen>
<dimen name="dp_589">643.97dp</dimen>
<dimen name="dp_590">645.07dp</dimen>
<dimen name="dp_591">646.16dp</dimen>
<dimen name="dp_592">647.25dp</dimen>
<dimen name="dp_593">648.35dp</dimen>
<dimen name="dp_594">649.44dp</dimen>
<dimen name="dp_595">650.53dp</dimen>
<dimen name="dp_596">651.63dp</dimen>
<dimen name="dp_597">652.72dp</dimen>
<dimen name="dp_598">653.81dp</dimen>
<dimen name="dp_599">654.91dp</dimen>
<dimen name="dp_600">656.00dp</dimen>
<dimen name="dp_601">657.09dp</dimen>
<dimen name="dp_602">658.19dp</dimen>
<dimen name="dp_603">659.28dp</dimen>
<dimen name="dp_604">660.37dp</dimen>
<dimen name="dp_605">661.47dp</dimen>
<dimen name="dp_606">662.56dp</dimen>
<dimen name="dp_607">663.65dp</dimen>
<dimen name="dp_608">664.75dp</dimen>
<dimen name="dp_609">665.84dp</dimen>
<dimen name="dp_610">666.93dp</dimen>
<dimen name="dp_611">668.03dp</dimen>
<dimen name="dp_612">669.12dp</dimen>
<dimen name="dp_613">670.21dp</dimen>
<dimen name="dp_614">671.31dp</dimen>
<dimen name="dp_615">672.40dp</dimen>
<dimen name="dp_616">673.49dp</dimen>
<dimen name="dp_617">674.59dp</dimen>
<dimen name="dp_618">675.68dp</dimen>
<dimen name="dp_619">676.77dp</dimen>
<dimen name="dp_620">677.87dp</dimen>
<dimen name="dp_621">678.96dp</dimen>
<dimen name="dp_622">680.05dp</dimen>
<dimen name="dp_623">681.15dp</dimen>
<dimen name="dp_624">682.24dp</dimen>
<dimen name="dp_625">683.33dp</dimen>
<dimen name="dp_626">684.43dp</dimen>
<dimen name="dp_627">685.52dp</dimen>
<dimen name="dp_628">686.61dp</dimen>
<dimen name="dp_629">687.71dp</dimen>
<dimen name="dp_630">688.80dp</dimen>
<dimen name="dp_631">689.89dp</dimen>
<dimen name="dp_632">690.99dp</dimen>
<dimen name="dp_633">692.08dp</dimen>
<dimen name="dp_634">693.17dp</dimen>
<dimen name="dp_635">694.27dp</dimen>
<dimen name="dp_636">695.36dp</dimen>
<dimen name="dp_637">696.45dp</dimen>
<dimen name="dp_638">697.55dp</dimen>
<dimen name="dp_639">698.64dp</dimen>
<dimen name="dp_640">699.73dp</dimen>
<dimen name="dp_641">700.83dp</dimen>
<dimen name="dp_642">701.92dp</dimen>
<dimen name="dp_643">703.01dp</dimen>
<dimen name="dp_644">704.11dp</dimen>
<dimen name="dp_645">705.20dp</dimen>
<dimen name="dp_646">706.29dp</dimen>
<dimen name="dp_647">707.39dp</dimen>
<dimen name="dp_648">708.48dp</dimen>
<dimen name="dp_649">709.57dp</dimen>
<dimen name="dp_650">710.67dp</dimen>
<dimen name="dp_651">711.76dp</dimen>
<dimen name="dp_652">712.85dp</dimen>
<dimen name="dp_653">713.95dp</dimen>
<dimen name="dp_654">715.04dp</dimen>
<dimen name="dp_655">716.13dp</dimen>
<dimen name="dp_656">717.23dp</dimen>
<dimen name="dp_657">718.32dp</dimen>
<dimen name="dp_658">719.41dp</dimen>
<dimen name="dp_659">720.51dp</dimen>
<dimen name="dp_660">721.60dp</dimen>
<dimen name="dp_661">722.69dp</dimen>
<dimen name="dp_662">723.79dp</dimen>
<dimen name="dp_663">724.88dp</dimen>
<dimen name="dp_664">725.97dp</dimen>
<dimen name="dp_665">727.07dp</dimen>
<dimen name="dp_666">728.16dp</dimen>
<dimen name="dp_667">729.25dp</dimen>
<dimen name="dp_668">730.35dp</dimen>
<dimen name="dp_669">731.44dp</dimen>
<dimen name="dp_670">732.53dp</dimen>
<dimen name="dp_671">733.63dp</dimen>
<dimen name="dp_672">734.72dp</dimen>
<dimen name="dp_673">735.81dp</dimen>
<dimen name="dp_674">736.91dp</dimen>
<dimen name="dp_675">738.00dp</dimen>
<dimen name="dp_676">739.09dp</dimen>
<dimen name="dp_677">740.19dp</dimen>
<dimen name="dp_678">741.28dp</dimen>
<dimen name="dp_679">742.37dp</dimen>
<dimen name="dp_680">743.47dp</dimen>
<dimen name="dp_681">744.56dp</dimen>
<dimen name="dp_682">745.65dp</dimen>
<dimen name="dp_683">746.75dp</dimen>
<dimen name="dp_684">747.84dp</dimen>
<dimen name="dp_685">748.93dp</dimen>
<dimen name="dp_686">750.03dp</dimen>
<dimen name="dp_687">751.12dp</dimen>
<dimen name="dp_688">752.21dp</dimen>
<dimen name="dp_689">753.31dp</dimen>
<dimen name="dp_690">754.40dp</dimen>
<dimen name="dp_691">755.49dp</dimen>
<dimen name="dp_692">756.59dp</dimen>
<dimen name="dp_693">757.68dp</dimen>
<dimen name="dp_694">758.77dp</dimen>
<dimen name="dp_695">759.87dp</dimen>
<dimen name="dp_696">760.96dp</dimen>
<dimen name="dp_697">762.05dp</dimen>
<dimen name="dp_698">763.15dp</dimen>
<dimen name="dp_699">764.24dp</dimen>
<dimen name="dp_700">765.33dp</dimen>
<dimen name="dp_701">766.43dp</dimen>
<dimen name="dp_702">767.52dp</dimen>
<dimen name="dp_703">768.61dp</dimen>
<dimen name="dp_704">769.71dp</dimen>
<dimen name="dp_705">770.80dp</dimen>
<dimen name="dp_706">771.89dp</dimen>
<dimen name="dp_707">772.99dp</dimen>
<dimen name="dp_708">774.08dp</dimen>
<dimen name="dp_709">775.17dp</dimen>
<dimen name="dp_710">776.27dp</dimen>
<dimen name="dp_711">777.36dp</dimen>
<dimen name="dp_712">778.45dp</dimen>
<dimen name="dp_713">779.55dp</dimen>
<dimen name="dp_714">780.64dp</dimen>
<dimen name="dp_715">781.73dp</dimen>
<dimen name="dp_716">782.83dp</dimen>
<dimen name="dp_717">783.92dp</dimen>
<dimen name="dp_718">785.01dp</dimen>
<dimen name="dp_719">786.11dp</dimen>
<dimen name="dp_720">787.20dp</dimen>
</resources>
