<?xml version="1.0" encoding="utf-8"?>
<resources>
<dimen name="base_dpi">470dp</dimen>
<dimen name="dp_0">0.00dp</dimen>
<dimen name="dp_1">1.25dp</dimen>
<dimen name="dp_2">2.51dp</dimen>
<dimen name="dp_3">3.76dp</dimen>
<dimen name="dp_4">5.01dp</dimen>
<dimen name="dp_5">6.27dp</dimen>
<dimen name="dp_6">7.52dp</dimen>
<dimen name="dp_7">8.77dp</dimen>
<dimen name="dp_8">10.03dp</dimen>
<dimen name="dp_9">11.28dp</dimen>
<dimen name="dp_10">12.53dp</dimen>
<dimen name="dp_11">13.79dp</dimen>
<dimen name="dp_12">15.04dp</dimen>
<dimen name="dp_13">16.29dp</dimen>
<dimen name="dp_14">17.55dp</dimen>
<dimen name="dp_15">18.80dp</dimen>
<dimen name="dp_16">20.05dp</dimen>
<dimen name="dp_17">21.31dp</dimen>
<dimen name="dp_18">22.56dp</dimen>
<dimen name="dp_19">23.81dp</dimen>
<dimen name="dp_20">25.07dp</dimen>
<dimen name="dp_21">26.32dp</dimen>
<dimen name="dp_22">27.57dp</dimen>
<dimen name="dp_23">28.83dp</dimen>
<dimen name="dp_24">30.08dp</dimen>
<dimen name="dp_25">31.33dp</dimen>
<dimen name="dp_26">32.59dp</dimen>
<dimen name="dp_27">33.84dp</dimen>
<dimen name="dp_28">35.09dp</dimen>
<dimen name="dp_29">36.35dp</dimen>
<dimen name="dp_30">37.60dp</dimen>
<dimen name="dp_31">38.85dp</dimen>
<dimen name="dp_32">40.11dp</dimen>
<dimen name="dp_33">41.36dp</dimen>
<dimen name="dp_34">42.61dp</dimen>
<dimen name="dp_35">43.87dp</dimen>
<dimen name="dp_36">45.12dp</dimen>
<dimen name="dp_37">46.37dp</dimen>
<dimen name="dp_38">47.63dp</dimen>
<dimen name="dp_39">48.88dp</dimen>
<dimen name="dp_40">50.13dp</dimen>
<dimen name="dp_41">51.39dp</dimen>
<dimen name="dp_42">52.64dp</dimen>
<dimen name="dp_43">53.89dp</dimen>
<dimen name="dp_44">55.15dp</dimen>
<dimen name="dp_45">56.40dp</dimen>
<dimen name="dp_46">57.65dp</dimen>
<dimen name="dp_47">58.91dp</dimen>
<dimen name="dp_48">60.16dp</dimen>
<dimen name="dp_49">61.41dp</dimen>
<dimen name="dp_50">62.67dp</dimen>
<dimen name="dp_51">63.92dp</dimen>
<dimen name="dp_52">65.17dp</dimen>
<dimen name="dp_53">66.43dp</dimen>
<dimen name="dp_54">67.68dp</dimen>
<dimen name="dp_55">68.93dp</dimen>
<dimen name="dp_56">70.19dp</dimen>
<dimen name="dp_57">71.44dp</dimen>
<dimen name="dp_58">72.69dp</dimen>
<dimen name="dp_59">73.95dp</dimen>
<dimen name="dp_60">75.20dp</dimen>
<dimen name="dp_61">76.45dp</dimen>
<dimen name="dp_62">77.71dp</dimen>
<dimen name="dp_63">78.96dp</dimen>
<dimen name="dp_64">80.21dp</dimen>
<dimen name="dp_65">81.47dp</dimen>
<dimen name="dp_66">82.72dp</dimen>
<dimen name="dp_67">83.97dp</dimen>
<dimen name="dp_68">85.23dp</dimen>
<dimen name="dp_69">86.48dp</dimen>
<dimen name="dp_70">87.73dp</dimen>
<dimen name="dp_71">88.99dp</dimen>
<dimen name="dp_72">90.24dp</dimen>
<dimen name="dp_73">91.49dp</dimen>
<dimen name="dp_74">92.75dp</dimen>
<dimen name="dp_75">94.00dp</dimen>
<dimen name="dp_76">95.25dp</dimen>
<dimen name="dp_77">96.51dp</dimen>
<dimen name="dp_78">97.76dp</dimen>
<dimen name="dp_79">99.01dp</dimen>
<dimen name="dp_80">100.27dp</dimen>
<dimen name="dp_81">101.52dp</dimen>
<dimen name="dp_82">102.77dp</dimen>
<dimen name="dp_83">104.03dp</dimen>
<dimen name="dp_84">105.28dp</dimen>
<dimen name="dp_85">106.53dp</dimen>
<dimen name="dp_86">107.79dp</dimen>
<dimen name="dp_87">109.04dp</dimen>
<dimen name="dp_88">110.29dp</dimen>
<dimen name="dp_89">111.55dp</dimen>
<dimen name="dp_90">112.80dp</dimen>
<dimen name="dp_91">114.05dp</dimen>
<dimen name="dp_92">115.31dp</dimen>
<dimen name="dp_93">116.56dp</dimen>
<dimen name="dp_94">117.81dp</dimen>
<dimen name="dp_95">119.07dp</dimen>
<dimen name="dp_96">120.32dp</dimen>
<dimen name="dp_97">121.57dp</dimen>
<dimen name="dp_98">122.83dp</dimen>
<dimen name="dp_99">124.08dp</dimen>
<dimen name="dp_100">125.33dp</dimen>
<dimen name="dp_101">126.59dp</dimen>
<dimen name="dp_102">127.84dp</dimen>
<dimen name="dp_103">129.09dp</dimen>
<dimen name="dp_104">130.35dp</dimen>
<dimen name="dp_105">131.60dp</dimen>
<dimen name="dp_106">132.85dp</dimen>
<dimen name="dp_107">134.11dp</dimen>
<dimen name="dp_108">135.36dp</dimen>
<dimen name="dp_109">136.61dp</dimen>
<dimen name="dp_110">137.87dp</dimen>
<dimen name="dp_111">139.12dp</dimen>
<dimen name="dp_112">140.37dp</dimen>
<dimen name="dp_113">141.63dp</dimen>
<dimen name="dp_114">142.88dp</dimen>
<dimen name="dp_115">144.13dp</dimen>
<dimen name="dp_116">145.39dp</dimen>
<dimen name="dp_117">146.64dp</dimen>
<dimen name="dp_118">147.89dp</dimen>
<dimen name="dp_119">149.15dp</dimen>
<dimen name="dp_120">150.40dp</dimen>
<dimen name="dp_121">151.65dp</dimen>
<dimen name="dp_122">152.91dp</dimen>
<dimen name="dp_123">154.16dp</dimen>
<dimen name="dp_124">155.41dp</dimen>
<dimen name="dp_125">156.67dp</dimen>
<dimen name="dp_126">157.92dp</dimen>
<dimen name="dp_127">159.17dp</dimen>
<dimen name="dp_128">160.43dp</dimen>
<dimen name="dp_129">161.68dp</dimen>
<dimen name="dp_130">162.93dp</dimen>
<dimen name="dp_131">164.19dp</dimen>
<dimen name="dp_132">165.44dp</dimen>
<dimen name="dp_133">166.69dp</dimen>
<dimen name="dp_134">167.95dp</dimen>
<dimen name="dp_135">169.20dp</dimen>
<dimen name="dp_136">170.45dp</dimen>
<dimen name="dp_137">171.71dp</dimen>
<dimen name="dp_138">172.96dp</dimen>
<dimen name="dp_139">174.21dp</dimen>
<dimen name="dp_140">175.47dp</dimen>
<dimen name="dp_141">176.72dp</dimen>
<dimen name="dp_142">177.97dp</dimen>
<dimen name="dp_143">179.23dp</dimen>
<dimen name="dp_144">180.48dp</dimen>
<dimen name="dp_145">181.73dp</dimen>
<dimen name="dp_146">182.99dp</dimen>
<dimen name="dp_147">184.24dp</dimen>
<dimen name="dp_148">185.49dp</dimen>
<dimen name="dp_149">186.75dp</dimen>
<dimen name="dp_150">188.00dp</dimen>
<dimen name="dp_151">189.25dp</dimen>
<dimen name="dp_152">190.51dp</dimen>
<dimen name="dp_153">191.76dp</dimen>
<dimen name="dp_154">193.01dp</dimen>
<dimen name="dp_155">194.27dp</dimen>
<dimen name="dp_156">195.52dp</dimen>
<dimen name="dp_157">196.77dp</dimen>
<dimen name="dp_158">198.03dp</dimen>
<dimen name="dp_159">199.28dp</dimen>
<dimen name="dp_160">200.53dp</dimen>
<dimen name="dp_161">201.79dp</dimen>
<dimen name="dp_162">203.04dp</dimen>
<dimen name="dp_163">204.29dp</dimen>
<dimen name="dp_164">205.55dp</dimen>
<dimen name="dp_165">206.80dp</dimen>
<dimen name="dp_166">208.05dp</dimen>
<dimen name="dp_167">209.31dp</dimen>
<dimen name="dp_168">210.56dp</dimen>
<dimen name="dp_169">211.81dp</dimen>
<dimen name="dp_170">213.07dp</dimen>
<dimen name="dp_171">214.32dp</dimen>
<dimen name="dp_172">215.57dp</dimen>
<dimen name="dp_173">216.83dp</dimen>
<dimen name="dp_174">218.08dp</dimen>
<dimen name="dp_175">219.33dp</dimen>
<dimen name="dp_176">220.59dp</dimen>
<dimen name="dp_177">221.84dp</dimen>
<dimen name="dp_178">223.09dp</dimen>
<dimen name="dp_179">224.35dp</dimen>
<dimen name="dp_180">225.60dp</dimen>
<dimen name="dp_181">226.85dp</dimen>
<dimen name="dp_182">228.11dp</dimen>
<dimen name="dp_183">229.36dp</dimen>
<dimen name="dp_184">230.61dp</dimen>
<dimen name="dp_185">231.87dp</dimen>
<dimen name="dp_186">233.12dp</dimen>
<dimen name="dp_187">234.37dp</dimen>
<dimen name="dp_188">235.63dp</dimen>
<dimen name="dp_189">236.88dp</dimen>
<dimen name="dp_190">238.13dp</dimen>
<dimen name="dp_191">239.39dp</dimen>
<dimen name="dp_192">240.64dp</dimen>
<dimen name="dp_193">241.89dp</dimen>
<dimen name="dp_194">243.15dp</dimen>
<dimen name="dp_195">244.40dp</dimen>
<dimen name="dp_196">245.65dp</dimen>
<dimen name="dp_197">246.91dp</dimen>
<dimen name="dp_198">248.16dp</dimen>
<dimen name="dp_199">249.41dp</dimen>
<dimen name="dp_200">250.67dp</dimen>
<dimen name="dp_201">251.92dp</dimen>
<dimen name="dp_202">253.17dp</dimen>
<dimen name="dp_203">254.43dp</dimen>
<dimen name="dp_204">255.68dp</dimen>
<dimen name="dp_205">256.93dp</dimen>
<dimen name="dp_206">258.19dp</dimen>
<dimen name="dp_207">259.44dp</dimen>
<dimen name="dp_208">260.69dp</dimen>
<dimen name="dp_209">261.95dp</dimen>
<dimen name="dp_210">263.20dp</dimen>
<dimen name="dp_211">264.45dp</dimen>
<dimen name="dp_212">265.71dp</dimen>
<dimen name="dp_213">266.96dp</dimen>
<dimen name="dp_214">268.21dp</dimen>
<dimen name="dp_215">269.47dp</dimen>
<dimen name="dp_216">270.72dp</dimen>
<dimen name="dp_217">271.97dp</dimen>
<dimen name="dp_218">273.23dp</dimen>
<dimen name="dp_219">274.48dp</dimen>
<dimen name="dp_220">275.73dp</dimen>
<dimen name="dp_221">276.99dp</dimen>
<dimen name="dp_222">278.24dp</dimen>
<dimen name="dp_223">279.49dp</dimen>
<dimen name="dp_224">280.75dp</dimen>
<dimen name="dp_225">282.00dp</dimen>
<dimen name="dp_226">283.25dp</dimen>
<dimen name="dp_227">284.51dp</dimen>
<dimen name="dp_228">285.76dp</dimen>
<dimen name="dp_229">287.01dp</dimen>
<dimen name="dp_230">288.27dp</dimen>
<dimen name="dp_231">289.52dp</dimen>
<dimen name="dp_232">290.77dp</dimen>
<dimen name="dp_233">292.03dp</dimen>
<dimen name="dp_234">293.28dp</dimen>
<dimen name="dp_235">294.53dp</dimen>
<dimen name="dp_236">295.79dp</dimen>
<dimen name="dp_237">297.04dp</dimen>
<dimen name="dp_238">298.29dp</dimen>
<dimen name="dp_239">299.55dp</dimen>
<dimen name="dp_240">300.80dp</dimen>
<dimen name="dp_241">302.05dp</dimen>
<dimen name="dp_242">303.31dp</dimen>
<dimen name="dp_243">304.56dp</dimen>
<dimen name="dp_244">305.81dp</dimen>
<dimen name="dp_245">307.07dp</dimen>
<dimen name="dp_246">308.32dp</dimen>
<dimen name="dp_247">309.57dp</dimen>
<dimen name="dp_248">310.83dp</dimen>
<dimen name="dp_249">312.08dp</dimen>
<dimen name="dp_250">313.33dp</dimen>
<dimen name="dp_251">314.59dp</dimen>
<dimen name="dp_252">315.84dp</dimen>
<dimen name="dp_253">317.09dp</dimen>
<dimen name="dp_254">318.35dp</dimen>
<dimen name="dp_255">319.60dp</dimen>
<dimen name="dp_256">320.85dp</dimen>
<dimen name="dp_257">322.11dp</dimen>
<dimen name="dp_258">323.36dp</dimen>
<dimen name="dp_259">324.61dp</dimen>
<dimen name="dp_260">325.87dp</dimen>
<dimen name="dp_261">327.12dp</dimen>
<dimen name="dp_262">328.37dp</dimen>
<dimen name="dp_263">329.63dp</dimen>
<dimen name="dp_264">330.88dp</dimen>
<dimen name="dp_265">332.13dp</dimen>
<dimen name="dp_266">333.39dp</dimen>
<dimen name="dp_267">334.64dp</dimen>
<dimen name="dp_268">335.89dp</dimen>
<dimen name="dp_269">337.15dp</dimen>
<dimen name="dp_270">338.40dp</dimen>
<dimen name="dp_271">339.65dp</dimen>
<dimen name="dp_272">340.91dp</dimen>
<dimen name="dp_273">342.16dp</dimen>
<dimen name="dp_274">343.41dp</dimen>
<dimen name="dp_275">344.67dp</dimen>
<dimen name="dp_276">345.92dp</dimen>
<dimen name="dp_277">347.17dp</dimen>
<dimen name="dp_278">348.43dp</dimen>
<dimen name="dp_279">349.68dp</dimen>
<dimen name="dp_280">350.93dp</dimen>
<dimen name="dp_281">352.19dp</dimen>
<dimen name="dp_282">353.44dp</dimen>
<dimen name="dp_283">354.69dp</dimen>
<dimen name="dp_284">355.95dp</dimen>
<dimen name="dp_285">357.20dp</dimen>
<dimen name="dp_286">358.45dp</dimen>
<dimen name="dp_287">359.71dp</dimen>
<dimen name="dp_288">360.96dp</dimen>
<dimen name="dp_289">362.21dp</dimen>
<dimen name="dp_290">363.47dp</dimen>
<dimen name="dp_291">364.72dp</dimen>
<dimen name="dp_292">365.97dp</dimen>
<dimen name="dp_293">367.23dp</dimen>
<dimen name="dp_294">368.48dp</dimen>
<dimen name="dp_295">369.73dp</dimen>
<dimen name="dp_296">370.99dp</dimen>
<dimen name="dp_297">372.24dp</dimen>
<dimen name="dp_298">373.49dp</dimen>
<dimen name="dp_299">374.75dp</dimen>
<dimen name="dp_300">376.00dp</dimen>
<dimen name="dp_301">377.25dp</dimen>
<dimen name="dp_302">378.51dp</dimen>
<dimen name="dp_303">379.76dp</dimen>
<dimen name="dp_304">381.01dp</dimen>
<dimen name="dp_305">382.27dp</dimen>
<dimen name="dp_306">383.52dp</dimen>
<dimen name="dp_307">384.77dp</dimen>
<dimen name="dp_308">386.03dp</dimen>
<dimen name="dp_309">387.28dp</dimen>
<dimen name="dp_310">388.53dp</dimen>
<dimen name="dp_311">389.79dp</dimen>
<dimen name="dp_312">391.04dp</dimen>
<dimen name="dp_313">392.29dp</dimen>
<dimen name="dp_314">393.55dp</dimen>
<dimen name="dp_315">394.80dp</dimen>
<dimen name="dp_316">396.05dp</dimen>
<dimen name="dp_317">397.31dp</dimen>
<dimen name="dp_318">398.56dp</dimen>
<dimen name="dp_319">399.81dp</dimen>
<dimen name="dp_320">401.07dp</dimen>
<dimen name="dp_321">402.32dp</dimen>
<dimen name="dp_322">403.57dp</dimen>
<dimen name="dp_323">404.83dp</dimen>
<dimen name="dp_324">406.08dp</dimen>
<dimen name="dp_325">407.33dp</dimen>
<dimen name="dp_326">408.59dp</dimen>
<dimen name="dp_327">409.84dp</dimen>
<dimen name="dp_328">411.09dp</dimen>
<dimen name="dp_329">412.35dp</dimen>
<dimen name="dp_330">413.60dp</dimen>
<dimen name="dp_331">414.85dp</dimen>
<dimen name="dp_332">416.11dp</dimen>
<dimen name="dp_333">417.36dp</dimen>
<dimen name="dp_334">418.61dp</dimen>
<dimen name="dp_335">419.87dp</dimen>
<dimen name="dp_336">421.12dp</dimen>
<dimen name="dp_337">422.37dp</dimen>
<dimen name="dp_338">423.63dp</dimen>
<dimen name="dp_339">424.88dp</dimen>
<dimen name="dp_340">426.13dp</dimen>
<dimen name="dp_341">427.39dp</dimen>
<dimen name="dp_342">428.64dp</dimen>
<dimen name="dp_343">429.89dp</dimen>
<dimen name="dp_344">431.15dp</dimen>
<dimen name="dp_345">432.40dp</dimen>
<dimen name="dp_346">433.65dp</dimen>
<dimen name="dp_347">434.91dp</dimen>
<dimen name="dp_348">436.16dp</dimen>
<dimen name="dp_349">437.41dp</dimen>
<dimen name="dp_350">438.67dp</dimen>
<dimen name="dp_351">439.92dp</dimen>
<dimen name="dp_352">441.17dp</dimen>
<dimen name="dp_353">442.43dp</dimen>
<dimen name="dp_354">443.68dp</dimen>
<dimen name="dp_355">444.93dp</dimen>
<dimen name="dp_356">446.19dp</dimen>
<dimen name="dp_357">447.44dp</dimen>
<dimen name="dp_358">448.69dp</dimen>
<dimen name="dp_359">449.95dp</dimen>
<dimen name="dp_360">451.20dp</dimen>
<dimen name="dp_361">452.45dp</dimen>
<dimen name="dp_362">453.71dp</dimen>
<dimen name="dp_363">454.96dp</dimen>
<dimen name="dp_364">456.21dp</dimen>
<dimen name="dp_365">457.47dp</dimen>
<dimen name="dp_366">458.72dp</dimen>
<dimen name="dp_367">459.97dp</dimen>
<dimen name="dp_368">461.23dp</dimen>
<dimen name="dp_369">462.48dp</dimen>
<dimen name="dp_370">463.73dp</dimen>
<dimen name="dp_371">464.99dp</dimen>
<dimen name="dp_372">466.24dp</dimen>
<dimen name="dp_373">467.49dp</dimen>
<dimen name="dp_374">468.75dp</dimen>
<dimen name="dp_375">470.00dp</dimen>
<dimen name="dp_376">471.25dp</dimen>
<dimen name="dp_377">472.51dp</dimen>
<dimen name="dp_378">473.76dp</dimen>
<dimen name="dp_379">475.01dp</dimen>
<dimen name="dp_380">476.27dp</dimen>
<dimen name="dp_381">477.52dp</dimen>
<dimen name="dp_382">478.77dp</dimen>
<dimen name="dp_383">480.03dp</dimen>
<dimen name="dp_384">481.28dp</dimen>
<dimen name="dp_385">482.53dp</dimen>
<dimen name="dp_386">483.79dp</dimen>
<dimen name="dp_387">485.04dp</dimen>
<dimen name="dp_388">486.29dp</dimen>
<dimen name="dp_389">487.55dp</dimen>
<dimen name="dp_390">488.80dp</dimen>
<dimen name="dp_391">490.05dp</dimen>
<dimen name="dp_392">491.31dp</dimen>
<dimen name="dp_393">492.56dp</dimen>
<dimen name="dp_394">493.81dp</dimen>
<dimen name="dp_395">495.07dp</dimen>
<dimen name="dp_396">496.32dp</dimen>
<dimen name="dp_397">497.57dp</dimen>
<dimen name="dp_398">498.83dp</dimen>
<dimen name="dp_399">500.08dp</dimen>
<dimen name="dp_400">501.33dp</dimen>
<dimen name="dp_401">502.59dp</dimen>
<dimen name="dp_402">503.84dp</dimen>
<dimen name="dp_403">505.09dp</dimen>
<dimen name="dp_404">506.35dp</dimen>
<dimen name="dp_405">507.60dp</dimen>
<dimen name="dp_406">508.85dp</dimen>
<dimen name="dp_407">510.11dp</dimen>
<dimen name="dp_408">511.36dp</dimen>
<dimen name="dp_409">512.61dp</dimen>
<dimen name="dp_410">513.87dp</dimen>
<dimen name="dp_411">515.12dp</dimen>
<dimen name="dp_412">516.37dp</dimen>
<dimen name="dp_413">517.63dp</dimen>
<dimen name="dp_414">518.88dp</dimen>
<dimen name="dp_415">520.13dp</dimen>
<dimen name="dp_416">521.39dp</dimen>
<dimen name="dp_417">522.64dp</dimen>
<dimen name="dp_418">523.89dp</dimen>
<dimen name="dp_419">525.15dp</dimen>
<dimen name="dp_420">526.40dp</dimen>
<dimen name="dp_421">527.65dp</dimen>
<dimen name="dp_422">528.91dp</dimen>
<dimen name="dp_423">530.16dp</dimen>
<dimen name="dp_424">531.41dp</dimen>
<dimen name="dp_425">532.67dp</dimen>
<dimen name="dp_426">533.92dp</dimen>
<dimen name="dp_427">535.17dp</dimen>
<dimen name="dp_428">536.43dp</dimen>
<dimen name="dp_429">537.68dp</dimen>
<dimen name="dp_430">538.93dp</dimen>
<dimen name="dp_431">540.19dp</dimen>
<dimen name="dp_432">541.44dp</dimen>
<dimen name="dp_433">542.69dp</dimen>
<dimen name="dp_434">543.95dp</dimen>
<dimen name="dp_435">545.20dp</dimen>
<dimen name="dp_436">546.45dp</dimen>
<dimen name="dp_437">547.71dp</dimen>
<dimen name="dp_438">548.96dp</dimen>
<dimen name="dp_439">550.21dp</dimen>
<dimen name="dp_440">551.47dp</dimen>
<dimen name="dp_441">552.72dp</dimen>
<dimen name="dp_442">553.97dp</dimen>
<dimen name="dp_443">555.23dp</dimen>
<dimen name="dp_444">556.48dp</dimen>
<dimen name="dp_445">557.73dp</dimen>
<dimen name="dp_446">558.99dp</dimen>
<dimen name="dp_447">560.24dp</dimen>
<dimen name="dp_448">561.49dp</dimen>
<dimen name="dp_449">562.75dp</dimen>
<dimen name="dp_450">564.00dp</dimen>
<dimen name="dp_451">565.25dp</dimen>
<dimen name="dp_452">566.51dp</dimen>
<dimen name="dp_453">567.76dp</dimen>
<dimen name="dp_454">569.01dp</dimen>
<dimen name="dp_455">570.27dp</dimen>
<dimen name="dp_456">571.52dp</dimen>
<dimen name="dp_457">572.77dp</dimen>
<dimen name="dp_458">574.03dp</dimen>
<dimen name="dp_459">575.28dp</dimen>
<dimen name="dp_460">576.53dp</dimen>
<dimen name="dp_461">577.79dp</dimen>
<dimen name="dp_462">579.04dp</dimen>
<dimen name="dp_463">580.29dp</dimen>
<dimen name="dp_464">581.55dp</dimen>
<dimen name="dp_465">582.80dp</dimen>
<dimen name="dp_466">584.05dp</dimen>
<dimen name="dp_467">585.31dp</dimen>
<dimen name="dp_468">586.56dp</dimen>
<dimen name="dp_469">587.81dp</dimen>
<dimen name="dp_470">589.07dp</dimen>
<dimen name="dp_471">590.32dp</dimen>
<dimen name="dp_472">591.57dp</dimen>
<dimen name="dp_473">592.83dp</dimen>
<dimen name="dp_474">594.08dp</dimen>
<dimen name="dp_475">595.33dp</dimen>
<dimen name="dp_476">596.59dp</dimen>
<dimen name="dp_477">597.84dp</dimen>
<dimen name="dp_478">599.09dp</dimen>
<dimen name="dp_479">600.35dp</dimen>
<dimen name="dp_480">601.60dp</dimen>
<dimen name="dp_481">602.85dp</dimen>
<dimen name="dp_482">604.11dp</dimen>
<dimen name="dp_483">605.36dp</dimen>
<dimen name="dp_484">606.61dp</dimen>
<dimen name="dp_485">607.87dp</dimen>
<dimen name="dp_486">609.12dp</dimen>
<dimen name="dp_487">610.37dp</dimen>
<dimen name="dp_488">611.63dp</dimen>
<dimen name="dp_489">612.88dp</dimen>
<dimen name="dp_490">614.13dp</dimen>
<dimen name="dp_491">615.39dp</dimen>
<dimen name="dp_492">616.64dp</dimen>
<dimen name="dp_493">617.89dp</dimen>
<dimen name="dp_494">619.15dp</dimen>
<dimen name="dp_495">620.40dp</dimen>
<dimen name="dp_496">621.65dp</dimen>
<dimen name="dp_497">622.91dp</dimen>
<dimen name="dp_498">624.16dp</dimen>
<dimen name="dp_499">625.41dp</dimen>
<dimen name="dp_500">626.67dp</dimen>
<dimen name="dp_501">627.92dp</dimen>
<dimen name="dp_502">629.17dp</dimen>
<dimen name="dp_503">630.43dp</dimen>
<dimen name="dp_504">631.68dp</dimen>
<dimen name="dp_505">632.93dp</dimen>
<dimen name="dp_506">634.19dp</dimen>
<dimen name="dp_507">635.44dp</dimen>
<dimen name="dp_508">636.69dp</dimen>
<dimen name="dp_509">637.95dp</dimen>
<dimen name="dp_510">639.20dp</dimen>
<dimen name="dp_511">640.45dp</dimen>
<dimen name="dp_512">641.71dp</dimen>
<dimen name="dp_513">642.96dp</dimen>
<dimen name="dp_514">644.21dp</dimen>
<dimen name="dp_515">645.47dp</dimen>
<dimen name="dp_516">646.72dp</dimen>
<dimen name="dp_517">647.97dp</dimen>
<dimen name="dp_518">649.23dp</dimen>
<dimen name="dp_519">650.48dp</dimen>
<dimen name="dp_520">651.73dp</dimen>
<dimen name="dp_521">652.99dp</dimen>
<dimen name="dp_522">654.24dp</dimen>
<dimen name="dp_523">655.49dp</dimen>
<dimen name="dp_524">656.75dp</dimen>
<dimen name="dp_525">658.00dp</dimen>
<dimen name="dp_526">659.25dp</dimen>
<dimen name="dp_527">660.51dp</dimen>
<dimen name="dp_528">661.76dp</dimen>
<dimen name="dp_529">663.01dp</dimen>
<dimen name="dp_530">664.27dp</dimen>
<dimen name="dp_531">665.52dp</dimen>
<dimen name="dp_532">666.77dp</dimen>
<dimen name="dp_533">668.03dp</dimen>
<dimen name="dp_534">669.28dp</dimen>
<dimen name="dp_535">670.53dp</dimen>
<dimen name="dp_536">671.79dp</dimen>
<dimen name="dp_537">673.04dp</dimen>
<dimen name="dp_538">674.29dp</dimen>
<dimen name="dp_539">675.55dp</dimen>
<dimen name="dp_540">676.80dp</dimen>
<dimen name="dp_541">678.05dp</dimen>
<dimen name="dp_542">679.31dp</dimen>
<dimen name="dp_543">680.56dp</dimen>
<dimen name="dp_544">681.81dp</dimen>
<dimen name="dp_545">683.07dp</dimen>
<dimen name="dp_546">684.32dp</dimen>
<dimen name="dp_547">685.57dp</dimen>
<dimen name="dp_548">686.83dp</dimen>
<dimen name="dp_549">688.08dp</dimen>
<dimen name="dp_550">689.33dp</dimen>
<dimen name="dp_551">690.59dp</dimen>
<dimen name="dp_552">691.84dp</dimen>
<dimen name="dp_553">693.09dp</dimen>
<dimen name="dp_554">694.35dp</dimen>
<dimen name="dp_555">695.60dp</dimen>
<dimen name="dp_556">696.85dp</dimen>
<dimen name="dp_557">698.11dp</dimen>
<dimen name="dp_558">699.36dp</dimen>
<dimen name="dp_559">700.61dp</dimen>
<dimen name="dp_560">701.87dp</dimen>
<dimen name="dp_561">703.12dp</dimen>
<dimen name="dp_562">704.37dp</dimen>
<dimen name="dp_563">705.63dp</dimen>
<dimen name="dp_564">706.88dp</dimen>
<dimen name="dp_565">708.13dp</dimen>
<dimen name="dp_566">709.39dp</dimen>
<dimen name="dp_567">710.64dp</dimen>
<dimen name="dp_568">711.89dp</dimen>
<dimen name="dp_569">713.15dp</dimen>
<dimen name="dp_570">714.40dp</dimen>
<dimen name="dp_571">715.65dp</dimen>
<dimen name="dp_572">716.91dp</dimen>
<dimen name="dp_573">718.16dp</dimen>
<dimen name="dp_574">719.41dp</dimen>
<dimen name="dp_575">720.67dp</dimen>
<dimen name="dp_576">721.92dp</dimen>
<dimen name="dp_577">723.17dp</dimen>
<dimen name="dp_578">724.43dp</dimen>
<dimen name="dp_579">725.68dp</dimen>
<dimen name="dp_580">726.93dp</dimen>
<dimen name="dp_581">728.19dp</dimen>
<dimen name="dp_582">729.44dp</dimen>
<dimen name="dp_583">730.69dp</dimen>
<dimen name="dp_584">731.95dp</dimen>
<dimen name="dp_585">733.20dp</dimen>
<dimen name="dp_586">734.45dp</dimen>
<dimen name="dp_587">735.71dp</dimen>
<dimen name="dp_588">736.96dp</dimen>
<dimen name="dp_589">738.21dp</dimen>
<dimen name="dp_590">739.47dp</dimen>
<dimen name="dp_591">740.72dp</dimen>
<dimen name="dp_592">741.97dp</dimen>
<dimen name="dp_593">743.23dp</dimen>
<dimen name="dp_594">744.48dp</dimen>
<dimen name="dp_595">745.73dp</dimen>
<dimen name="dp_596">746.99dp</dimen>
<dimen name="dp_597">748.24dp</dimen>
<dimen name="dp_598">749.49dp</dimen>
<dimen name="dp_599">750.75dp</dimen>
<dimen name="dp_600">752.00dp</dimen>
<dimen name="dp_601">753.25dp</dimen>
<dimen name="dp_602">754.51dp</dimen>
<dimen name="dp_603">755.76dp</dimen>
<dimen name="dp_604">757.01dp</dimen>
<dimen name="dp_605">758.27dp</dimen>
<dimen name="dp_606">759.52dp</dimen>
<dimen name="dp_607">760.77dp</dimen>
<dimen name="dp_608">762.03dp</dimen>
<dimen name="dp_609">763.28dp</dimen>
<dimen name="dp_610">764.53dp</dimen>
<dimen name="dp_611">765.79dp</dimen>
<dimen name="dp_612">767.04dp</dimen>
<dimen name="dp_613">768.29dp</dimen>
<dimen name="dp_614">769.55dp</dimen>
<dimen name="dp_615">770.80dp</dimen>
<dimen name="dp_616">772.05dp</dimen>
<dimen name="dp_617">773.31dp</dimen>
<dimen name="dp_618">774.56dp</dimen>
<dimen name="dp_619">775.81dp</dimen>
<dimen name="dp_620">777.07dp</dimen>
<dimen name="dp_621">778.32dp</dimen>
<dimen name="dp_622">779.57dp</dimen>
<dimen name="dp_623">780.83dp</dimen>
<dimen name="dp_624">782.08dp</dimen>
<dimen name="dp_625">783.33dp</dimen>
<dimen name="dp_626">784.59dp</dimen>
<dimen name="dp_627">785.84dp</dimen>
<dimen name="dp_628">787.09dp</dimen>
<dimen name="dp_629">788.35dp</dimen>
<dimen name="dp_630">789.60dp</dimen>
<dimen name="dp_631">790.85dp</dimen>
<dimen name="dp_632">792.11dp</dimen>
<dimen name="dp_633">793.36dp</dimen>
<dimen name="dp_634">794.61dp</dimen>
<dimen name="dp_635">795.87dp</dimen>
<dimen name="dp_636">797.12dp</dimen>
<dimen name="dp_637">798.37dp</dimen>
<dimen name="dp_638">799.63dp</dimen>
<dimen name="dp_639">800.88dp</dimen>
<dimen name="dp_640">802.13dp</dimen>
<dimen name="dp_641">803.39dp</dimen>
<dimen name="dp_642">804.64dp</dimen>
<dimen name="dp_643">805.89dp</dimen>
<dimen name="dp_644">807.15dp</dimen>
<dimen name="dp_645">808.40dp</dimen>
<dimen name="dp_646">809.65dp</dimen>
<dimen name="dp_647">810.91dp</dimen>
<dimen name="dp_648">812.16dp</dimen>
<dimen name="dp_649">813.41dp</dimen>
<dimen name="dp_650">814.67dp</dimen>
<dimen name="dp_651">815.92dp</dimen>
<dimen name="dp_652">817.17dp</dimen>
<dimen name="dp_653">818.43dp</dimen>
<dimen name="dp_654">819.68dp</dimen>
<dimen name="dp_655">820.93dp</dimen>
<dimen name="dp_656">822.19dp</dimen>
<dimen name="dp_657">823.44dp</dimen>
<dimen name="dp_658">824.69dp</dimen>
<dimen name="dp_659">825.95dp</dimen>
<dimen name="dp_660">827.20dp</dimen>
<dimen name="dp_661">828.45dp</dimen>
<dimen name="dp_662">829.71dp</dimen>
<dimen name="dp_663">830.96dp</dimen>
<dimen name="dp_664">832.21dp</dimen>
<dimen name="dp_665">833.47dp</dimen>
<dimen name="dp_666">834.72dp</dimen>
<dimen name="dp_667">835.97dp</dimen>
<dimen name="dp_668">837.23dp</dimen>
<dimen name="dp_669">838.48dp</dimen>
<dimen name="dp_670">839.73dp</dimen>
<dimen name="dp_671">840.99dp</dimen>
<dimen name="dp_672">842.24dp</dimen>
<dimen name="dp_673">843.49dp</dimen>
<dimen name="dp_674">844.75dp</dimen>
<dimen name="dp_675">846.00dp</dimen>
<dimen name="dp_676">847.25dp</dimen>
<dimen name="dp_677">848.51dp</dimen>
<dimen name="dp_678">849.76dp</dimen>
<dimen name="dp_679">851.01dp</dimen>
<dimen name="dp_680">852.27dp</dimen>
<dimen name="dp_681">853.52dp</dimen>
<dimen name="dp_682">854.77dp</dimen>
<dimen name="dp_683">856.03dp</dimen>
<dimen name="dp_684">857.28dp</dimen>
<dimen name="dp_685">858.53dp</dimen>
<dimen name="dp_686">859.79dp</dimen>
<dimen name="dp_687">861.04dp</dimen>
<dimen name="dp_688">862.29dp</dimen>
<dimen name="dp_689">863.55dp</dimen>
<dimen name="dp_690">864.80dp</dimen>
<dimen name="dp_691">866.05dp</dimen>
<dimen name="dp_692">867.31dp</dimen>
<dimen name="dp_693">868.56dp</dimen>
<dimen name="dp_694">869.81dp</dimen>
<dimen name="dp_695">871.07dp</dimen>
<dimen name="dp_696">872.32dp</dimen>
<dimen name="dp_697">873.57dp</dimen>
<dimen name="dp_698">874.83dp</dimen>
<dimen name="dp_699">876.08dp</dimen>
<dimen name="dp_700">877.33dp</dimen>
<dimen name="dp_701">878.59dp</dimen>
<dimen name="dp_702">879.84dp</dimen>
<dimen name="dp_703">881.09dp</dimen>
<dimen name="dp_704">882.35dp</dimen>
<dimen name="dp_705">883.60dp</dimen>
<dimen name="dp_706">884.85dp</dimen>
<dimen name="dp_707">886.11dp</dimen>
<dimen name="dp_708">887.36dp</dimen>
<dimen name="dp_709">888.61dp</dimen>
<dimen name="dp_710">889.87dp</dimen>
<dimen name="dp_711">891.12dp</dimen>
<dimen name="dp_712">892.37dp</dimen>
<dimen name="dp_713">893.63dp</dimen>
<dimen name="dp_714">894.88dp</dimen>
<dimen name="dp_715">896.13dp</dimen>
<dimen name="dp_716">897.39dp</dimen>
<dimen name="dp_717">898.64dp</dimen>
<dimen name="dp_718">899.89dp</dimen>
<dimen name="dp_719">901.15dp</dimen>
<dimen name="dp_720">902.40dp</dimen>
</resources>
