<?xml version="1.0" encoding="utf-8"?>
<resources>
<dimen name="base_dpi">560dp</dimen>
<dimen name="dp_0">0.00dp</dimen>
<dimen name="dp_1">1.49dp</dimen>
<dimen name="dp_2">2.99dp</dimen>
<dimen name="dp_3">4.48dp</dimen>
<dimen name="dp_4">5.97dp</dimen>
<dimen name="dp_5">7.47dp</dimen>
<dimen name="dp_6">8.96dp</dimen>
<dimen name="dp_7">10.45dp</dimen>
<dimen name="dp_8">11.95dp</dimen>
<dimen name="dp_9">13.44dp</dimen>
<dimen name="dp_10">14.93dp</dimen>
<dimen name="dp_11">16.43dp</dimen>
<dimen name="dp_12">17.92dp</dimen>
<dimen name="dp_13">19.41dp</dimen>
<dimen name="dp_14">20.91dp</dimen>
<dimen name="dp_15">22.40dp</dimen>
<dimen name="dp_16">23.89dp</dimen>
<dimen name="dp_17">25.39dp</dimen>
<dimen name="dp_18">26.88dp</dimen>
<dimen name="dp_19">28.37dp</dimen>
<dimen name="dp_20">29.87dp</dimen>
<dimen name="dp_21">31.36dp</dimen>
<dimen name="dp_22">32.85dp</dimen>
<dimen name="dp_23">34.35dp</dimen>
<dimen name="dp_24">35.84dp</dimen>
<dimen name="dp_25">37.33dp</dimen>
<dimen name="dp_26">38.83dp</dimen>
<dimen name="dp_27">40.32dp</dimen>
<dimen name="dp_28">41.81dp</dimen>
<dimen name="dp_29">43.31dp</dimen>
<dimen name="dp_30">44.80dp</dimen>
<dimen name="dp_31">46.29dp</dimen>
<dimen name="dp_32">47.79dp</dimen>
<dimen name="dp_33">49.28dp</dimen>
<dimen name="dp_34">50.77dp</dimen>
<dimen name="dp_35">52.27dp</dimen>
<dimen name="dp_36">53.76dp</dimen>
<dimen name="dp_37">55.25dp</dimen>
<dimen name="dp_38">56.75dp</dimen>
<dimen name="dp_39">58.24dp</dimen>
<dimen name="dp_40">59.73dp</dimen>
<dimen name="dp_41">61.23dp</dimen>
<dimen name="dp_42">62.72dp</dimen>
<dimen name="dp_43">64.21dp</dimen>
<dimen name="dp_44">65.71dp</dimen>
<dimen name="dp_45">67.20dp</dimen>
<dimen name="dp_46">68.69dp</dimen>
<dimen name="dp_47">70.19dp</dimen>
<dimen name="dp_48">71.68dp</dimen>
<dimen name="dp_49">73.17dp</dimen>
<dimen name="dp_50">74.67dp</dimen>
<dimen name="dp_51">76.16dp</dimen>
<dimen name="dp_52">77.65dp</dimen>
<dimen name="dp_53">79.15dp</dimen>
<dimen name="dp_54">80.64dp</dimen>
<dimen name="dp_55">82.13dp</dimen>
<dimen name="dp_56">83.63dp</dimen>
<dimen name="dp_57">85.12dp</dimen>
<dimen name="dp_58">86.61dp</dimen>
<dimen name="dp_59">88.11dp</dimen>
<dimen name="dp_60">89.60dp</dimen>
<dimen name="dp_61">91.09dp</dimen>
<dimen name="dp_62">92.59dp</dimen>
<dimen name="dp_63">94.08dp</dimen>
<dimen name="dp_64">95.57dp</dimen>
<dimen name="dp_65">97.07dp</dimen>
<dimen name="dp_66">98.56dp</dimen>
<dimen name="dp_67">100.05dp</dimen>
<dimen name="dp_68">101.55dp</dimen>
<dimen name="dp_69">103.04dp</dimen>
<dimen name="dp_70">104.53dp</dimen>
<dimen name="dp_71">106.03dp</dimen>
<dimen name="dp_72">107.52dp</dimen>
<dimen name="dp_73">109.01dp</dimen>
<dimen name="dp_74">110.51dp</dimen>
<dimen name="dp_75">112.00dp</dimen>
<dimen name="dp_76">113.49dp</dimen>
<dimen name="dp_77">114.99dp</dimen>
<dimen name="dp_78">116.48dp</dimen>
<dimen name="dp_79">117.97dp</dimen>
<dimen name="dp_80">119.47dp</dimen>
<dimen name="dp_81">120.96dp</dimen>
<dimen name="dp_82">122.45dp</dimen>
<dimen name="dp_83">123.95dp</dimen>
<dimen name="dp_84">125.44dp</dimen>
<dimen name="dp_85">126.93dp</dimen>
<dimen name="dp_86">128.43dp</dimen>
<dimen name="dp_87">129.92dp</dimen>
<dimen name="dp_88">131.41dp</dimen>
<dimen name="dp_89">132.91dp</dimen>
<dimen name="dp_90">134.40dp</dimen>
<dimen name="dp_91">135.89dp</dimen>
<dimen name="dp_92">137.39dp</dimen>
<dimen name="dp_93">138.88dp</dimen>
<dimen name="dp_94">140.37dp</dimen>
<dimen name="dp_95">141.87dp</dimen>
<dimen name="dp_96">143.36dp</dimen>
<dimen name="dp_97">144.85dp</dimen>
<dimen name="dp_98">146.35dp</dimen>
<dimen name="dp_99">147.84dp</dimen>
<dimen name="dp_100">149.33dp</dimen>
<dimen name="dp_101">150.83dp</dimen>
<dimen name="dp_102">152.32dp</dimen>
<dimen name="dp_103">153.81dp</dimen>
<dimen name="dp_104">155.31dp</dimen>
<dimen name="dp_105">156.80dp</dimen>
<dimen name="dp_106">158.29dp</dimen>
<dimen name="dp_107">159.79dp</dimen>
<dimen name="dp_108">161.28dp</dimen>
<dimen name="dp_109">162.77dp</dimen>
<dimen name="dp_110">164.27dp</dimen>
<dimen name="dp_111">165.76dp</dimen>
<dimen name="dp_112">167.25dp</dimen>
<dimen name="dp_113">168.75dp</dimen>
<dimen name="dp_114">170.24dp</dimen>
<dimen name="dp_115">171.73dp</dimen>
<dimen name="dp_116">173.23dp</dimen>
<dimen name="dp_117">174.72dp</dimen>
<dimen name="dp_118">176.21dp</dimen>
<dimen name="dp_119">177.71dp</dimen>
<dimen name="dp_120">179.20dp</dimen>
<dimen name="dp_121">180.69dp</dimen>
<dimen name="dp_122">182.19dp</dimen>
<dimen name="dp_123">183.68dp</dimen>
<dimen name="dp_124">185.17dp</dimen>
<dimen name="dp_125">186.67dp</dimen>
<dimen name="dp_126">188.16dp</dimen>
<dimen name="dp_127">189.65dp</dimen>
<dimen name="dp_128">191.15dp</dimen>
<dimen name="dp_129">192.64dp</dimen>
<dimen name="dp_130">194.13dp</dimen>
<dimen name="dp_131">195.63dp</dimen>
<dimen name="dp_132">197.12dp</dimen>
<dimen name="dp_133">198.61dp</dimen>
<dimen name="dp_134">200.11dp</dimen>
<dimen name="dp_135">201.60dp</dimen>
<dimen name="dp_136">203.09dp</dimen>
<dimen name="dp_137">204.59dp</dimen>
<dimen name="dp_138">206.08dp</dimen>
<dimen name="dp_139">207.57dp</dimen>
<dimen name="dp_140">209.07dp</dimen>
<dimen name="dp_141">210.56dp</dimen>
<dimen name="dp_142">212.05dp</dimen>
<dimen name="dp_143">213.55dp</dimen>
<dimen name="dp_144">215.04dp</dimen>
<dimen name="dp_145">216.53dp</dimen>
<dimen name="dp_146">218.03dp</dimen>
<dimen name="dp_147">219.52dp</dimen>
<dimen name="dp_148">221.01dp</dimen>
<dimen name="dp_149">222.51dp</dimen>
<dimen name="dp_150">224.00dp</dimen>
<dimen name="dp_151">225.49dp</dimen>
<dimen name="dp_152">226.99dp</dimen>
<dimen name="dp_153">228.48dp</dimen>
<dimen name="dp_154">229.97dp</dimen>
<dimen name="dp_155">231.47dp</dimen>
<dimen name="dp_156">232.96dp</dimen>
<dimen name="dp_157">234.45dp</dimen>
<dimen name="dp_158">235.95dp</dimen>
<dimen name="dp_159">237.44dp</dimen>
<dimen name="dp_160">238.93dp</dimen>
<dimen name="dp_161">240.43dp</dimen>
<dimen name="dp_162">241.92dp</dimen>
<dimen name="dp_163">243.41dp</dimen>
<dimen name="dp_164">244.91dp</dimen>
<dimen name="dp_165">246.40dp</dimen>
<dimen name="dp_166">247.89dp</dimen>
<dimen name="dp_167">249.39dp</dimen>
<dimen name="dp_168">250.88dp</dimen>
<dimen name="dp_169">252.37dp</dimen>
<dimen name="dp_170">253.87dp</dimen>
<dimen name="dp_171">255.36dp</dimen>
<dimen name="dp_172">256.85dp</dimen>
<dimen name="dp_173">258.35dp</dimen>
<dimen name="dp_174">259.84dp</dimen>
<dimen name="dp_175">261.33dp</dimen>
<dimen name="dp_176">262.83dp</dimen>
<dimen name="dp_177">264.32dp</dimen>
<dimen name="dp_178">265.81dp</dimen>
<dimen name="dp_179">267.31dp</dimen>
<dimen name="dp_180">268.80dp</dimen>
<dimen name="dp_181">270.29dp</dimen>
<dimen name="dp_182">271.79dp</dimen>
<dimen name="dp_183">273.28dp</dimen>
<dimen name="dp_184">274.77dp</dimen>
<dimen name="dp_185">276.27dp</dimen>
<dimen name="dp_186">277.76dp</dimen>
<dimen name="dp_187">279.25dp</dimen>
<dimen name="dp_188">280.75dp</dimen>
<dimen name="dp_189">282.24dp</dimen>
<dimen name="dp_190">283.73dp</dimen>
<dimen name="dp_191">285.23dp</dimen>
<dimen name="dp_192">286.72dp</dimen>
<dimen name="dp_193">288.21dp</dimen>
<dimen name="dp_194">289.71dp</dimen>
<dimen name="dp_195">291.20dp</dimen>
<dimen name="dp_196">292.69dp</dimen>
<dimen name="dp_197">294.19dp</dimen>
<dimen name="dp_198">295.68dp</dimen>
<dimen name="dp_199">297.17dp</dimen>
<dimen name="dp_200">298.67dp</dimen>
<dimen name="dp_201">300.16dp</dimen>
<dimen name="dp_202">301.65dp</dimen>
<dimen name="dp_203">303.15dp</dimen>
<dimen name="dp_204">304.64dp</dimen>
<dimen name="dp_205">306.13dp</dimen>
<dimen name="dp_206">307.63dp</dimen>
<dimen name="dp_207">309.12dp</dimen>
<dimen name="dp_208">310.61dp</dimen>
<dimen name="dp_209">312.11dp</dimen>
<dimen name="dp_210">313.60dp</dimen>
<dimen name="dp_211">315.09dp</dimen>
<dimen name="dp_212">316.59dp</dimen>
<dimen name="dp_213">318.08dp</dimen>
<dimen name="dp_214">319.57dp</dimen>
<dimen name="dp_215">321.07dp</dimen>
<dimen name="dp_216">322.56dp</dimen>
<dimen name="dp_217">324.05dp</dimen>
<dimen name="dp_218">325.55dp</dimen>
<dimen name="dp_219">327.04dp</dimen>
<dimen name="dp_220">328.53dp</dimen>
<dimen name="dp_221">330.03dp</dimen>
<dimen name="dp_222">331.52dp</dimen>
<dimen name="dp_223">333.01dp</dimen>
<dimen name="dp_224">334.51dp</dimen>
<dimen name="dp_225">336.00dp</dimen>
<dimen name="dp_226">337.49dp</dimen>
<dimen name="dp_227">338.99dp</dimen>
<dimen name="dp_228">340.48dp</dimen>
<dimen name="dp_229">341.97dp</dimen>
<dimen name="dp_230">343.47dp</dimen>
<dimen name="dp_231">344.96dp</dimen>
<dimen name="dp_232">346.45dp</dimen>
<dimen name="dp_233">347.95dp</dimen>
<dimen name="dp_234">349.44dp</dimen>
<dimen name="dp_235">350.93dp</dimen>
<dimen name="dp_236">352.43dp</dimen>
<dimen name="dp_237">353.92dp</dimen>
<dimen name="dp_238">355.41dp</dimen>
<dimen name="dp_239">356.91dp</dimen>
<dimen name="dp_240">358.40dp</dimen>
<dimen name="dp_241">359.89dp</dimen>
<dimen name="dp_242">361.39dp</dimen>
<dimen name="dp_243">362.88dp</dimen>
<dimen name="dp_244">364.37dp</dimen>
<dimen name="dp_245">365.87dp</dimen>
<dimen name="dp_246">367.36dp</dimen>
<dimen name="dp_247">368.85dp</dimen>
<dimen name="dp_248">370.35dp</dimen>
<dimen name="dp_249">371.84dp</dimen>
<dimen name="dp_250">373.33dp</dimen>
<dimen name="dp_251">374.83dp</dimen>
<dimen name="dp_252">376.32dp</dimen>
<dimen name="dp_253">377.81dp</dimen>
<dimen name="dp_254">379.31dp</dimen>
<dimen name="dp_255">380.80dp</dimen>
<dimen name="dp_256">382.29dp</dimen>
<dimen name="dp_257">383.79dp</dimen>
<dimen name="dp_258">385.28dp</dimen>
<dimen name="dp_259">386.77dp</dimen>
<dimen name="dp_260">388.27dp</dimen>
<dimen name="dp_261">389.76dp</dimen>
<dimen name="dp_262">391.25dp</dimen>
<dimen name="dp_263">392.75dp</dimen>
<dimen name="dp_264">394.24dp</dimen>
<dimen name="dp_265">395.73dp</dimen>
<dimen name="dp_266">397.23dp</dimen>
<dimen name="dp_267">398.72dp</dimen>
<dimen name="dp_268">400.21dp</dimen>
<dimen name="dp_269">401.71dp</dimen>
<dimen name="dp_270">403.20dp</dimen>
<dimen name="dp_271">404.69dp</dimen>
<dimen name="dp_272">406.19dp</dimen>
<dimen name="dp_273">407.68dp</dimen>
<dimen name="dp_274">409.17dp</dimen>
<dimen name="dp_275">410.67dp</dimen>
<dimen name="dp_276">412.16dp</dimen>
<dimen name="dp_277">413.65dp</dimen>
<dimen name="dp_278">415.15dp</dimen>
<dimen name="dp_279">416.64dp</dimen>
<dimen name="dp_280">418.13dp</dimen>
<dimen name="dp_281">419.63dp</dimen>
<dimen name="dp_282">421.12dp</dimen>
<dimen name="dp_283">422.61dp</dimen>
<dimen name="dp_284">424.11dp</dimen>
<dimen name="dp_285">425.60dp</dimen>
<dimen name="dp_286">427.09dp</dimen>
<dimen name="dp_287">428.59dp</dimen>
<dimen name="dp_288">430.08dp</dimen>
<dimen name="dp_289">431.57dp</dimen>
<dimen name="dp_290">433.07dp</dimen>
<dimen name="dp_291">434.56dp</dimen>
<dimen name="dp_292">436.05dp</dimen>
<dimen name="dp_293">437.55dp</dimen>
<dimen name="dp_294">439.04dp</dimen>
<dimen name="dp_295">440.53dp</dimen>
<dimen name="dp_296">442.03dp</dimen>
<dimen name="dp_297">443.52dp</dimen>
<dimen name="dp_298">445.01dp</dimen>
<dimen name="dp_299">446.51dp</dimen>
<dimen name="dp_300">448.00dp</dimen>
<dimen name="dp_301">449.49dp</dimen>
<dimen name="dp_302">450.99dp</dimen>
<dimen name="dp_303">452.48dp</dimen>
<dimen name="dp_304">453.97dp</dimen>
<dimen name="dp_305">455.47dp</dimen>
<dimen name="dp_306">456.96dp</dimen>
<dimen name="dp_307">458.45dp</dimen>
<dimen name="dp_308">459.95dp</dimen>
<dimen name="dp_309">461.44dp</dimen>
<dimen name="dp_310">462.93dp</dimen>
<dimen name="dp_311">464.43dp</dimen>
<dimen name="dp_312">465.92dp</dimen>
<dimen name="dp_313">467.41dp</dimen>
<dimen name="dp_314">468.91dp</dimen>
<dimen name="dp_315">470.40dp</dimen>
<dimen name="dp_316">471.89dp</dimen>
<dimen name="dp_317">473.39dp</dimen>
<dimen name="dp_318">474.88dp</dimen>
<dimen name="dp_319">476.37dp</dimen>
<dimen name="dp_320">477.87dp</dimen>
<dimen name="dp_321">479.36dp</dimen>
<dimen name="dp_322">480.85dp</dimen>
<dimen name="dp_323">482.35dp</dimen>
<dimen name="dp_324">483.84dp</dimen>
<dimen name="dp_325">485.33dp</dimen>
<dimen name="dp_326">486.83dp</dimen>
<dimen name="dp_327">488.32dp</dimen>
<dimen name="dp_328">489.81dp</dimen>
<dimen name="dp_329">491.31dp</dimen>
<dimen name="dp_330">492.80dp</dimen>
<dimen name="dp_331">494.29dp</dimen>
<dimen name="dp_332">495.79dp</dimen>
<dimen name="dp_333">497.28dp</dimen>
<dimen name="dp_334">498.77dp</dimen>
<dimen name="dp_335">500.27dp</dimen>
<dimen name="dp_336">501.76dp</dimen>
<dimen name="dp_337">503.25dp</dimen>
<dimen name="dp_338">504.75dp</dimen>
<dimen name="dp_339">506.24dp</dimen>
<dimen name="dp_340">507.73dp</dimen>
<dimen name="dp_341">509.23dp</dimen>
<dimen name="dp_342">510.72dp</dimen>
<dimen name="dp_343">512.21dp</dimen>
<dimen name="dp_344">513.71dp</dimen>
<dimen name="dp_345">515.20dp</dimen>
<dimen name="dp_346">516.69dp</dimen>
<dimen name="dp_347">518.19dp</dimen>
<dimen name="dp_348">519.68dp</dimen>
<dimen name="dp_349">521.17dp</dimen>
<dimen name="dp_350">522.67dp</dimen>
<dimen name="dp_351">524.16dp</dimen>
<dimen name="dp_352">525.65dp</dimen>
<dimen name="dp_353">527.15dp</dimen>
<dimen name="dp_354">528.64dp</dimen>
<dimen name="dp_355">530.13dp</dimen>
<dimen name="dp_356">531.63dp</dimen>
<dimen name="dp_357">533.12dp</dimen>
<dimen name="dp_358">534.61dp</dimen>
<dimen name="dp_359">536.11dp</dimen>
<dimen name="dp_360">537.60dp</dimen>
<dimen name="dp_361">539.09dp</dimen>
<dimen name="dp_362">540.59dp</dimen>
<dimen name="dp_363">542.08dp</dimen>
<dimen name="dp_364">543.57dp</dimen>
<dimen name="dp_365">545.07dp</dimen>
<dimen name="dp_366">546.56dp</dimen>
<dimen name="dp_367">548.05dp</dimen>
<dimen name="dp_368">549.55dp</dimen>
<dimen name="dp_369">551.04dp</dimen>
<dimen name="dp_370">552.53dp</dimen>
<dimen name="dp_371">554.03dp</dimen>
<dimen name="dp_372">555.52dp</dimen>
<dimen name="dp_373">557.01dp</dimen>
<dimen name="dp_374">558.51dp</dimen>
<dimen name="dp_375">560.00dp</dimen>
<dimen name="dp_376">561.49dp</dimen>
<dimen name="dp_377">562.99dp</dimen>
<dimen name="dp_378">564.48dp</dimen>
<dimen name="dp_379">565.97dp</dimen>
<dimen name="dp_380">567.47dp</dimen>
<dimen name="dp_381">568.96dp</dimen>
<dimen name="dp_382">570.45dp</dimen>
<dimen name="dp_383">571.95dp</dimen>
<dimen name="dp_384">573.44dp</dimen>
<dimen name="dp_385">574.93dp</dimen>
<dimen name="dp_386">576.43dp</dimen>
<dimen name="dp_387">577.92dp</dimen>
<dimen name="dp_388">579.41dp</dimen>
<dimen name="dp_389">580.91dp</dimen>
<dimen name="dp_390">582.40dp</dimen>
<dimen name="dp_391">583.89dp</dimen>
<dimen name="dp_392">585.39dp</dimen>
<dimen name="dp_393">586.88dp</dimen>
<dimen name="dp_394">588.37dp</dimen>
<dimen name="dp_395">589.87dp</dimen>
<dimen name="dp_396">591.36dp</dimen>
<dimen name="dp_397">592.85dp</dimen>
<dimen name="dp_398">594.35dp</dimen>
<dimen name="dp_399">595.84dp</dimen>
<dimen name="dp_400">597.33dp</dimen>
<dimen name="dp_401">598.83dp</dimen>
<dimen name="dp_402">600.32dp</dimen>
<dimen name="dp_403">601.81dp</dimen>
<dimen name="dp_404">603.31dp</dimen>
<dimen name="dp_405">604.80dp</dimen>
<dimen name="dp_406">606.29dp</dimen>
<dimen name="dp_407">607.79dp</dimen>
<dimen name="dp_408">609.28dp</dimen>
<dimen name="dp_409">610.77dp</dimen>
<dimen name="dp_410">612.27dp</dimen>
<dimen name="dp_411">613.76dp</dimen>
<dimen name="dp_412">615.25dp</dimen>
<dimen name="dp_413">616.75dp</dimen>
<dimen name="dp_414">618.24dp</dimen>
<dimen name="dp_415">619.73dp</dimen>
<dimen name="dp_416">621.23dp</dimen>
<dimen name="dp_417">622.72dp</dimen>
<dimen name="dp_418">624.21dp</dimen>
<dimen name="dp_419">625.71dp</dimen>
<dimen name="dp_420">627.20dp</dimen>
<dimen name="dp_421">628.69dp</dimen>
<dimen name="dp_422">630.19dp</dimen>
<dimen name="dp_423">631.68dp</dimen>
<dimen name="dp_424">633.17dp</dimen>
<dimen name="dp_425">634.67dp</dimen>
<dimen name="dp_426">636.16dp</dimen>
<dimen name="dp_427">637.65dp</dimen>
<dimen name="dp_428">639.15dp</dimen>
<dimen name="dp_429">640.64dp</dimen>
<dimen name="dp_430">642.13dp</dimen>
<dimen name="dp_431">643.63dp</dimen>
<dimen name="dp_432">645.12dp</dimen>
<dimen name="dp_433">646.61dp</dimen>
<dimen name="dp_434">648.11dp</dimen>
<dimen name="dp_435">649.60dp</dimen>
<dimen name="dp_436">651.09dp</dimen>
<dimen name="dp_437">652.59dp</dimen>
<dimen name="dp_438">654.08dp</dimen>
<dimen name="dp_439">655.57dp</dimen>
<dimen name="dp_440">657.07dp</dimen>
<dimen name="dp_441">658.56dp</dimen>
<dimen name="dp_442">660.05dp</dimen>
<dimen name="dp_443">661.55dp</dimen>
<dimen name="dp_444">663.04dp</dimen>
<dimen name="dp_445">664.53dp</dimen>
<dimen name="dp_446">666.03dp</dimen>
<dimen name="dp_447">667.52dp</dimen>
<dimen name="dp_448">669.01dp</dimen>
<dimen name="dp_449">670.51dp</dimen>
<dimen name="dp_450">672.00dp</dimen>
<dimen name="dp_451">673.49dp</dimen>
<dimen name="dp_452">674.99dp</dimen>
<dimen name="dp_453">676.48dp</dimen>
<dimen name="dp_454">677.97dp</dimen>
<dimen name="dp_455">679.47dp</dimen>
<dimen name="dp_456">680.96dp</dimen>
<dimen name="dp_457">682.45dp</dimen>
<dimen name="dp_458">683.95dp</dimen>
<dimen name="dp_459">685.44dp</dimen>
<dimen name="dp_460">686.93dp</dimen>
<dimen name="dp_461">688.43dp</dimen>
<dimen name="dp_462">689.92dp</dimen>
<dimen name="dp_463">691.41dp</dimen>
<dimen name="dp_464">692.91dp</dimen>
<dimen name="dp_465">694.40dp</dimen>
<dimen name="dp_466">695.89dp</dimen>
<dimen name="dp_467">697.39dp</dimen>
<dimen name="dp_468">698.88dp</dimen>
<dimen name="dp_469">700.37dp</dimen>
<dimen name="dp_470">701.87dp</dimen>
<dimen name="dp_471">703.36dp</dimen>
<dimen name="dp_472">704.85dp</dimen>
<dimen name="dp_473">706.35dp</dimen>
<dimen name="dp_474">707.84dp</dimen>
<dimen name="dp_475">709.33dp</dimen>
<dimen name="dp_476">710.83dp</dimen>
<dimen name="dp_477">712.32dp</dimen>
<dimen name="dp_478">713.81dp</dimen>
<dimen name="dp_479">715.31dp</dimen>
<dimen name="dp_480">716.80dp</dimen>
<dimen name="dp_481">718.29dp</dimen>
<dimen name="dp_482">719.79dp</dimen>
<dimen name="dp_483">721.28dp</dimen>
<dimen name="dp_484">722.77dp</dimen>
<dimen name="dp_485">724.27dp</dimen>
<dimen name="dp_486">725.76dp</dimen>
<dimen name="dp_487">727.25dp</dimen>
<dimen name="dp_488">728.75dp</dimen>
<dimen name="dp_489">730.24dp</dimen>
<dimen name="dp_490">731.73dp</dimen>
<dimen name="dp_491">733.23dp</dimen>
<dimen name="dp_492">734.72dp</dimen>
<dimen name="dp_493">736.21dp</dimen>
<dimen name="dp_494">737.71dp</dimen>
<dimen name="dp_495">739.20dp</dimen>
<dimen name="dp_496">740.69dp</dimen>
<dimen name="dp_497">742.19dp</dimen>
<dimen name="dp_498">743.68dp</dimen>
<dimen name="dp_499">745.17dp</dimen>
<dimen name="dp_500">746.67dp</dimen>
<dimen name="dp_501">748.16dp</dimen>
<dimen name="dp_502">749.65dp</dimen>
<dimen name="dp_503">751.15dp</dimen>
<dimen name="dp_504">752.64dp</dimen>
<dimen name="dp_505">754.13dp</dimen>
<dimen name="dp_506">755.63dp</dimen>
<dimen name="dp_507">757.12dp</dimen>
<dimen name="dp_508">758.61dp</dimen>
<dimen name="dp_509">760.11dp</dimen>
<dimen name="dp_510">761.60dp</dimen>
<dimen name="dp_511">763.09dp</dimen>
<dimen name="dp_512">764.59dp</dimen>
<dimen name="dp_513">766.08dp</dimen>
<dimen name="dp_514">767.57dp</dimen>
<dimen name="dp_515">769.07dp</dimen>
<dimen name="dp_516">770.56dp</dimen>
<dimen name="dp_517">772.05dp</dimen>
<dimen name="dp_518">773.55dp</dimen>
<dimen name="dp_519">775.04dp</dimen>
<dimen name="dp_520">776.53dp</dimen>
<dimen name="dp_521">778.03dp</dimen>
<dimen name="dp_522">779.52dp</dimen>
<dimen name="dp_523">781.01dp</dimen>
<dimen name="dp_524">782.51dp</dimen>
<dimen name="dp_525">784.00dp</dimen>
<dimen name="dp_526">785.49dp</dimen>
<dimen name="dp_527">786.99dp</dimen>
<dimen name="dp_528">788.48dp</dimen>
<dimen name="dp_529">789.97dp</dimen>
<dimen name="dp_530">791.47dp</dimen>
<dimen name="dp_531">792.96dp</dimen>
<dimen name="dp_532">794.45dp</dimen>
<dimen name="dp_533">795.95dp</dimen>
<dimen name="dp_534">797.44dp</dimen>
<dimen name="dp_535">798.93dp</dimen>
<dimen name="dp_536">800.43dp</dimen>
<dimen name="dp_537">801.92dp</dimen>
<dimen name="dp_538">803.41dp</dimen>
<dimen name="dp_539">804.91dp</dimen>
<dimen name="dp_540">806.40dp</dimen>
<dimen name="dp_541">807.89dp</dimen>
<dimen name="dp_542">809.39dp</dimen>
<dimen name="dp_543">810.88dp</dimen>
<dimen name="dp_544">812.37dp</dimen>
<dimen name="dp_545">813.87dp</dimen>
<dimen name="dp_546">815.36dp</dimen>
<dimen name="dp_547">816.85dp</dimen>
<dimen name="dp_548">818.35dp</dimen>
<dimen name="dp_549">819.84dp</dimen>
<dimen name="dp_550">821.33dp</dimen>
<dimen name="dp_551">822.83dp</dimen>
<dimen name="dp_552">824.32dp</dimen>
<dimen name="dp_553">825.81dp</dimen>
<dimen name="dp_554">827.31dp</dimen>
<dimen name="dp_555">828.80dp</dimen>
<dimen name="dp_556">830.29dp</dimen>
<dimen name="dp_557">831.79dp</dimen>
<dimen name="dp_558">833.28dp</dimen>
<dimen name="dp_559">834.77dp</dimen>
<dimen name="dp_560">836.27dp</dimen>
<dimen name="dp_561">837.76dp</dimen>
<dimen name="dp_562">839.25dp</dimen>
<dimen name="dp_563">840.75dp</dimen>
<dimen name="dp_564">842.24dp</dimen>
<dimen name="dp_565">843.73dp</dimen>
<dimen name="dp_566">845.23dp</dimen>
<dimen name="dp_567">846.72dp</dimen>
<dimen name="dp_568">848.21dp</dimen>
<dimen name="dp_569">849.71dp</dimen>
<dimen name="dp_570">851.20dp</dimen>
<dimen name="dp_571">852.69dp</dimen>
<dimen name="dp_572">854.19dp</dimen>
<dimen name="dp_573">855.68dp</dimen>
<dimen name="dp_574">857.17dp</dimen>
<dimen name="dp_575">858.67dp</dimen>
<dimen name="dp_576">860.16dp</dimen>
<dimen name="dp_577">861.65dp</dimen>
<dimen name="dp_578">863.15dp</dimen>
<dimen name="dp_579">864.64dp</dimen>
<dimen name="dp_580">866.13dp</dimen>
<dimen name="dp_581">867.63dp</dimen>
<dimen name="dp_582">869.12dp</dimen>
<dimen name="dp_583">870.61dp</dimen>
<dimen name="dp_584">872.11dp</dimen>
<dimen name="dp_585">873.60dp</dimen>
<dimen name="dp_586">875.09dp</dimen>
<dimen name="dp_587">876.59dp</dimen>
<dimen name="dp_588">878.08dp</dimen>
<dimen name="dp_589">879.57dp</dimen>
<dimen name="dp_590">881.07dp</dimen>
<dimen name="dp_591">882.56dp</dimen>
<dimen name="dp_592">884.05dp</dimen>
<dimen name="dp_593">885.55dp</dimen>
<dimen name="dp_594">887.04dp</dimen>
<dimen name="dp_595">888.53dp</dimen>
<dimen name="dp_596">890.03dp</dimen>
<dimen name="dp_597">891.52dp</dimen>
<dimen name="dp_598">893.01dp</dimen>
<dimen name="dp_599">894.51dp</dimen>
<dimen name="dp_600">896.00dp</dimen>
<dimen name="dp_601">897.49dp</dimen>
<dimen name="dp_602">898.99dp</dimen>
<dimen name="dp_603">900.48dp</dimen>
<dimen name="dp_604">901.97dp</dimen>
<dimen name="dp_605">903.47dp</dimen>
<dimen name="dp_606">904.96dp</dimen>
<dimen name="dp_607">906.45dp</dimen>
<dimen name="dp_608">907.95dp</dimen>
<dimen name="dp_609">909.44dp</dimen>
<dimen name="dp_610">910.93dp</dimen>
<dimen name="dp_611">912.43dp</dimen>
<dimen name="dp_612">913.92dp</dimen>
<dimen name="dp_613">915.41dp</dimen>
<dimen name="dp_614">916.91dp</dimen>
<dimen name="dp_615">918.40dp</dimen>
<dimen name="dp_616">919.89dp</dimen>
<dimen name="dp_617">921.39dp</dimen>
<dimen name="dp_618">922.88dp</dimen>
<dimen name="dp_619">924.37dp</dimen>
<dimen name="dp_620">925.87dp</dimen>
<dimen name="dp_621">927.36dp</dimen>
<dimen name="dp_622">928.85dp</dimen>
<dimen name="dp_623">930.35dp</dimen>
<dimen name="dp_624">931.84dp</dimen>
<dimen name="dp_625">933.33dp</dimen>
<dimen name="dp_626">934.83dp</dimen>
<dimen name="dp_627">936.32dp</dimen>
<dimen name="dp_628">937.81dp</dimen>
<dimen name="dp_629">939.31dp</dimen>
<dimen name="dp_630">940.80dp</dimen>
<dimen name="dp_631">942.29dp</dimen>
<dimen name="dp_632">943.79dp</dimen>
<dimen name="dp_633">945.28dp</dimen>
<dimen name="dp_634">946.77dp</dimen>
<dimen name="dp_635">948.27dp</dimen>
<dimen name="dp_636">949.76dp</dimen>
<dimen name="dp_637">951.25dp</dimen>
<dimen name="dp_638">952.75dp</dimen>
<dimen name="dp_639">954.24dp</dimen>
<dimen name="dp_640">955.73dp</dimen>
<dimen name="dp_641">957.23dp</dimen>
<dimen name="dp_642">958.72dp</dimen>
<dimen name="dp_643">960.21dp</dimen>
<dimen name="dp_644">961.71dp</dimen>
<dimen name="dp_645">963.20dp</dimen>
<dimen name="dp_646">964.69dp</dimen>
<dimen name="dp_647">966.19dp</dimen>
<dimen name="dp_648">967.68dp</dimen>
<dimen name="dp_649">969.17dp</dimen>
<dimen name="dp_650">970.67dp</dimen>
<dimen name="dp_651">972.16dp</dimen>
<dimen name="dp_652">973.65dp</dimen>
<dimen name="dp_653">975.15dp</dimen>
<dimen name="dp_654">976.64dp</dimen>
<dimen name="dp_655">978.13dp</dimen>
<dimen name="dp_656">979.63dp</dimen>
<dimen name="dp_657">981.12dp</dimen>
<dimen name="dp_658">982.61dp</dimen>
<dimen name="dp_659">984.11dp</dimen>
<dimen name="dp_660">985.60dp</dimen>
<dimen name="dp_661">987.09dp</dimen>
<dimen name="dp_662">988.59dp</dimen>
<dimen name="dp_663">990.08dp</dimen>
<dimen name="dp_664">991.57dp</dimen>
<dimen name="dp_665">993.07dp</dimen>
<dimen name="dp_666">994.56dp</dimen>
<dimen name="dp_667">996.05dp</dimen>
<dimen name="dp_668">997.55dp</dimen>
<dimen name="dp_669">999.04dp</dimen>
<dimen name="dp_670">1000.53dp</dimen>
<dimen name="dp_671">1002.03dp</dimen>
<dimen name="dp_672">1003.52dp</dimen>
<dimen name="dp_673">1005.01dp</dimen>
<dimen name="dp_674">1006.51dp</dimen>
<dimen name="dp_675">1008.00dp</dimen>
<dimen name="dp_676">1009.49dp</dimen>
<dimen name="dp_677">1010.99dp</dimen>
<dimen name="dp_678">1012.48dp</dimen>
<dimen name="dp_679">1013.97dp</dimen>
<dimen name="dp_680">1015.47dp</dimen>
<dimen name="dp_681">1016.96dp</dimen>
<dimen name="dp_682">1018.45dp</dimen>
<dimen name="dp_683">1019.95dp</dimen>
<dimen name="dp_684">1021.44dp</dimen>
<dimen name="dp_685">1022.93dp</dimen>
<dimen name="dp_686">1024.43dp</dimen>
<dimen name="dp_687">1025.92dp</dimen>
<dimen name="dp_688">1027.41dp</dimen>
<dimen name="dp_689">1028.91dp</dimen>
<dimen name="dp_690">1030.40dp</dimen>
<dimen name="dp_691">1031.89dp</dimen>
<dimen name="dp_692">1033.39dp</dimen>
<dimen name="dp_693">1034.88dp</dimen>
<dimen name="dp_694">1036.37dp</dimen>
<dimen name="dp_695">1037.87dp</dimen>
<dimen name="dp_696">1039.36dp</dimen>
<dimen name="dp_697">1040.85dp</dimen>
<dimen name="dp_698">1042.35dp</dimen>
<dimen name="dp_699">1043.84dp</dimen>
<dimen name="dp_700">1045.33dp</dimen>
<dimen name="dp_701">1046.83dp</dimen>
<dimen name="dp_702">1048.32dp</dimen>
<dimen name="dp_703">1049.81dp</dimen>
<dimen name="dp_704">1051.31dp</dimen>
<dimen name="dp_705">1052.80dp</dimen>
<dimen name="dp_706">1054.29dp</dimen>
<dimen name="dp_707">1055.79dp</dimen>
<dimen name="dp_708">1057.28dp</dimen>
<dimen name="dp_709">1058.77dp</dimen>
<dimen name="dp_710">1060.27dp</dimen>
<dimen name="dp_711">1061.76dp</dimen>
<dimen name="dp_712">1063.25dp</dimen>
<dimen name="dp_713">1064.75dp</dimen>
<dimen name="dp_714">1066.24dp</dimen>
<dimen name="dp_715">1067.73dp</dimen>
<dimen name="dp_716">1069.23dp</dimen>
<dimen name="dp_717">1070.72dp</dimen>
<dimen name="dp_718">1072.21dp</dimen>
<dimen name="dp_719">1073.71dp</dimen>
<dimen name="dp_720">1075.20dp</dimen>
</resources>
