<?xml version="1.0" encoding="utf-8"?>
<resources>
<dimen name="base_dpi">460dp</dimen>
<dimen name="dp_0">0.00dp</dimen>
<dimen name="dp_1">1.23dp</dimen>
<dimen name="dp_2">2.45dp</dimen>
<dimen name="dp_3">3.68dp</dimen>
<dimen name="dp_4">4.91dp</dimen>
<dimen name="dp_5">6.13dp</dimen>
<dimen name="dp_6">7.36dp</dimen>
<dimen name="dp_7">8.59dp</dimen>
<dimen name="dp_8">9.81dp</dimen>
<dimen name="dp_9">11.04dp</dimen>
<dimen name="dp_10">12.27dp</dimen>
<dimen name="dp_11">13.49dp</dimen>
<dimen name="dp_12">14.72dp</dimen>
<dimen name="dp_13">15.95dp</dimen>
<dimen name="dp_14">17.17dp</dimen>
<dimen name="dp_15">18.40dp</dimen>
<dimen name="dp_16">19.63dp</dimen>
<dimen name="dp_17">20.85dp</dimen>
<dimen name="dp_18">22.08dp</dimen>
<dimen name="dp_19">23.31dp</dimen>
<dimen name="dp_20">24.53dp</dimen>
<dimen name="dp_21">25.76dp</dimen>
<dimen name="dp_22">26.99dp</dimen>
<dimen name="dp_23">28.21dp</dimen>
<dimen name="dp_24">29.44dp</dimen>
<dimen name="dp_25">30.67dp</dimen>
<dimen name="dp_26">31.89dp</dimen>
<dimen name="dp_27">33.12dp</dimen>
<dimen name="dp_28">34.35dp</dimen>
<dimen name="dp_29">35.57dp</dimen>
<dimen name="dp_30">36.80dp</dimen>
<dimen name="dp_31">38.03dp</dimen>
<dimen name="dp_32">39.25dp</dimen>
<dimen name="dp_33">40.48dp</dimen>
<dimen name="dp_34">41.71dp</dimen>
<dimen name="dp_35">42.93dp</dimen>
<dimen name="dp_36">44.16dp</dimen>
<dimen name="dp_37">45.39dp</dimen>
<dimen name="dp_38">46.61dp</dimen>
<dimen name="dp_39">47.84dp</dimen>
<dimen name="dp_40">49.07dp</dimen>
<dimen name="dp_41">50.29dp</dimen>
<dimen name="dp_42">51.52dp</dimen>
<dimen name="dp_43">52.75dp</dimen>
<dimen name="dp_44">53.97dp</dimen>
<dimen name="dp_45">55.20dp</dimen>
<dimen name="dp_46">56.43dp</dimen>
<dimen name="dp_47">57.65dp</dimen>
<dimen name="dp_48">58.88dp</dimen>
<dimen name="dp_49">60.11dp</dimen>
<dimen name="dp_50">61.33dp</dimen>
<dimen name="dp_51">62.56dp</dimen>
<dimen name="dp_52">63.79dp</dimen>
<dimen name="dp_53">65.01dp</dimen>
<dimen name="dp_54">66.24dp</dimen>
<dimen name="dp_55">67.47dp</dimen>
<dimen name="dp_56">68.69dp</dimen>
<dimen name="dp_57">69.92dp</dimen>
<dimen name="dp_58">71.15dp</dimen>
<dimen name="dp_59">72.37dp</dimen>
<dimen name="dp_60">73.60dp</dimen>
<dimen name="dp_61">74.83dp</dimen>
<dimen name="dp_62">76.05dp</dimen>
<dimen name="dp_63">77.28dp</dimen>
<dimen name="dp_64">78.51dp</dimen>
<dimen name="dp_65">79.73dp</dimen>
<dimen name="dp_66">80.96dp</dimen>
<dimen name="dp_67">82.19dp</dimen>
<dimen name="dp_68">83.41dp</dimen>
<dimen name="dp_69">84.64dp</dimen>
<dimen name="dp_70">85.87dp</dimen>
<dimen name="dp_71">87.09dp</dimen>
<dimen name="dp_72">88.32dp</dimen>
<dimen name="dp_73">89.55dp</dimen>
<dimen name="dp_74">90.77dp</dimen>
<dimen name="dp_75">92.00dp</dimen>
<dimen name="dp_76">93.23dp</dimen>
<dimen name="dp_77">94.45dp</dimen>
<dimen name="dp_78">95.68dp</dimen>
<dimen name="dp_79">96.91dp</dimen>
<dimen name="dp_80">98.13dp</dimen>
<dimen name="dp_81">99.36dp</dimen>
<dimen name="dp_82">100.59dp</dimen>
<dimen name="dp_83">101.81dp</dimen>
<dimen name="dp_84">103.04dp</dimen>
<dimen name="dp_85">104.27dp</dimen>
<dimen name="dp_86">105.49dp</dimen>
<dimen name="dp_87">106.72dp</dimen>
<dimen name="dp_88">107.95dp</dimen>
<dimen name="dp_89">109.17dp</dimen>
<dimen name="dp_90">110.40dp</dimen>
<dimen name="dp_91">111.63dp</dimen>
<dimen name="dp_92">112.85dp</dimen>
<dimen name="dp_93">114.08dp</dimen>
<dimen name="dp_94">115.31dp</dimen>
<dimen name="dp_95">116.53dp</dimen>
<dimen name="dp_96">117.76dp</dimen>
<dimen name="dp_97">118.99dp</dimen>
<dimen name="dp_98">120.21dp</dimen>
<dimen name="dp_99">121.44dp</dimen>
<dimen name="dp_100">122.67dp</dimen>
<dimen name="dp_101">123.89dp</dimen>
<dimen name="dp_102">125.12dp</dimen>
<dimen name="dp_103">126.35dp</dimen>
<dimen name="dp_104">127.57dp</dimen>
<dimen name="dp_105">128.80dp</dimen>
<dimen name="dp_106">130.03dp</dimen>
<dimen name="dp_107">131.25dp</dimen>
<dimen name="dp_108">132.48dp</dimen>
<dimen name="dp_109">133.71dp</dimen>
<dimen name="dp_110">134.93dp</dimen>
<dimen name="dp_111">136.16dp</dimen>
<dimen name="dp_112">137.39dp</dimen>
<dimen name="dp_113">138.61dp</dimen>
<dimen name="dp_114">139.84dp</dimen>
<dimen name="dp_115">141.07dp</dimen>
<dimen name="dp_116">142.29dp</dimen>
<dimen name="dp_117">143.52dp</dimen>
<dimen name="dp_118">144.75dp</dimen>
<dimen name="dp_119">145.97dp</dimen>
<dimen name="dp_120">147.20dp</dimen>
<dimen name="dp_121">148.43dp</dimen>
<dimen name="dp_122">149.65dp</dimen>
<dimen name="dp_123">150.88dp</dimen>
<dimen name="dp_124">152.11dp</dimen>
<dimen name="dp_125">153.33dp</dimen>
<dimen name="dp_126">154.56dp</dimen>
<dimen name="dp_127">155.79dp</dimen>
<dimen name="dp_128">157.01dp</dimen>
<dimen name="dp_129">158.24dp</dimen>
<dimen name="dp_130">159.47dp</dimen>
<dimen name="dp_131">160.69dp</dimen>
<dimen name="dp_132">161.92dp</dimen>
<dimen name="dp_133">163.15dp</dimen>
<dimen name="dp_134">164.37dp</dimen>
<dimen name="dp_135">165.60dp</dimen>
<dimen name="dp_136">166.83dp</dimen>
<dimen name="dp_137">168.05dp</dimen>
<dimen name="dp_138">169.28dp</dimen>
<dimen name="dp_139">170.51dp</dimen>
<dimen name="dp_140">171.73dp</dimen>
<dimen name="dp_141">172.96dp</dimen>
<dimen name="dp_142">174.19dp</dimen>
<dimen name="dp_143">175.41dp</dimen>
<dimen name="dp_144">176.64dp</dimen>
<dimen name="dp_145">177.87dp</dimen>
<dimen name="dp_146">179.09dp</dimen>
<dimen name="dp_147">180.32dp</dimen>
<dimen name="dp_148">181.55dp</dimen>
<dimen name="dp_149">182.77dp</dimen>
<dimen name="dp_150">184.00dp</dimen>
<dimen name="dp_151">185.23dp</dimen>
<dimen name="dp_152">186.45dp</dimen>
<dimen name="dp_153">187.68dp</dimen>
<dimen name="dp_154">188.91dp</dimen>
<dimen name="dp_155">190.13dp</dimen>
<dimen name="dp_156">191.36dp</dimen>
<dimen name="dp_157">192.59dp</dimen>
<dimen name="dp_158">193.81dp</dimen>
<dimen name="dp_159">195.04dp</dimen>
<dimen name="dp_160">196.27dp</dimen>
<dimen name="dp_161">197.49dp</dimen>
<dimen name="dp_162">198.72dp</dimen>
<dimen name="dp_163">199.95dp</dimen>
<dimen name="dp_164">201.17dp</dimen>
<dimen name="dp_165">202.40dp</dimen>
<dimen name="dp_166">203.63dp</dimen>
<dimen name="dp_167">204.85dp</dimen>
<dimen name="dp_168">206.08dp</dimen>
<dimen name="dp_169">207.31dp</dimen>
<dimen name="dp_170">208.53dp</dimen>
<dimen name="dp_171">209.76dp</dimen>
<dimen name="dp_172">210.99dp</dimen>
<dimen name="dp_173">212.21dp</dimen>
<dimen name="dp_174">213.44dp</dimen>
<dimen name="dp_175">214.67dp</dimen>
<dimen name="dp_176">215.89dp</dimen>
<dimen name="dp_177">217.12dp</dimen>
<dimen name="dp_178">218.35dp</dimen>
<dimen name="dp_179">219.57dp</dimen>
<dimen name="dp_180">220.80dp</dimen>
<dimen name="dp_181">222.03dp</dimen>
<dimen name="dp_182">223.25dp</dimen>
<dimen name="dp_183">224.48dp</dimen>
<dimen name="dp_184">225.71dp</dimen>
<dimen name="dp_185">226.93dp</dimen>
<dimen name="dp_186">228.16dp</dimen>
<dimen name="dp_187">229.39dp</dimen>
<dimen name="dp_188">230.61dp</dimen>
<dimen name="dp_189">231.84dp</dimen>
<dimen name="dp_190">233.07dp</dimen>
<dimen name="dp_191">234.29dp</dimen>
<dimen name="dp_192">235.52dp</dimen>
<dimen name="dp_193">236.75dp</dimen>
<dimen name="dp_194">237.97dp</dimen>
<dimen name="dp_195">239.20dp</dimen>
<dimen name="dp_196">240.43dp</dimen>
<dimen name="dp_197">241.65dp</dimen>
<dimen name="dp_198">242.88dp</dimen>
<dimen name="dp_199">244.11dp</dimen>
<dimen name="dp_200">245.33dp</dimen>
<dimen name="dp_201">246.56dp</dimen>
<dimen name="dp_202">247.79dp</dimen>
<dimen name="dp_203">249.01dp</dimen>
<dimen name="dp_204">250.24dp</dimen>
<dimen name="dp_205">251.47dp</dimen>
<dimen name="dp_206">252.69dp</dimen>
<dimen name="dp_207">253.92dp</dimen>
<dimen name="dp_208">255.15dp</dimen>
<dimen name="dp_209">256.37dp</dimen>
<dimen name="dp_210">257.60dp</dimen>
<dimen name="dp_211">258.83dp</dimen>
<dimen name="dp_212">260.05dp</dimen>
<dimen name="dp_213">261.28dp</dimen>
<dimen name="dp_214">262.51dp</dimen>
<dimen name="dp_215">263.73dp</dimen>
<dimen name="dp_216">264.96dp</dimen>
<dimen name="dp_217">266.19dp</dimen>
<dimen name="dp_218">267.41dp</dimen>
<dimen name="dp_219">268.64dp</dimen>
<dimen name="dp_220">269.87dp</dimen>
<dimen name="dp_221">271.09dp</dimen>
<dimen name="dp_222">272.32dp</dimen>
<dimen name="dp_223">273.55dp</dimen>
<dimen name="dp_224">274.77dp</dimen>
<dimen name="dp_225">276.00dp</dimen>
<dimen name="dp_226">277.23dp</dimen>
<dimen name="dp_227">278.45dp</dimen>
<dimen name="dp_228">279.68dp</dimen>
<dimen name="dp_229">280.91dp</dimen>
<dimen name="dp_230">282.13dp</dimen>
<dimen name="dp_231">283.36dp</dimen>
<dimen name="dp_232">284.59dp</dimen>
<dimen name="dp_233">285.81dp</dimen>
<dimen name="dp_234">287.04dp</dimen>
<dimen name="dp_235">288.27dp</dimen>
<dimen name="dp_236">289.49dp</dimen>
<dimen name="dp_237">290.72dp</dimen>
<dimen name="dp_238">291.95dp</dimen>
<dimen name="dp_239">293.17dp</dimen>
<dimen name="dp_240">294.40dp</dimen>
<dimen name="dp_241">295.63dp</dimen>
<dimen name="dp_242">296.85dp</dimen>
<dimen name="dp_243">298.08dp</dimen>
<dimen name="dp_244">299.31dp</dimen>
<dimen name="dp_245">300.53dp</dimen>
<dimen name="dp_246">301.76dp</dimen>
<dimen name="dp_247">302.99dp</dimen>
<dimen name="dp_248">304.21dp</dimen>
<dimen name="dp_249">305.44dp</dimen>
<dimen name="dp_250">306.67dp</dimen>
<dimen name="dp_251">307.89dp</dimen>
<dimen name="dp_252">309.12dp</dimen>
<dimen name="dp_253">310.35dp</dimen>
<dimen name="dp_254">311.57dp</dimen>
<dimen name="dp_255">312.80dp</dimen>
<dimen name="dp_256">314.03dp</dimen>
<dimen name="dp_257">315.25dp</dimen>
<dimen name="dp_258">316.48dp</dimen>
<dimen name="dp_259">317.71dp</dimen>
<dimen name="dp_260">318.93dp</dimen>
<dimen name="dp_261">320.16dp</dimen>
<dimen name="dp_262">321.39dp</dimen>
<dimen name="dp_263">322.61dp</dimen>
<dimen name="dp_264">323.84dp</dimen>
<dimen name="dp_265">325.07dp</dimen>
<dimen name="dp_266">326.29dp</dimen>
<dimen name="dp_267">327.52dp</dimen>
<dimen name="dp_268">328.75dp</dimen>
<dimen name="dp_269">329.97dp</dimen>
<dimen name="dp_270">331.20dp</dimen>
<dimen name="dp_271">332.43dp</dimen>
<dimen name="dp_272">333.65dp</dimen>
<dimen name="dp_273">334.88dp</dimen>
<dimen name="dp_274">336.11dp</dimen>
<dimen name="dp_275">337.33dp</dimen>
<dimen name="dp_276">338.56dp</dimen>
<dimen name="dp_277">339.79dp</dimen>
<dimen name="dp_278">341.01dp</dimen>
<dimen name="dp_279">342.24dp</dimen>
<dimen name="dp_280">343.47dp</dimen>
<dimen name="dp_281">344.69dp</dimen>
<dimen name="dp_282">345.92dp</dimen>
<dimen name="dp_283">347.15dp</dimen>
<dimen name="dp_284">348.37dp</dimen>
<dimen name="dp_285">349.60dp</dimen>
<dimen name="dp_286">350.83dp</dimen>
<dimen name="dp_287">352.05dp</dimen>
<dimen name="dp_288">353.28dp</dimen>
<dimen name="dp_289">354.51dp</dimen>
<dimen name="dp_290">355.73dp</dimen>
<dimen name="dp_291">356.96dp</dimen>
<dimen name="dp_292">358.19dp</dimen>
<dimen name="dp_293">359.41dp</dimen>
<dimen name="dp_294">360.64dp</dimen>
<dimen name="dp_295">361.87dp</dimen>
<dimen name="dp_296">363.09dp</dimen>
<dimen name="dp_297">364.32dp</dimen>
<dimen name="dp_298">365.55dp</dimen>
<dimen name="dp_299">366.77dp</dimen>
<dimen name="dp_300">368.00dp</dimen>
<dimen name="dp_301">369.23dp</dimen>
<dimen name="dp_302">370.45dp</dimen>
<dimen name="dp_303">371.68dp</dimen>
<dimen name="dp_304">372.91dp</dimen>
<dimen name="dp_305">374.13dp</dimen>
<dimen name="dp_306">375.36dp</dimen>
<dimen name="dp_307">376.59dp</dimen>
<dimen name="dp_308">377.81dp</dimen>
<dimen name="dp_309">379.04dp</dimen>
<dimen name="dp_310">380.27dp</dimen>
<dimen name="dp_311">381.49dp</dimen>
<dimen name="dp_312">382.72dp</dimen>
<dimen name="dp_313">383.95dp</dimen>
<dimen name="dp_314">385.17dp</dimen>
<dimen name="dp_315">386.40dp</dimen>
<dimen name="dp_316">387.63dp</dimen>
<dimen name="dp_317">388.85dp</dimen>
<dimen name="dp_318">390.08dp</dimen>
<dimen name="dp_319">391.31dp</dimen>
<dimen name="dp_320">392.53dp</dimen>
<dimen name="dp_321">393.76dp</dimen>
<dimen name="dp_322">394.99dp</dimen>
<dimen name="dp_323">396.21dp</dimen>
<dimen name="dp_324">397.44dp</dimen>
<dimen name="dp_325">398.67dp</dimen>
<dimen name="dp_326">399.89dp</dimen>
<dimen name="dp_327">401.12dp</dimen>
<dimen name="dp_328">402.35dp</dimen>
<dimen name="dp_329">403.57dp</dimen>
<dimen name="dp_330">404.80dp</dimen>
<dimen name="dp_331">406.03dp</dimen>
<dimen name="dp_332">407.25dp</dimen>
<dimen name="dp_333">408.48dp</dimen>
<dimen name="dp_334">409.71dp</dimen>
<dimen name="dp_335">410.93dp</dimen>
<dimen name="dp_336">412.16dp</dimen>
<dimen name="dp_337">413.39dp</dimen>
<dimen name="dp_338">414.61dp</dimen>
<dimen name="dp_339">415.84dp</dimen>
<dimen name="dp_340">417.07dp</dimen>
<dimen name="dp_341">418.29dp</dimen>
<dimen name="dp_342">419.52dp</dimen>
<dimen name="dp_343">420.75dp</dimen>
<dimen name="dp_344">421.97dp</dimen>
<dimen name="dp_345">423.20dp</dimen>
<dimen name="dp_346">424.43dp</dimen>
<dimen name="dp_347">425.65dp</dimen>
<dimen name="dp_348">426.88dp</dimen>
<dimen name="dp_349">428.11dp</dimen>
<dimen name="dp_350">429.33dp</dimen>
<dimen name="dp_351">430.56dp</dimen>
<dimen name="dp_352">431.79dp</dimen>
<dimen name="dp_353">433.01dp</dimen>
<dimen name="dp_354">434.24dp</dimen>
<dimen name="dp_355">435.47dp</dimen>
<dimen name="dp_356">436.69dp</dimen>
<dimen name="dp_357">437.92dp</dimen>
<dimen name="dp_358">439.15dp</dimen>
<dimen name="dp_359">440.37dp</dimen>
<dimen name="dp_360">441.60dp</dimen>
<dimen name="dp_361">442.83dp</dimen>
<dimen name="dp_362">444.05dp</dimen>
<dimen name="dp_363">445.28dp</dimen>
<dimen name="dp_364">446.51dp</dimen>
<dimen name="dp_365">447.73dp</dimen>
<dimen name="dp_366">448.96dp</dimen>
<dimen name="dp_367">450.19dp</dimen>
<dimen name="dp_368">451.41dp</dimen>
<dimen name="dp_369">452.64dp</dimen>
<dimen name="dp_370">453.87dp</dimen>
<dimen name="dp_371">455.09dp</dimen>
<dimen name="dp_372">456.32dp</dimen>
<dimen name="dp_373">457.55dp</dimen>
<dimen name="dp_374">458.77dp</dimen>
<dimen name="dp_375">460.00dp</dimen>
<dimen name="dp_376">461.23dp</dimen>
<dimen name="dp_377">462.45dp</dimen>
<dimen name="dp_378">463.68dp</dimen>
<dimen name="dp_379">464.91dp</dimen>
<dimen name="dp_380">466.13dp</dimen>
<dimen name="dp_381">467.36dp</dimen>
<dimen name="dp_382">468.59dp</dimen>
<dimen name="dp_383">469.81dp</dimen>
<dimen name="dp_384">471.04dp</dimen>
<dimen name="dp_385">472.27dp</dimen>
<dimen name="dp_386">473.49dp</dimen>
<dimen name="dp_387">474.72dp</dimen>
<dimen name="dp_388">475.95dp</dimen>
<dimen name="dp_389">477.17dp</dimen>
<dimen name="dp_390">478.40dp</dimen>
<dimen name="dp_391">479.63dp</dimen>
<dimen name="dp_392">480.85dp</dimen>
<dimen name="dp_393">482.08dp</dimen>
<dimen name="dp_394">483.31dp</dimen>
<dimen name="dp_395">484.53dp</dimen>
<dimen name="dp_396">485.76dp</dimen>
<dimen name="dp_397">486.99dp</dimen>
<dimen name="dp_398">488.21dp</dimen>
<dimen name="dp_399">489.44dp</dimen>
<dimen name="dp_400">490.67dp</dimen>
<dimen name="dp_401">491.89dp</dimen>
<dimen name="dp_402">493.12dp</dimen>
<dimen name="dp_403">494.35dp</dimen>
<dimen name="dp_404">495.57dp</dimen>
<dimen name="dp_405">496.80dp</dimen>
<dimen name="dp_406">498.03dp</dimen>
<dimen name="dp_407">499.25dp</dimen>
<dimen name="dp_408">500.48dp</dimen>
<dimen name="dp_409">501.71dp</dimen>
<dimen name="dp_410">502.93dp</dimen>
<dimen name="dp_411">504.16dp</dimen>
<dimen name="dp_412">505.39dp</dimen>
<dimen name="dp_413">506.61dp</dimen>
<dimen name="dp_414">507.84dp</dimen>
<dimen name="dp_415">509.07dp</dimen>
<dimen name="dp_416">510.29dp</dimen>
<dimen name="dp_417">511.52dp</dimen>
<dimen name="dp_418">512.75dp</dimen>
<dimen name="dp_419">513.97dp</dimen>
<dimen name="dp_420">515.20dp</dimen>
<dimen name="dp_421">516.43dp</dimen>
<dimen name="dp_422">517.65dp</dimen>
<dimen name="dp_423">518.88dp</dimen>
<dimen name="dp_424">520.11dp</dimen>
<dimen name="dp_425">521.33dp</dimen>
<dimen name="dp_426">522.56dp</dimen>
<dimen name="dp_427">523.79dp</dimen>
<dimen name="dp_428">525.01dp</dimen>
<dimen name="dp_429">526.24dp</dimen>
<dimen name="dp_430">527.47dp</dimen>
<dimen name="dp_431">528.69dp</dimen>
<dimen name="dp_432">529.92dp</dimen>
<dimen name="dp_433">531.15dp</dimen>
<dimen name="dp_434">532.37dp</dimen>
<dimen name="dp_435">533.60dp</dimen>
<dimen name="dp_436">534.83dp</dimen>
<dimen name="dp_437">536.05dp</dimen>
<dimen name="dp_438">537.28dp</dimen>
<dimen name="dp_439">538.51dp</dimen>
<dimen name="dp_440">539.73dp</dimen>
<dimen name="dp_441">540.96dp</dimen>
<dimen name="dp_442">542.19dp</dimen>
<dimen name="dp_443">543.41dp</dimen>
<dimen name="dp_444">544.64dp</dimen>
<dimen name="dp_445">545.87dp</dimen>
<dimen name="dp_446">547.09dp</dimen>
<dimen name="dp_447">548.32dp</dimen>
<dimen name="dp_448">549.55dp</dimen>
<dimen name="dp_449">550.77dp</dimen>
<dimen name="dp_450">552.00dp</dimen>
<dimen name="dp_451">553.23dp</dimen>
<dimen name="dp_452">554.45dp</dimen>
<dimen name="dp_453">555.68dp</dimen>
<dimen name="dp_454">556.91dp</dimen>
<dimen name="dp_455">558.13dp</dimen>
<dimen name="dp_456">559.36dp</dimen>
<dimen name="dp_457">560.59dp</dimen>
<dimen name="dp_458">561.81dp</dimen>
<dimen name="dp_459">563.04dp</dimen>
<dimen name="dp_460">564.27dp</dimen>
<dimen name="dp_461">565.49dp</dimen>
<dimen name="dp_462">566.72dp</dimen>
<dimen name="dp_463">567.95dp</dimen>
<dimen name="dp_464">569.17dp</dimen>
<dimen name="dp_465">570.40dp</dimen>
<dimen name="dp_466">571.63dp</dimen>
<dimen name="dp_467">572.85dp</dimen>
<dimen name="dp_468">574.08dp</dimen>
<dimen name="dp_469">575.31dp</dimen>
<dimen name="dp_470">576.53dp</dimen>
<dimen name="dp_471">577.76dp</dimen>
<dimen name="dp_472">578.99dp</dimen>
<dimen name="dp_473">580.21dp</dimen>
<dimen name="dp_474">581.44dp</dimen>
<dimen name="dp_475">582.67dp</dimen>
<dimen name="dp_476">583.89dp</dimen>
<dimen name="dp_477">585.12dp</dimen>
<dimen name="dp_478">586.35dp</dimen>
<dimen name="dp_479">587.57dp</dimen>
<dimen name="dp_480">588.80dp</dimen>
<dimen name="dp_481">590.03dp</dimen>
<dimen name="dp_482">591.25dp</dimen>
<dimen name="dp_483">592.48dp</dimen>
<dimen name="dp_484">593.71dp</dimen>
<dimen name="dp_485">594.93dp</dimen>
<dimen name="dp_486">596.16dp</dimen>
<dimen name="dp_487">597.39dp</dimen>
<dimen name="dp_488">598.61dp</dimen>
<dimen name="dp_489">599.84dp</dimen>
<dimen name="dp_490">601.07dp</dimen>
<dimen name="dp_491">602.29dp</dimen>
<dimen name="dp_492">603.52dp</dimen>
<dimen name="dp_493">604.75dp</dimen>
<dimen name="dp_494">605.97dp</dimen>
<dimen name="dp_495">607.20dp</dimen>
<dimen name="dp_496">608.43dp</dimen>
<dimen name="dp_497">609.65dp</dimen>
<dimen name="dp_498">610.88dp</dimen>
<dimen name="dp_499">612.11dp</dimen>
<dimen name="dp_500">613.33dp</dimen>
<dimen name="dp_501">614.56dp</dimen>
<dimen name="dp_502">615.79dp</dimen>
<dimen name="dp_503">617.01dp</dimen>
<dimen name="dp_504">618.24dp</dimen>
<dimen name="dp_505">619.47dp</dimen>
<dimen name="dp_506">620.69dp</dimen>
<dimen name="dp_507">621.92dp</dimen>
<dimen name="dp_508">623.15dp</dimen>
<dimen name="dp_509">624.37dp</dimen>
<dimen name="dp_510">625.60dp</dimen>
<dimen name="dp_511">626.83dp</dimen>
<dimen name="dp_512">628.05dp</dimen>
<dimen name="dp_513">629.28dp</dimen>
<dimen name="dp_514">630.51dp</dimen>
<dimen name="dp_515">631.73dp</dimen>
<dimen name="dp_516">632.96dp</dimen>
<dimen name="dp_517">634.19dp</dimen>
<dimen name="dp_518">635.41dp</dimen>
<dimen name="dp_519">636.64dp</dimen>
<dimen name="dp_520">637.87dp</dimen>
<dimen name="dp_521">639.09dp</dimen>
<dimen name="dp_522">640.32dp</dimen>
<dimen name="dp_523">641.55dp</dimen>
<dimen name="dp_524">642.77dp</dimen>
<dimen name="dp_525">644.00dp</dimen>
<dimen name="dp_526">645.23dp</dimen>
<dimen name="dp_527">646.45dp</dimen>
<dimen name="dp_528">647.68dp</dimen>
<dimen name="dp_529">648.91dp</dimen>
<dimen name="dp_530">650.13dp</dimen>
<dimen name="dp_531">651.36dp</dimen>
<dimen name="dp_532">652.59dp</dimen>
<dimen name="dp_533">653.81dp</dimen>
<dimen name="dp_534">655.04dp</dimen>
<dimen name="dp_535">656.27dp</dimen>
<dimen name="dp_536">657.49dp</dimen>
<dimen name="dp_537">658.72dp</dimen>
<dimen name="dp_538">659.95dp</dimen>
<dimen name="dp_539">661.17dp</dimen>
<dimen name="dp_540">662.40dp</dimen>
<dimen name="dp_541">663.63dp</dimen>
<dimen name="dp_542">664.85dp</dimen>
<dimen name="dp_543">666.08dp</dimen>
<dimen name="dp_544">667.31dp</dimen>
<dimen name="dp_545">668.53dp</dimen>
<dimen name="dp_546">669.76dp</dimen>
<dimen name="dp_547">670.99dp</dimen>
<dimen name="dp_548">672.21dp</dimen>
<dimen name="dp_549">673.44dp</dimen>
<dimen name="dp_550">674.67dp</dimen>
<dimen name="dp_551">675.89dp</dimen>
<dimen name="dp_552">677.12dp</dimen>
<dimen name="dp_553">678.35dp</dimen>
<dimen name="dp_554">679.57dp</dimen>
<dimen name="dp_555">680.80dp</dimen>
<dimen name="dp_556">682.03dp</dimen>
<dimen name="dp_557">683.25dp</dimen>
<dimen name="dp_558">684.48dp</dimen>
<dimen name="dp_559">685.71dp</dimen>
<dimen name="dp_560">686.93dp</dimen>
<dimen name="dp_561">688.16dp</dimen>
<dimen name="dp_562">689.39dp</dimen>
<dimen name="dp_563">690.61dp</dimen>
<dimen name="dp_564">691.84dp</dimen>
<dimen name="dp_565">693.07dp</dimen>
<dimen name="dp_566">694.29dp</dimen>
<dimen name="dp_567">695.52dp</dimen>
<dimen name="dp_568">696.75dp</dimen>
<dimen name="dp_569">697.97dp</dimen>
<dimen name="dp_570">699.20dp</dimen>
<dimen name="dp_571">700.43dp</dimen>
<dimen name="dp_572">701.65dp</dimen>
<dimen name="dp_573">702.88dp</dimen>
<dimen name="dp_574">704.11dp</dimen>
<dimen name="dp_575">705.33dp</dimen>
<dimen name="dp_576">706.56dp</dimen>
<dimen name="dp_577">707.79dp</dimen>
<dimen name="dp_578">709.01dp</dimen>
<dimen name="dp_579">710.24dp</dimen>
<dimen name="dp_580">711.47dp</dimen>
<dimen name="dp_581">712.69dp</dimen>
<dimen name="dp_582">713.92dp</dimen>
<dimen name="dp_583">715.15dp</dimen>
<dimen name="dp_584">716.37dp</dimen>
<dimen name="dp_585">717.60dp</dimen>
<dimen name="dp_586">718.83dp</dimen>
<dimen name="dp_587">720.05dp</dimen>
<dimen name="dp_588">721.28dp</dimen>
<dimen name="dp_589">722.51dp</dimen>
<dimen name="dp_590">723.73dp</dimen>
<dimen name="dp_591">724.96dp</dimen>
<dimen name="dp_592">726.19dp</dimen>
<dimen name="dp_593">727.41dp</dimen>
<dimen name="dp_594">728.64dp</dimen>
<dimen name="dp_595">729.87dp</dimen>
<dimen name="dp_596">731.09dp</dimen>
<dimen name="dp_597">732.32dp</dimen>
<dimen name="dp_598">733.55dp</dimen>
<dimen name="dp_599">734.77dp</dimen>
<dimen name="dp_600">736.00dp</dimen>
<dimen name="dp_601">737.23dp</dimen>
<dimen name="dp_602">738.45dp</dimen>
<dimen name="dp_603">739.68dp</dimen>
<dimen name="dp_604">740.91dp</dimen>
<dimen name="dp_605">742.13dp</dimen>
<dimen name="dp_606">743.36dp</dimen>
<dimen name="dp_607">744.59dp</dimen>
<dimen name="dp_608">745.81dp</dimen>
<dimen name="dp_609">747.04dp</dimen>
<dimen name="dp_610">748.27dp</dimen>
<dimen name="dp_611">749.49dp</dimen>
<dimen name="dp_612">750.72dp</dimen>
<dimen name="dp_613">751.95dp</dimen>
<dimen name="dp_614">753.17dp</dimen>
<dimen name="dp_615">754.40dp</dimen>
<dimen name="dp_616">755.63dp</dimen>
<dimen name="dp_617">756.85dp</dimen>
<dimen name="dp_618">758.08dp</dimen>
<dimen name="dp_619">759.31dp</dimen>
<dimen name="dp_620">760.53dp</dimen>
<dimen name="dp_621">761.76dp</dimen>
<dimen name="dp_622">762.99dp</dimen>
<dimen name="dp_623">764.21dp</dimen>
<dimen name="dp_624">765.44dp</dimen>
<dimen name="dp_625">766.67dp</dimen>
<dimen name="dp_626">767.89dp</dimen>
<dimen name="dp_627">769.12dp</dimen>
<dimen name="dp_628">770.35dp</dimen>
<dimen name="dp_629">771.57dp</dimen>
<dimen name="dp_630">772.80dp</dimen>
<dimen name="dp_631">774.03dp</dimen>
<dimen name="dp_632">775.25dp</dimen>
<dimen name="dp_633">776.48dp</dimen>
<dimen name="dp_634">777.71dp</dimen>
<dimen name="dp_635">778.93dp</dimen>
<dimen name="dp_636">780.16dp</dimen>
<dimen name="dp_637">781.39dp</dimen>
<dimen name="dp_638">782.61dp</dimen>
<dimen name="dp_639">783.84dp</dimen>
<dimen name="dp_640">785.07dp</dimen>
<dimen name="dp_641">786.29dp</dimen>
<dimen name="dp_642">787.52dp</dimen>
<dimen name="dp_643">788.75dp</dimen>
<dimen name="dp_644">789.97dp</dimen>
<dimen name="dp_645">791.20dp</dimen>
<dimen name="dp_646">792.43dp</dimen>
<dimen name="dp_647">793.65dp</dimen>
<dimen name="dp_648">794.88dp</dimen>
<dimen name="dp_649">796.11dp</dimen>
<dimen name="dp_650">797.33dp</dimen>
<dimen name="dp_651">798.56dp</dimen>
<dimen name="dp_652">799.79dp</dimen>
<dimen name="dp_653">801.01dp</dimen>
<dimen name="dp_654">802.24dp</dimen>
<dimen name="dp_655">803.47dp</dimen>
<dimen name="dp_656">804.69dp</dimen>
<dimen name="dp_657">805.92dp</dimen>
<dimen name="dp_658">807.15dp</dimen>
<dimen name="dp_659">808.37dp</dimen>
<dimen name="dp_660">809.60dp</dimen>
<dimen name="dp_661">810.83dp</dimen>
<dimen name="dp_662">812.05dp</dimen>
<dimen name="dp_663">813.28dp</dimen>
<dimen name="dp_664">814.51dp</dimen>
<dimen name="dp_665">815.73dp</dimen>
<dimen name="dp_666">816.96dp</dimen>
<dimen name="dp_667">818.19dp</dimen>
<dimen name="dp_668">819.41dp</dimen>
<dimen name="dp_669">820.64dp</dimen>
<dimen name="dp_670">821.87dp</dimen>
<dimen name="dp_671">823.09dp</dimen>
<dimen name="dp_672">824.32dp</dimen>
<dimen name="dp_673">825.55dp</dimen>
<dimen name="dp_674">826.77dp</dimen>
<dimen name="dp_675">828.00dp</dimen>
<dimen name="dp_676">829.23dp</dimen>
<dimen name="dp_677">830.45dp</dimen>
<dimen name="dp_678">831.68dp</dimen>
<dimen name="dp_679">832.91dp</dimen>
<dimen name="dp_680">834.13dp</dimen>
<dimen name="dp_681">835.36dp</dimen>
<dimen name="dp_682">836.59dp</dimen>
<dimen name="dp_683">837.81dp</dimen>
<dimen name="dp_684">839.04dp</dimen>
<dimen name="dp_685">840.27dp</dimen>
<dimen name="dp_686">841.49dp</dimen>
<dimen name="dp_687">842.72dp</dimen>
<dimen name="dp_688">843.95dp</dimen>
<dimen name="dp_689">845.17dp</dimen>
<dimen name="dp_690">846.40dp</dimen>
<dimen name="dp_691">847.63dp</dimen>
<dimen name="dp_692">848.85dp</dimen>
<dimen name="dp_693">850.08dp</dimen>
<dimen name="dp_694">851.31dp</dimen>
<dimen name="dp_695">852.53dp</dimen>
<dimen name="dp_696">853.76dp</dimen>
<dimen name="dp_697">854.99dp</dimen>
<dimen name="dp_698">856.21dp</dimen>
<dimen name="dp_699">857.44dp</dimen>
<dimen name="dp_700">858.67dp</dimen>
<dimen name="dp_701">859.89dp</dimen>
<dimen name="dp_702">861.12dp</dimen>
<dimen name="dp_703">862.35dp</dimen>
<dimen name="dp_704">863.57dp</dimen>
<dimen name="dp_705">864.80dp</dimen>
<dimen name="dp_706">866.03dp</dimen>
<dimen name="dp_707">867.25dp</dimen>
<dimen name="dp_708">868.48dp</dimen>
<dimen name="dp_709">869.71dp</dimen>
<dimen name="dp_710">870.93dp</dimen>
<dimen name="dp_711">872.16dp</dimen>
<dimen name="dp_712">873.39dp</dimen>
<dimen name="dp_713">874.61dp</dimen>
<dimen name="dp_714">875.84dp</dimen>
<dimen name="dp_715">877.07dp</dimen>
<dimen name="dp_716">878.29dp</dimen>
<dimen name="dp_717">879.52dp</dimen>
<dimen name="dp_718">880.75dp</dimen>
<dimen name="dp_719">881.97dp</dimen>
<dimen name="dp_720">883.20dp</dimen>
</resources>
