<?xml version="1.0" encoding="utf-8"?>
<resources>
<dimen name="base_dpi">400dp</dimen>
<dimen name="dp_0">0.00dp</dimen>
<dimen name="dp_1">1.07dp</dimen>
<dimen name="dp_2">2.13dp</dimen>
<dimen name="dp_3">3.20dp</dimen>
<dimen name="dp_4">4.27dp</dimen>
<dimen name="dp_5">5.33dp</dimen>
<dimen name="dp_6">6.40dp</dimen>
<dimen name="dp_7">7.47dp</dimen>
<dimen name="dp_8">8.53dp</dimen>
<dimen name="dp_9">9.60dp</dimen>
<dimen name="dp_10">10.67dp</dimen>
<dimen name="dp_11">11.73dp</dimen>
<dimen name="dp_12">12.80dp</dimen>
<dimen name="dp_13">13.87dp</dimen>
<dimen name="dp_14">14.93dp</dimen>
<dimen name="dp_15">16.00dp</dimen>
<dimen name="dp_16">17.07dp</dimen>
<dimen name="dp_17">18.13dp</dimen>
<dimen name="dp_18">19.20dp</dimen>
<dimen name="dp_19">20.27dp</dimen>
<dimen name="dp_20">21.33dp</dimen>
<dimen name="dp_21">22.40dp</dimen>
<dimen name="dp_22">23.47dp</dimen>
<dimen name="dp_23">24.53dp</dimen>
<dimen name="dp_24">25.60dp</dimen>
<dimen name="dp_25">26.67dp</dimen>
<dimen name="dp_26">27.73dp</dimen>
<dimen name="dp_27">28.80dp</dimen>
<dimen name="dp_28">29.87dp</dimen>
<dimen name="dp_29">30.93dp</dimen>
<dimen name="dp_30">32.00dp</dimen>
<dimen name="dp_31">33.07dp</dimen>
<dimen name="dp_32">34.13dp</dimen>
<dimen name="dp_33">35.20dp</dimen>
<dimen name="dp_34">36.27dp</dimen>
<dimen name="dp_35">37.33dp</dimen>
<dimen name="dp_36">38.40dp</dimen>
<dimen name="dp_37">39.47dp</dimen>
<dimen name="dp_38">40.53dp</dimen>
<dimen name="dp_39">41.60dp</dimen>
<dimen name="dp_40">42.67dp</dimen>
<dimen name="dp_41">43.73dp</dimen>
<dimen name="dp_42">44.80dp</dimen>
<dimen name="dp_43">45.87dp</dimen>
<dimen name="dp_44">46.93dp</dimen>
<dimen name="dp_45">48.00dp</dimen>
<dimen name="dp_46">49.07dp</dimen>
<dimen name="dp_47">50.13dp</dimen>
<dimen name="dp_48">51.20dp</dimen>
<dimen name="dp_49">52.27dp</dimen>
<dimen name="dp_50">53.33dp</dimen>
<dimen name="dp_51">54.40dp</dimen>
<dimen name="dp_52">55.47dp</dimen>
<dimen name="dp_53">56.53dp</dimen>
<dimen name="dp_54">57.60dp</dimen>
<dimen name="dp_55">58.67dp</dimen>
<dimen name="dp_56">59.73dp</dimen>
<dimen name="dp_57">60.80dp</dimen>
<dimen name="dp_58">61.87dp</dimen>
<dimen name="dp_59">62.93dp</dimen>
<dimen name="dp_60">64.00dp</dimen>
<dimen name="dp_61">65.07dp</dimen>
<dimen name="dp_62">66.13dp</dimen>
<dimen name="dp_63">67.20dp</dimen>
<dimen name="dp_64">68.27dp</dimen>
<dimen name="dp_65">69.33dp</dimen>
<dimen name="dp_66">70.40dp</dimen>
<dimen name="dp_67">71.47dp</dimen>
<dimen name="dp_68">72.53dp</dimen>
<dimen name="dp_69">73.60dp</dimen>
<dimen name="dp_70">74.67dp</dimen>
<dimen name="dp_71">75.73dp</dimen>
<dimen name="dp_72">76.80dp</dimen>
<dimen name="dp_73">77.87dp</dimen>
<dimen name="dp_74">78.93dp</dimen>
<dimen name="dp_75">80.00dp</dimen>
<dimen name="dp_76">81.07dp</dimen>
<dimen name="dp_77">82.13dp</dimen>
<dimen name="dp_78">83.20dp</dimen>
<dimen name="dp_79">84.27dp</dimen>
<dimen name="dp_80">85.33dp</dimen>
<dimen name="dp_81">86.40dp</dimen>
<dimen name="dp_82">87.47dp</dimen>
<dimen name="dp_83">88.53dp</dimen>
<dimen name="dp_84">89.60dp</dimen>
<dimen name="dp_85">90.67dp</dimen>
<dimen name="dp_86">91.73dp</dimen>
<dimen name="dp_87">92.80dp</dimen>
<dimen name="dp_88">93.87dp</dimen>
<dimen name="dp_89">94.93dp</dimen>
<dimen name="dp_90">96.00dp</dimen>
<dimen name="dp_91">97.07dp</dimen>
<dimen name="dp_92">98.13dp</dimen>
<dimen name="dp_93">99.20dp</dimen>
<dimen name="dp_94">100.27dp</dimen>
<dimen name="dp_95">101.33dp</dimen>
<dimen name="dp_96">102.40dp</dimen>
<dimen name="dp_97">103.47dp</dimen>
<dimen name="dp_98">104.53dp</dimen>
<dimen name="dp_99">105.60dp</dimen>
<dimen name="dp_100">106.67dp</dimen>
<dimen name="dp_101">107.73dp</dimen>
<dimen name="dp_102">108.80dp</dimen>
<dimen name="dp_103">109.87dp</dimen>
<dimen name="dp_104">110.93dp</dimen>
<dimen name="dp_105">112.00dp</dimen>
<dimen name="dp_106">113.07dp</dimen>
<dimen name="dp_107">114.13dp</dimen>
<dimen name="dp_108">115.20dp</dimen>
<dimen name="dp_109">116.27dp</dimen>
<dimen name="dp_110">117.33dp</dimen>
<dimen name="dp_111">118.40dp</dimen>
<dimen name="dp_112">119.47dp</dimen>
<dimen name="dp_113">120.53dp</dimen>
<dimen name="dp_114">121.60dp</dimen>
<dimen name="dp_115">122.67dp</dimen>
<dimen name="dp_116">123.73dp</dimen>
<dimen name="dp_117">124.80dp</dimen>
<dimen name="dp_118">125.87dp</dimen>
<dimen name="dp_119">126.93dp</dimen>
<dimen name="dp_120">128.00dp</dimen>
<dimen name="dp_121">129.07dp</dimen>
<dimen name="dp_122">130.13dp</dimen>
<dimen name="dp_123">131.20dp</dimen>
<dimen name="dp_124">132.27dp</dimen>
<dimen name="dp_125">133.33dp</dimen>
<dimen name="dp_126">134.40dp</dimen>
<dimen name="dp_127">135.47dp</dimen>
<dimen name="dp_128">136.53dp</dimen>
<dimen name="dp_129">137.60dp</dimen>
<dimen name="dp_130">138.67dp</dimen>
<dimen name="dp_131">139.73dp</dimen>
<dimen name="dp_132">140.80dp</dimen>
<dimen name="dp_133">141.87dp</dimen>
<dimen name="dp_134">142.93dp</dimen>
<dimen name="dp_135">144.00dp</dimen>
<dimen name="dp_136">145.07dp</dimen>
<dimen name="dp_137">146.13dp</dimen>
<dimen name="dp_138">147.20dp</dimen>
<dimen name="dp_139">148.27dp</dimen>
<dimen name="dp_140">149.33dp</dimen>
<dimen name="dp_141">150.40dp</dimen>
<dimen name="dp_142">151.47dp</dimen>
<dimen name="dp_143">152.53dp</dimen>
<dimen name="dp_144">153.60dp</dimen>
<dimen name="dp_145">154.67dp</dimen>
<dimen name="dp_146">155.73dp</dimen>
<dimen name="dp_147">156.80dp</dimen>
<dimen name="dp_148">157.87dp</dimen>
<dimen name="dp_149">158.93dp</dimen>
<dimen name="dp_150">160.00dp</dimen>
<dimen name="dp_151">161.07dp</dimen>
<dimen name="dp_152">162.13dp</dimen>
<dimen name="dp_153">163.20dp</dimen>
<dimen name="dp_154">164.27dp</dimen>
<dimen name="dp_155">165.33dp</dimen>
<dimen name="dp_156">166.40dp</dimen>
<dimen name="dp_157">167.47dp</dimen>
<dimen name="dp_158">168.53dp</dimen>
<dimen name="dp_159">169.60dp</dimen>
<dimen name="dp_160">170.67dp</dimen>
<dimen name="dp_161">171.73dp</dimen>
<dimen name="dp_162">172.80dp</dimen>
<dimen name="dp_163">173.87dp</dimen>
<dimen name="dp_164">174.93dp</dimen>
<dimen name="dp_165">176.00dp</dimen>
<dimen name="dp_166">177.07dp</dimen>
<dimen name="dp_167">178.13dp</dimen>
<dimen name="dp_168">179.20dp</dimen>
<dimen name="dp_169">180.27dp</dimen>
<dimen name="dp_170">181.33dp</dimen>
<dimen name="dp_171">182.40dp</dimen>
<dimen name="dp_172">183.47dp</dimen>
<dimen name="dp_173">184.53dp</dimen>
<dimen name="dp_174">185.60dp</dimen>
<dimen name="dp_175">186.67dp</dimen>
<dimen name="dp_176">187.73dp</dimen>
<dimen name="dp_177">188.80dp</dimen>
<dimen name="dp_178">189.87dp</dimen>
<dimen name="dp_179">190.93dp</dimen>
<dimen name="dp_180">192.00dp</dimen>
<dimen name="dp_181">193.07dp</dimen>
<dimen name="dp_182">194.13dp</dimen>
<dimen name="dp_183">195.20dp</dimen>
<dimen name="dp_184">196.27dp</dimen>
<dimen name="dp_185">197.33dp</dimen>
<dimen name="dp_186">198.40dp</dimen>
<dimen name="dp_187">199.47dp</dimen>
<dimen name="dp_188">200.53dp</dimen>
<dimen name="dp_189">201.60dp</dimen>
<dimen name="dp_190">202.67dp</dimen>
<dimen name="dp_191">203.73dp</dimen>
<dimen name="dp_192">204.80dp</dimen>
<dimen name="dp_193">205.87dp</dimen>
<dimen name="dp_194">206.93dp</dimen>
<dimen name="dp_195">208.00dp</dimen>
<dimen name="dp_196">209.07dp</dimen>
<dimen name="dp_197">210.13dp</dimen>
<dimen name="dp_198">211.20dp</dimen>
<dimen name="dp_199">212.27dp</dimen>
<dimen name="dp_200">213.33dp</dimen>
<dimen name="dp_201">214.40dp</dimen>
<dimen name="dp_202">215.47dp</dimen>
<dimen name="dp_203">216.53dp</dimen>
<dimen name="dp_204">217.60dp</dimen>
<dimen name="dp_205">218.67dp</dimen>
<dimen name="dp_206">219.73dp</dimen>
<dimen name="dp_207">220.80dp</dimen>
<dimen name="dp_208">221.87dp</dimen>
<dimen name="dp_209">222.93dp</dimen>
<dimen name="dp_210">224.00dp</dimen>
<dimen name="dp_211">225.07dp</dimen>
<dimen name="dp_212">226.13dp</dimen>
<dimen name="dp_213">227.20dp</dimen>
<dimen name="dp_214">228.27dp</dimen>
<dimen name="dp_215">229.33dp</dimen>
<dimen name="dp_216">230.40dp</dimen>
<dimen name="dp_217">231.47dp</dimen>
<dimen name="dp_218">232.53dp</dimen>
<dimen name="dp_219">233.60dp</dimen>
<dimen name="dp_220">234.67dp</dimen>
<dimen name="dp_221">235.73dp</dimen>
<dimen name="dp_222">236.80dp</dimen>
<dimen name="dp_223">237.87dp</dimen>
<dimen name="dp_224">238.93dp</dimen>
<dimen name="dp_225">240.00dp</dimen>
<dimen name="dp_226">241.07dp</dimen>
<dimen name="dp_227">242.13dp</dimen>
<dimen name="dp_228">243.20dp</dimen>
<dimen name="dp_229">244.27dp</dimen>
<dimen name="dp_230">245.33dp</dimen>
<dimen name="dp_231">246.40dp</dimen>
<dimen name="dp_232">247.47dp</dimen>
<dimen name="dp_233">248.53dp</dimen>
<dimen name="dp_234">249.60dp</dimen>
<dimen name="dp_235">250.67dp</dimen>
<dimen name="dp_236">251.73dp</dimen>
<dimen name="dp_237">252.80dp</dimen>
<dimen name="dp_238">253.87dp</dimen>
<dimen name="dp_239">254.93dp</dimen>
<dimen name="dp_240">256.00dp</dimen>
<dimen name="dp_241">257.07dp</dimen>
<dimen name="dp_242">258.13dp</dimen>
<dimen name="dp_243">259.20dp</dimen>
<dimen name="dp_244">260.27dp</dimen>
<dimen name="dp_245">261.33dp</dimen>
<dimen name="dp_246">262.40dp</dimen>
<dimen name="dp_247">263.47dp</dimen>
<dimen name="dp_248">264.53dp</dimen>
<dimen name="dp_249">265.60dp</dimen>
<dimen name="dp_250">266.67dp</dimen>
<dimen name="dp_251">267.73dp</dimen>
<dimen name="dp_252">268.80dp</dimen>
<dimen name="dp_253">269.87dp</dimen>
<dimen name="dp_254">270.93dp</dimen>
<dimen name="dp_255">272.00dp</dimen>
<dimen name="dp_256">273.07dp</dimen>
<dimen name="dp_257">274.13dp</dimen>
<dimen name="dp_258">275.20dp</dimen>
<dimen name="dp_259">276.27dp</dimen>
<dimen name="dp_260">277.33dp</dimen>
<dimen name="dp_261">278.40dp</dimen>
<dimen name="dp_262">279.47dp</dimen>
<dimen name="dp_263">280.53dp</dimen>
<dimen name="dp_264">281.60dp</dimen>
<dimen name="dp_265">282.67dp</dimen>
<dimen name="dp_266">283.73dp</dimen>
<dimen name="dp_267">284.80dp</dimen>
<dimen name="dp_268">285.87dp</dimen>
<dimen name="dp_269">286.93dp</dimen>
<dimen name="dp_270">288.00dp</dimen>
<dimen name="dp_271">289.07dp</dimen>
<dimen name="dp_272">290.13dp</dimen>
<dimen name="dp_273">291.20dp</dimen>
<dimen name="dp_274">292.27dp</dimen>
<dimen name="dp_275">293.33dp</dimen>
<dimen name="dp_276">294.40dp</dimen>
<dimen name="dp_277">295.47dp</dimen>
<dimen name="dp_278">296.53dp</dimen>
<dimen name="dp_279">297.60dp</dimen>
<dimen name="dp_280">298.67dp</dimen>
<dimen name="dp_281">299.73dp</dimen>
<dimen name="dp_282">300.80dp</dimen>
<dimen name="dp_283">301.87dp</dimen>
<dimen name="dp_284">302.93dp</dimen>
<dimen name="dp_285">304.00dp</dimen>
<dimen name="dp_286">305.07dp</dimen>
<dimen name="dp_287">306.13dp</dimen>
<dimen name="dp_288">307.20dp</dimen>
<dimen name="dp_289">308.27dp</dimen>
<dimen name="dp_290">309.33dp</dimen>
<dimen name="dp_291">310.40dp</dimen>
<dimen name="dp_292">311.47dp</dimen>
<dimen name="dp_293">312.53dp</dimen>
<dimen name="dp_294">313.60dp</dimen>
<dimen name="dp_295">314.67dp</dimen>
<dimen name="dp_296">315.73dp</dimen>
<dimen name="dp_297">316.80dp</dimen>
<dimen name="dp_298">317.87dp</dimen>
<dimen name="dp_299">318.93dp</dimen>
<dimen name="dp_300">320.00dp</dimen>
<dimen name="dp_301">321.07dp</dimen>
<dimen name="dp_302">322.13dp</dimen>
<dimen name="dp_303">323.20dp</dimen>
<dimen name="dp_304">324.27dp</dimen>
<dimen name="dp_305">325.33dp</dimen>
<dimen name="dp_306">326.40dp</dimen>
<dimen name="dp_307">327.47dp</dimen>
<dimen name="dp_308">328.53dp</dimen>
<dimen name="dp_309">329.60dp</dimen>
<dimen name="dp_310">330.67dp</dimen>
<dimen name="dp_311">331.73dp</dimen>
<dimen name="dp_312">332.80dp</dimen>
<dimen name="dp_313">333.87dp</dimen>
<dimen name="dp_314">334.93dp</dimen>
<dimen name="dp_315">336.00dp</dimen>
<dimen name="dp_316">337.07dp</dimen>
<dimen name="dp_317">338.13dp</dimen>
<dimen name="dp_318">339.20dp</dimen>
<dimen name="dp_319">340.27dp</dimen>
<dimen name="dp_320">341.33dp</dimen>
<dimen name="dp_321">342.40dp</dimen>
<dimen name="dp_322">343.47dp</dimen>
<dimen name="dp_323">344.53dp</dimen>
<dimen name="dp_324">345.60dp</dimen>
<dimen name="dp_325">346.67dp</dimen>
<dimen name="dp_326">347.73dp</dimen>
<dimen name="dp_327">348.80dp</dimen>
<dimen name="dp_328">349.87dp</dimen>
<dimen name="dp_329">350.93dp</dimen>
<dimen name="dp_330">352.00dp</dimen>
<dimen name="dp_331">353.07dp</dimen>
<dimen name="dp_332">354.13dp</dimen>
<dimen name="dp_333">355.20dp</dimen>
<dimen name="dp_334">356.27dp</dimen>
<dimen name="dp_335">357.33dp</dimen>
<dimen name="dp_336">358.40dp</dimen>
<dimen name="dp_337">359.47dp</dimen>
<dimen name="dp_338">360.53dp</dimen>
<dimen name="dp_339">361.60dp</dimen>
<dimen name="dp_340">362.67dp</dimen>
<dimen name="dp_341">363.73dp</dimen>
<dimen name="dp_342">364.80dp</dimen>
<dimen name="dp_343">365.87dp</dimen>
<dimen name="dp_344">366.93dp</dimen>
<dimen name="dp_345">368.00dp</dimen>
<dimen name="dp_346">369.07dp</dimen>
<dimen name="dp_347">370.13dp</dimen>
<dimen name="dp_348">371.20dp</dimen>
<dimen name="dp_349">372.27dp</dimen>
<dimen name="dp_350">373.33dp</dimen>
<dimen name="dp_351">374.40dp</dimen>
<dimen name="dp_352">375.47dp</dimen>
<dimen name="dp_353">376.53dp</dimen>
<dimen name="dp_354">377.60dp</dimen>
<dimen name="dp_355">378.67dp</dimen>
<dimen name="dp_356">379.73dp</dimen>
<dimen name="dp_357">380.80dp</dimen>
<dimen name="dp_358">381.87dp</dimen>
<dimen name="dp_359">382.93dp</dimen>
<dimen name="dp_360">384.00dp</dimen>
<dimen name="dp_361">385.07dp</dimen>
<dimen name="dp_362">386.13dp</dimen>
<dimen name="dp_363">387.20dp</dimen>
<dimen name="dp_364">388.27dp</dimen>
<dimen name="dp_365">389.33dp</dimen>
<dimen name="dp_366">390.40dp</dimen>
<dimen name="dp_367">391.47dp</dimen>
<dimen name="dp_368">392.53dp</dimen>
<dimen name="dp_369">393.60dp</dimen>
<dimen name="dp_370">394.67dp</dimen>
<dimen name="dp_371">395.73dp</dimen>
<dimen name="dp_372">396.80dp</dimen>
<dimen name="dp_373">397.87dp</dimen>
<dimen name="dp_374">398.93dp</dimen>
<dimen name="dp_375">400.00dp</dimen>
<dimen name="dp_376">401.07dp</dimen>
<dimen name="dp_377">402.13dp</dimen>
<dimen name="dp_378">403.20dp</dimen>
<dimen name="dp_379">404.27dp</dimen>
<dimen name="dp_380">405.33dp</dimen>
<dimen name="dp_381">406.40dp</dimen>
<dimen name="dp_382">407.47dp</dimen>
<dimen name="dp_383">408.53dp</dimen>
<dimen name="dp_384">409.60dp</dimen>
<dimen name="dp_385">410.67dp</dimen>
<dimen name="dp_386">411.73dp</dimen>
<dimen name="dp_387">412.80dp</dimen>
<dimen name="dp_388">413.87dp</dimen>
<dimen name="dp_389">414.93dp</dimen>
<dimen name="dp_390">416.00dp</dimen>
<dimen name="dp_391">417.07dp</dimen>
<dimen name="dp_392">418.13dp</dimen>
<dimen name="dp_393">419.20dp</dimen>
<dimen name="dp_394">420.27dp</dimen>
<dimen name="dp_395">421.33dp</dimen>
<dimen name="dp_396">422.40dp</dimen>
<dimen name="dp_397">423.47dp</dimen>
<dimen name="dp_398">424.53dp</dimen>
<dimen name="dp_399">425.60dp</dimen>
<dimen name="dp_400">426.67dp</dimen>
<dimen name="dp_401">427.73dp</dimen>
<dimen name="dp_402">428.80dp</dimen>
<dimen name="dp_403">429.87dp</dimen>
<dimen name="dp_404">430.93dp</dimen>
<dimen name="dp_405">432.00dp</dimen>
<dimen name="dp_406">433.07dp</dimen>
<dimen name="dp_407">434.13dp</dimen>
<dimen name="dp_408">435.20dp</dimen>
<dimen name="dp_409">436.27dp</dimen>
<dimen name="dp_410">437.33dp</dimen>
<dimen name="dp_411">438.40dp</dimen>
<dimen name="dp_412">439.47dp</dimen>
<dimen name="dp_413">440.53dp</dimen>
<dimen name="dp_414">441.60dp</dimen>
<dimen name="dp_415">442.67dp</dimen>
<dimen name="dp_416">443.73dp</dimen>
<dimen name="dp_417">444.80dp</dimen>
<dimen name="dp_418">445.87dp</dimen>
<dimen name="dp_419">446.93dp</dimen>
<dimen name="dp_420">448.00dp</dimen>
<dimen name="dp_421">449.07dp</dimen>
<dimen name="dp_422">450.13dp</dimen>
<dimen name="dp_423">451.20dp</dimen>
<dimen name="dp_424">452.27dp</dimen>
<dimen name="dp_425">453.33dp</dimen>
<dimen name="dp_426">454.40dp</dimen>
<dimen name="dp_427">455.47dp</dimen>
<dimen name="dp_428">456.53dp</dimen>
<dimen name="dp_429">457.60dp</dimen>
<dimen name="dp_430">458.67dp</dimen>
<dimen name="dp_431">459.73dp</dimen>
<dimen name="dp_432">460.80dp</dimen>
<dimen name="dp_433">461.87dp</dimen>
<dimen name="dp_434">462.93dp</dimen>
<dimen name="dp_435">464.00dp</dimen>
<dimen name="dp_436">465.07dp</dimen>
<dimen name="dp_437">466.13dp</dimen>
<dimen name="dp_438">467.20dp</dimen>
<dimen name="dp_439">468.27dp</dimen>
<dimen name="dp_440">469.33dp</dimen>
<dimen name="dp_441">470.40dp</dimen>
<dimen name="dp_442">471.47dp</dimen>
<dimen name="dp_443">472.53dp</dimen>
<dimen name="dp_444">473.60dp</dimen>
<dimen name="dp_445">474.67dp</dimen>
<dimen name="dp_446">475.73dp</dimen>
<dimen name="dp_447">476.80dp</dimen>
<dimen name="dp_448">477.87dp</dimen>
<dimen name="dp_449">478.93dp</dimen>
<dimen name="dp_450">480.00dp</dimen>
<dimen name="dp_451">481.07dp</dimen>
<dimen name="dp_452">482.13dp</dimen>
<dimen name="dp_453">483.20dp</dimen>
<dimen name="dp_454">484.27dp</dimen>
<dimen name="dp_455">485.33dp</dimen>
<dimen name="dp_456">486.40dp</dimen>
<dimen name="dp_457">487.47dp</dimen>
<dimen name="dp_458">488.53dp</dimen>
<dimen name="dp_459">489.60dp</dimen>
<dimen name="dp_460">490.67dp</dimen>
<dimen name="dp_461">491.73dp</dimen>
<dimen name="dp_462">492.80dp</dimen>
<dimen name="dp_463">493.87dp</dimen>
<dimen name="dp_464">494.93dp</dimen>
<dimen name="dp_465">496.00dp</dimen>
<dimen name="dp_466">497.07dp</dimen>
<dimen name="dp_467">498.13dp</dimen>
<dimen name="dp_468">499.20dp</dimen>
<dimen name="dp_469">500.27dp</dimen>
<dimen name="dp_470">501.33dp</dimen>
<dimen name="dp_471">502.40dp</dimen>
<dimen name="dp_472">503.47dp</dimen>
<dimen name="dp_473">504.53dp</dimen>
<dimen name="dp_474">505.60dp</dimen>
<dimen name="dp_475">506.67dp</dimen>
<dimen name="dp_476">507.73dp</dimen>
<dimen name="dp_477">508.80dp</dimen>
<dimen name="dp_478">509.87dp</dimen>
<dimen name="dp_479">510.93dp</dimen>
<dimen name="dp_480">512.00dp</dimen>
<dimen name="dp_481">513.07dp</dimen>
<dimen name="dp_482">514.13dp</dimen>
<dimen name="dp_483">515.20dp</dimen>
<dimen name="dp_484">516.27dp</dimen>
<dimen name="dp_485">517.33dp</dimen>
<dimen name="dp_486">518.40dp</dimen>
<dimen name="dp_487">519.47dp</dimen>
<dimen name="dp_488">520.53dp</dimen>
<dimen name="dp_489">521.60dp</dimen>
<dimen name="dp_490">522.67dp</dimen>
<dimen name="dp_491">523.73dp</dimen>
<dimen name="dp_492">524.80dp</dimen>
<dimen name="dp_493">525.87dp</dimen>
<dimen name="dp_494">526.93dp</dimen>
<dimen name="dp_495">528.00dp</dimen>
<dimen name="dp_496">529.07dp</dimen>
<dimen name="dp_497">530.13dp</dimen>
<dimen name="dp_498">531.20dp</dimen>
<dimen name="dp_499">532.27dp</dimen>
<dimen name="dp_500">533.33dp</dimen>
<dimen name="dp_501">534.40dp</dimen>
<dimen name="dp_502">535.47dp</dimen>
<dimen name="dp_503">536.53dp</dimen>
<dimen name="dp_504">537.60dp</dimen>
<dimen name="dp_505">538.67dp</dimen>
<dimen name="dp_506">539.73dp</dimen>
<dimen name="dp_507">540.80dp</dimen>
<dimen name="dp_508">541.87dp</dimen>
<dimen name="dp_509">542.93dp</dimen>
<dimen name="dp_510">544.00dp</dimen>
<dimen name="dp_511">545.07dp</dimen>
<dimen name="dp_512">546.13dp</dimen>
<dimen name="dp_513">547.20dp</dimen>
<dimen name="dp_514">548.27dp</dimen>
<dimen name="dp_515">549.33dp</dimen>
<dimen name="dp_516">550.40dp</dimen>
<dimen name="dp_517">551.47dp</dimen>
<dimen name="dp_518">552.53dp</dimen>
<dimen name="dp_519">553.60dp</dimen>
<dimen name="dp_520">554.67dp</dimen>
<dimen name="dp_521">555.73dp</dimen>
<dimen name="dp_522">556.80dp</dimen>
<dimen name="dp_523">557.87dp</dimen>
<dimen name="dp_524">558.93dp</dimen>
<dimen name="dp_525">560.00dp</dimen>
<dimen name="dp_526">561.07dp</dimen>
<dimen name="dp_527">562.13dp</dimen>
<dimen name="dp_528">563.20dp</dimen>
<dimen name="dp_529">564.27dp</dimen>
<dimen name="dp_530">565.33dp</dimen>
<dimen name="dp_531">566.40dp</dimen>
<dimen name="dp_532">567.47dp</dimen>
<dimen name="dp_533">568.53dp</dimen>
<dimen name="dp_534">569.60dp</dimen>
<dimen name="dp_535">570.67dp</dimen>
<dimen name="dp_536">571.73dp</dimen>
<dimen name="dp_537">572.80dp</dimen>
<dimen name="dp_538">573.87dp</dimen>
<dimen name="dp_539">574.93dp</dimen>
<dimen name="dp_540">576.00dp</dimen>
<dimen name="dp_541">577.07dp</dimen>
<dimen name="dp_542">578.13dp</dimen>
<dimen name="dp_543">579.20dp</dimen>
<dimen name="dp_544">580.27dp</dimen>
<dimen name="dp_545">581.33dp</dimen>
<dimen name="dp_546">582.40dp</dimen>
<dimen name="dp_547">583.47dp</dimen>
<dimen name="dp_548">584.53dp</dimen>
<dimen name="dp_549">585.60dp</dimen>
<dimen name="dp_550">586.67dp</dimen>
<dimen name="dp_551">587.73dp</dimen>
<dimen name="dp_552">588.80dp</dimen>
<dimen name="dp_553">589.87dp</dimen>
<dimen name="dp_554">590.93dp</dimen>
<dimen name="dp_555">592.00dp</dimen>
<dimen name="dp_556">593.07dp</dimen>
<dimen name="dp_557">594.13dp</dimen>
<dimen name="dp_558">595.20dp</dimen>
<dimen name="dp_559">596.27dp</dimen>
<dimen name="dp_560">597.33dp</dimen>
<dimen name="dp_561">598.40dp</dimen>
<dimen name="dp_562">599.47dp</dimen>
<dimen name="dp_563">600.53dp</dimen>
<dimen name="dp_564">601.60dp</dimen>
<dimen name="dp_565">602.67dp</dimen>
<dimen name="dp_566">603.73dp</dimen>
<dimen name="dp_567">604.80dp</dimen>
<dimen name="dp_568">605.87dp</dimen>
<dimen name="dp_569">606.93dp</dimen>
<dimen name="dp_570">608.00dp</dimen>
<dimen name="dp_571">609.07dp</dimen>
<dimen name="dp_572">610.13dp</dimen>
<dimen name="dp_573">611.20dp</dimen>
<dimen name="dp_574">612.27dp</dimen>
<dimen name="dp_575">613.33dp</dimen>
<dimen name="dp_576">614.40dp</dimen>
<dimen name="dp_577">615.47dp</dimen>
<dimen name="dp_578">616.53dp</dimen>
<dimen name="dp_579">617.60dp</dimen>
<dimen name="dp_580">618.67dp</dimen>
<dimen name="dp_581">619.73dp</dimen>
<dimen name="dp_582">620.80dp</dimen>
<dimen name="dp_583">621.87dp</dimen>
<dimen name="dp_584">622.93dp</dimen>
<dimen name="dp_585">624.00dp</dimen>
<dimen name="dp_586">625.07dp</dimen>
<dimen name="dp_587">626.13dp</dimen>
<dimen name="dp_588">627.20dp</dimen>
<dimen name="dp_589">628.27dp</dimen>
<dimen name="dp_590">629.33dp</dimen>
<dimen name="dp_591">630.40dp</dimen>
<dimen name="dp_592">631.47dp</dimen>
<dimen name="dp_593">632.53dp</dimen>
<dimen name="dp_594">633.60dp</dimen>
<dimen name="dp_595">634.67dp</dimen>
<dimen name="dp_596">635.73dp</dimen>
<dimen name="dp_597">636.80dp</dimen>
<dimen name="dp_598">637.87dp</dimen>
<dimen name="dp_599">638.93dp</dimen>
<dimen name="dp_600">640.00dp</dimen>
<dimen name="dp_601">641.07dp</dimen>
<dimen name="dp_602">642.13dp</dimen>
<dimen name="dp_603">643.20dp</dimen>
<dimen name="dp_604">644.27dp</dimen>
<dimen name="dp_605">645.33dp</dimen>
<dimen name="dp_606">646.40dp</dimen>
<dimen name="dp_607">647.47dp</dimen>
<dimen name="dp_608">648.53dp</dimen>
<dimen name="dp_609">649.60dp</dimen>
<dimen name="dp_610">650.67dp</dimen>
<dimen name="dp_611">651.73dp</dimen>
<dimen name="dp_612">652.80dp</dimen>
<dimen name="dp_613">653.87dp</dimen>
<dimen name="dp_614">654.93dp</dimen>
<dimen name="dp_615">656.00dp</dimen>
<dimen name="dp_616">657.07dp</dimen>
<dimen name="dp_617">658.13dp</dimen>
<dimen name="dp_618">659.20dp</dimen>
<dimen name="dp_619">660.27dp</dimen>
<dimen name="dp_620">661.33dp</dimen>
<dimen name="dp_621">662.40dp</dimen>
<dimen name="dp_622">663.47dp</dimen>
<dimen name="dp_623">664.53dp</dimen>
<dimen name="dp_624">665.60dp</dimen>
<dimen name="dp_625">666.67dp</dimen>
<dimen name="dp_626">667.73dp</dimen>
<dimen name="dp_627">668.80dp</dimen>
<dimen name="dp_628">669.87dp</dimen>
<dimen name="dp_629">670.93dp</dimen>
<dimen name="dp_630">672.00dp</dimen>
<dimen name="dp_631">673.07dp</dimen>
<dimen name="dp_632">674.13dp</dimen>
<dimen name="dp_633">675.20dp</dimen>
<dimen name="dp_634">676.27dp</dimen>
<dimen name="dp_635">677.33dp</dimen>
<dimen name="dp_636">678.40dp</dimen>
<dimen name="dp_637">679.47dp</dimen>
<dimen name="dp_638">680.53dp</dimen>
<dimen name="dp_639">681.60dp</dimen>
<dimen name="dp_640">682.67dp</dimen>
<dimen name="dp_641">683.73dp</dimen>
<dimen name="dp_642">684.80dp</dimen>
<dimen name="dp_643">685.87dp</dimen>
<dimen name="dp_644">686.93dp</dimen>
<dimen name="dp_645">688.00dp</dimen>
<dimen name="dp_646">689.07dp</dimen>
<dimen name="dp_647">690.13dp</dimen>
<dimen name="dp_648">691.20dp</dimen>
<dimen name="dp_649">692.27dp</dimen>
<dimen name="dp_650">693.33dp</dimen>
<dimen name="dp_651">694.40dp</dimen>
<dimen name="dp_652">695.47dp</dimen>
<dimen name="dp_653">696.53dp</dimen>
<dimen name="dp_654">697.60dp</dimen>
<dimen name="dp_655">698.67dp</dimen>
<dimen name="dp_656">699.73dp</dimen>
<dimen name="dp_657">700.80dp</dimen>
<dimen name="dp_658">701.87dp</dimen>
<dimen name="dp_659">702.93dp</dimen>
<dimen name="dp_660">704.00dp</dimen>
<dimen name="dp_661">705.07dp</dimen>
<dimen name="dp_662">706.13dp</dimen>
<dimen name="dp_663">707.20dp</dimen>
<dimen name="dp_664">708.27dp</dimen>
<dimen name="dp_665">709.33dp</dimen>
<dimen name="dp_666">710.40dp</dimen>
<dimen name="dp_667">711.47dp</dimen>
<dimen name="dp_668">712.53dp</dimen>
<dimen name="dp_669">713.60dp</dimen>
<dimen name="dp_670">714.67dp</dimen>
<dimen name="dp_671">715.73dp</dimen>
<dimen name="dp_672">716.80dp</dimen>
<dimen name="dp_673">717.87dp</dimen>
<dimen name="dp_674">718.93dp</dimen>
<dimen name="dp_675">720.00dp</dimen>
<dimen name="dp_676">721.07dp</dimen>
<dimen name="dp_677">722.13dp</dimen>
<dimen name="dp_678">723.20dp</dimen>
<dimen name="dp_679">724.27dp</dimen>
<dimen name="dp_680">725.33dp</dimen>
<dimen name="dp_681">726.40dp</dimen>
<dimen name="dp_682">727.47dp</dimen>
<dimen name="dp_683">728.53dp</dimen>
<dimen name="dp_684">729.60dp</dimen>
<dimen name="dp_685">730.67dp</dimen>
<dimen name="dp_686">731.73dp</dimen>
<dimen name="dp_687">732.80dp</dimen>
<dimen name="dp_688">733.87dp</dimen>
<dimen name="dp_689">734.93dp</dimen>
<dimen name="dp_690">736.00dp</dimen>
<dimen name="dp_691">737.07dp</dimen>
<dimen name="dp_692">738.13dp</dimen>
<dimen name="dp_693">739.20dp</dimen>
<dimen name="dp_694">740.27dp</dimen>
<dimen name="dp_695">741.33dp</dimen>
<dimen name="dp_696">742.40dp</dimen>
<dimen name="dp_697">743.47dp</dimen>
<dimen name="dp_698">744.53dp</dimen>
<dimen name="dp_699">745.60dp</dimen>
<dimen name="dp_700">746.67dp</dimen>
<dimen name="dp_701">747.73dp</dimen>
<dimen name="dp_702">748.80dp</dimen>
<dimen name="dp_703">749.87dp</dimen>
<dimen name="dp_704">750.93dp</dimen>
<dimen name="dp_705">752.00dp</dimen>
<dimen name="dp_706">753.07dp</dimen>
<dimen name="dp_707">754.13dp</dimen>
<dimen name="dp_708">755.20dp</dimen>
<dimen name="dp_709">756.27dp</dimen>
<dimen name="dp_710">757.33dp</dimen>
<dimen name="dp_711">758.40dp</dimen>
<dimen name="dp_712">759.47dp</dimen>
<dimen name="dp_713">760.53dp</dimen>
<dimen name="dp_714">761.60dp</dimen>
<dimen name="dp_715">762.67dp</dimen>
<dimen name="dp_716">763.73dp</dimen>
<dimen name="dp_717">764.80dp</dimen>
<dimen name="dp_718">765.87dp</dimen>
<dimen name="dp_719">766.93dp</dimen>
<dimen name="dp_720">768.00dp</dimen>
</resources>
