<?xml version="1.0" encoding="utf-8"?>
<resources>
<dimen name="base_dpi">432dp</dimen>
<dimen name="dp_0">0.00dp</dimen>
<dimen name="dp_1">1.15dp</dimen>
<dimen name="dp_2">2.30dp</dimen>
<dimen name="dp_3">3.46dp</dimen>
<dimen name="dp_4">4.61dp</dimen>
<dimen name="dp_5">5.76dp</dimen>
<dimen name="dp_6">6.91dp</dimen>
<dimen name="dp_7">8.06dp</dimen>
<dimen name="dp_8">9.22dp</dimen>
<dimen name="dp_9">10.37dp</dimen>
<dimen name="dp_10">11.52dp</dimen>
<dimen name="dp_11">12.67dp</dimen>
<dimen name="dp_12">13.82dp</dimen>
<dimen name="dp_13">14.98dp</dimen>
<dimen name="dp_14">16.13dp</dimen>
<dimen name="dp_15">17.28dp</dimen>
<dimen name="dp_16">18.43dp</dimen>
<dimen name="dp_17">19.58dp</dimen>
<dimen name="dp_18">20.74dp</dimen>
<dimen name="dp_19">21.89dp</dimen>
<dimen name="dp_20">23.04dp</dimen>
<dimen name="dp_21">24.19dp</dimen>
<dimen name="dp_22">25.34dp</dimen>
<dimen name="dp_23">26.50dp</dimen>
<dimen name="dp_24">27.65dp</dimen>
<dimen name="dp_25">28.80dp</dimen>
<dimen name="dp_26">29.95dp</dimen>
<dimen name="dp_27">31.10dp</dimen>
<dimen name="dp_28">32.26dp</dimen>
<dimen name="dp_29">33.41dp</dimen>
<dimen name="dp_30">34.56dp</dimen>
<dimen name="dp_31">35.71dp</dimen>
<dimen name="dp_32">36.86dp</dimen>
<dimen name="dp_33">38.02dp</dimen>
<dimen name="dp_34">39.17dp</dimen>
<dimen name="dp_35">40.32dp</dimen>
<dimen name="dp_36">41.47dp</dimen>
<dimen name="dp_37">42.62dp</dimen>
<dimen name="dp_38">43.78dp</dimen>
<dimen name="dp_39">44.93dp</dimen>
<dimen name="dp_40">46.08dp</dimen>
<dimen name="dp_41">47.23dp</dimen>
<dimen name="dp_42">48.38dp</dimen>
<dimen name="dp_43">49.54dp</dimen>
<dimen name="dp_44">50.69dp</dimen>
<dimen name="dp_45">51.84dp</dimen>
<dimen name="dp_46">52.99dp</dimen>
<dimen name="dp_47">54.14dp</dimen>
<dimen name="dp_48">55.30dp</dimen>
<dimen name="dp_49">56.45dp</dimen>
<dimen name="dp_50">57.60dp</dimen>
<dimen name="dp_51">58.75dp</dimen>
<dimen name="dp_52">59.90dp</dimen>
<dimen name="dp_53">61.06dp</dimen>
<dimen name="dp_54">62.21dp</dimen>
<dimen name="dp_55">63.36dp</dimen>
<dimen name="dp_56">64.51dp</dimen>
<dimen name="dp_57">65.66dp</dimen>
<dimen name="dp_58">66.82dp</dimen>
<dimen name="dp_59">67.97dp</dimen>
<dimen name="dp_60">69.12dp</dimen>
<dimen name="dp_61">70.27dp</dimen>
<dimen name="dp_62">71.42dp</dimen>
<dimen name="dp_63">72.58dp</dimen>
<dimen name="dp_64">73.73dp</dimen>
<dimen name="dp_65">74.88dp</dimen>
<dimen name="dp_66">76.03dp</dimen>
<dimen name="dp_67">77.18dp</dimen>
<dimen name="dp_68">78.34dp</dimen>
<dimen name="dp_69">79.49dp</dimen>
<dimen name="dp_70">80.64dp</dimen>
<dimen name="dp_71">81.79dp</dimen>
<dimen name="dp_72">82.94dp</dimen>
<dimen name="dp_73">84.10dp</dimen>
<dimen name="dp_74">85.25dp</dimen>
<dimen name="dp_75">86.40dp</dimen>
<dimen name="dp_76">87.55dp</dimen>
<dimen name="dp_77">88.70dp</dimen>
<dimen name="dp_78">89.86dp</dimen>
<dimen name="dp_79">91.01dp</dimen>
<dimen name="dp_80">92.16dp</dimen>
<dimen name="dp_81">93.31dp</dimen>
<dimen name="dp_82">94.46dp</dimen>
<dimen name="dp_83">95.62dp</dimen>
<dimen name="dp_84">96.77dp</dimen>
<dimen name="dp_85">97.92dp</dimen>
<dimen name="dp_86">99.07dp</dimen>
<dimen name="dp_87">100.22dp</dimen>
<dimen name="dp_88">101.38dp</dimen>
<dimen name="dp_89">102.53dp</dimen>
<dimen name="dp_90">103.68dp</dimen>
<dimen name="dp_91">104.83dp</dimen>
<dimen name="dp_92">105.98dp</dimen>
<dimen name="dp_93">107.14dp</dimen>
<dimen name="dp_94">108.29dp</dimen>
<dimen name="dp_95">109.44dp</dimen>
<dimen name="dp_96">110.59dp</dimen>
<dimen name="dp_97">111.74dp</dimen>
<dimen name="dp_98">112.90dp</dimen>
<dimen name="dp_99">114.05dp</dimen>
<dimen name="dp_100">115.20dp</dimen>
<dimen name="dp_101">116.35dp</dimen>
<dimen name="dp_102">117.50dp</dimen>
<dimen name="dp_103">118.66dp</dimen>
<dimen name="dp_104">119.81dp</dimen>
<dimen name="dp_105">120.96dp</dimen>
<dimen name="dp_106">122.11dp</dimen>
<dimen name="dp_107">123.26dp</dimen>
<dimen name="dp_108">124.42dp</dimen>
<dimen name="dp_109">125.57dp</dimen>
<dimen name="dp_110">126.72dp</dimen>
<dimen name="dp_111">127.87dp</dimen>
<dimen name="dp_112">129.02dp</dimen>
<dimen name="dp_113">130.18dp</dimen>
<dimen name="dp_114">131.33dp</dimen>
<dimen name="dp_115">132.48dp</dimen>
<dimen name="dp_116">133.63dp</dimen>
<dimen name="dp_117">134.78dp</dimen>
<dimen name="dp_118">135.94dp</dimen>
<dimen name="dp_119">137.09dp</dimen>
<dimen name="dp_120">138.24dp</dimen>
<dimen name="dp_121">139.39dp</dimen>
<dimen name="dp_122">140.54dp</dimen>
<dimen name="dp_123">141.70dp</dimen>
<dimen name="dp_124">142.85dp</dimen>
<dimen name="dp_125">144.00dp</dimen>
<dimen name="dp_126">145.15dp</dimen>
<dimen name="dp_127">146.30dp</dimen>
<dimen name="dp_128">147.46dp</dimen>
<dimen name="dp_129">148.61dp</dimen>
<dimen name="dp_130">149.76dp</dimen>
<dimen name="dp_131">150.91dp</dimen>
<dimen name="dp_132">152.06dp</dimen>
<dimen name="dp_133">153.22dp</dimen>
<dimen name="dp_134">154.37dp</dimen>
<dimen name="dp_135">155.52dp</dimen>
<dimen name="dp_136">156.67dp</dimen>
<dimen name="dp_137">157.82dp</dimen>
<dimen name="dp_138">158.98dp</dimen>
<dimen name="dp_139">160.13dp</dimen>
<dimen name="dp_140">161.28dp</dimen>
<dimen name="dp_141">162.43dp</dimen>
<dimen name="dp_142">163.58dp</dimen>
<dimen name="dp_143">164.74dp</dimen>
<dimen name="dp_144">165.89dp</dimen>
<dimen name="dp_145">167.04dp</dimen>
<dimen name="dp_146">168.19dp</dimen>
<dimen name="dp_147">169.34dp</dimen>
<dimen name="dp_148">170.50dp</dimen>
<dimen name="dp_149">171.65dp</dimen>
<dimen name="dp_150">172.80dp</dimen>
<dimen name="dp_151">173.95dp</dimen>
<dimen name="dp_152">175.10dp</dimen>
<dimen name="dp_153">176.26dp</dimen>
<dimen name="dp_154">177.41dp</dimen>
<dimen name="dp_155">178.56dp</dimen>
<dimen name="dp_156">179.71dp</dimen>
<dimen name="dp_157">180.86dp</dimen>
<dimen name="dp_158">182.02dp</dimen>
<dimen name="dp_159">183.17dp</dimen>
<dimen name="dp_160">184.32dp</dimen>
<dimen name="dp_161">185.47dp</dimen>
<dimen name="dp_162">186.62dp</dimen>
<dimen name="dp_163">187.78dp</dimen>
<dimen name="dp_164">188.93dp</dimen>
<dimen name="dp_165">190.08dp</dimen>
<dimen name="dp_166">191.23dp</dimen>
<dimen name="dp_167">192.38dp</dimen>
<dimen name="dp_168">193.54dp</dimen>
<dimen name="dp_169">194.69dp</dimen>
<dimen name="dp_170">195.84dp</dimen>
<dimen name="dp_171">196.99dp</dimen>
<dimen name="dp_172">198.14dp</dimen>
<dimen name="dp_173">199.30dp</dimen>
<dimen name="dp_174">200.45dp</dimen>
<dimen name="dp_175">201.60dp</dimen>
<dimen name="dp_176">202.75dp</dimen>
<dimen name="dp_177">203.90dp</dimen>
<dimen name="dp_178">205.06dp</dimen>
<dimen name="dp_179">206.21dp</dimen>
<dimen name="dp_180">207.36dp</dimen>
<dimen name="dp_181">208.51dp</dimen>
<dimen name="dp_182">209.66dp</dimen>
<dimen name="dp_183">210.82dp</dimen>
<dimen name="dp_184">211.97dp</dimen>
<dimen name="dp_185">213.12dp</dimen>
<dimen name="dp_186">214.27dp</dimen>
<dimen name="dp_187">215.42dp</dimen>
<dimen name="dp_188">216.58dp</dimen>
<dimen name="dp_189">217.73dp</dimen>
<dimen name="dp_190">218.88dp</dimen>
<dimen name="dp_191">220.03dp</dimen>
<dimen name="dp_192">221.18dp</dimen>
<dimen name="dp_193">222.34dp</dimen>
<dimen name="dp_194">223.49dp</dimen>
<dimen name="dp_195">224.64dp</dimen>
<dimen name="dp_196">225.79dp</dimen>
<dimen name="dp_197">226.94dp</dimen>
<dimen name="dp_198">228.10dp</dimen>
<dimen name="dp_199">229.25dp</dimen>
<dimen name="dp_200">230.40dp</dimen>
<dimen name="dp_201">231.55dp</dimen>
<dimen name="dp_202">232.70dp</dimen>
<dimen name="dp_203">233.86dp</dimen>
<dimen name="dp_204">235.01dp</dimen>
<dimen name="dp_205">236.16dp</dimen>
<dimen name="dp_206">237.31dp</dimen>
<dimen name="dp_207">238.46dp</dimen>
<dimen name="dp_208">239.62dp</dimen>
<dimen name="dp_209">240.77dp</dimen>
<dimen name="dp_210">241.92dp</dimen>
<dimen name="dp_211">243.07dp</dimen>
<dimen name="dp_212">244.22dp</dimen>
<dimen name="dp_213">245.38dp</dimen>
<dimen name="dp_214">246.53dp</dimen>
<dimen name="dp_215">247.68dp</dimen>
<dimen name="dp_216">248.83dp</dimen>
<dimen name="dp_217">249.98dp</dimen>
<dimen name="dp_218">251.14dp</dimen>
<dimen name="dp_219">252.29dp</dimen>
<dimen name="dp_220">253.44dp</dimen>
<dimen name="dp_221">254.59dp</dimen>
<dimen name="dp_222">255.74dp</dimen>
<dimen name="dp_223">256.90dp</dimen>
<dimen name="dp_224">258.05dp</dimen>
<dimen name="dp_225">259.20dp</dimen>
<dimen name="dp_226">260.35dp</dimen>
<dimen name="dp_227">261.50dp</dimen>
<dimen name="dp_228">262.66dp</dimen>
<dimen name="dp_229">263.81dp</dimen>
<dimen name="dp_230">264.96dp</dimen>
<dimen name="dp_231">266.11dp</dimen>
<dimen name="dp_232">267.26dp</dimen>
<dimen name="dp_233">268.42dp</dimen>
<dimen name="dp_234">269.57dp</dimen>
<dimen name="dp_235">270.72dp</dimen>
<dimen name="dp_236">271.87dp</dimen>
<dimen name="dp_237">273.02dp</dimen>
<dimen name="dp_238">274.18dp</dimen>
<dimen name="dp_239">275.33dp</dimen>
<dimen name="dp_240">276.48dp</dimen>
<dimen name="dp_241">277.63dp</dimen>
<dimen name="dp_242">278.78dp</dimen>
<dimen name="dp_243">279.94dp</dimen>
<dimen name="dp_244">281.09dp</dimen>
<dimen name="dp_245">282.24dp</dimen>
<dimen name="dp_246">283.39dp</dimen>
<dimen name="dp_247">284.54dp</dimen>
<dimen name="dp_248">285.70dp</dimen>
<dimen name="dp_249">286.85dp</dimen>
<dimen name="dp_250">288.00dp</dimen>
<dimen name="dp_251">289.15dp</dimen>
<dimen name="dp_252">290.30dp</dimen>
<dimen name="dp_253">291.46dp</dimen>
<dimen name="dp_254">292.61dp</dimen>
<dimen name="dp_255">293.76dp</dimen>
<dimen name="dp_256">294.91dp</dimen>
<dimen name="dp_257">296.06dp</dimen>
<dimen name="dp_258">297.22dp</dimen>
<dimen name="dp_259">298.37dp</dimen>
<dimen name="dp_260">299.52dp</dimen>
<dimen name="dp_261">300.67dp</dimen>
<dimen name="dp_262">301.82dp</dimen>
<dimen name="dp_263">302.98dp</dimen>
<dimen name="dp_264">304.13dp</dimen>
<dimen name="dp_265">305.28dp</dimen>
<dimen name="dp_266">306.43dp</dimen>
<dimen name="dp_267">307.58dp</dimen>
<dimen name="dp_268">308.74dp</dimen>
<dimen name="dp_269">309.89dp</dimen>
<dimen name="dp_270">311.04dp</dimen>
<dimen name="dp_271">312.19dp</dimen>
<dimen name="dp_272">313.34dp</dimen>
<dimen name="dp_273">314.50dp</dimen>
<dimen name="dp_274">315.65dp</dimen>
<dimen name="dp_275">316.80dp</dimen>
<dimen name="dp_276">317.95dp</dimen>
<dimen name="dp_277">319.10dp</dimen>
<dimen name="dp_278">320.26dp</dimen>
<dimen name="dp_279">321.41dp</dimen>
<dimen name="dp_280">322.56dp</dimen>
<dimen name="dp_281">323.71dp</dimen>
<dimen name="dp_282">324.86dp</dimen>
<dimen name="dp_283">326.02dp</dimen>
<dimen name="dp_284">327.17dp</dimen>
<dimen name="dp_285">328.32dp</dimen>
<dimen name="dp_286">329.47dp</dimen>
<dimen name="dp_287">330.62dp</dimen>
<dimen name="dp_288">331.78dp</dimen>
<dimen name="dp_289">332.93dp</dimen>
<dimen name="dp_290">334.08dp</dimen>
<dimen name="dp_291">335.23dp</dimen>
<dimen name="dp_292">336.38dp</dimen>
<dimen name="dp_293">337.54dp</dimen>
<dimen name="dp_294">338.69dp</dimen>
<dimen name="dp_295">339.84dp</dimen>
<dimen name="dp_296">340.99dp</dimen>
<dimen name="dp_297">342.14dp</dimen>
<dimen name="dp_298">343.30dp</dimen>
<dimen name="dp_299">344.45dp</dimen>
<dimen name="dp_300">345.60dp</dimen>
<dimen name="dp_301">346.75dp</dimen>
<dimen name="dp_302">347.90dp</dimen>
<dimen name="dp_303">349.06dp</dimen>
<dimen name="dp_304">350.21dp</dimen>
<dimen name="dp_305">351.36dp</dimen>
<dimen name="dp_306">352.51dp</dimen>
<dimen name="dp_307">353.66dp</dimen>
<dimen name="dp_308">354.82dp</dimen>
<dimen name="dp_309">355.97dp</dimen>
<dimen name="dp_310">357.12dp</dimen>
<dimen name="dp_311">358.27dp</dimen>
<dimen name="dp_312">359.42dp</dimen>
<dimen name="dp_313">360.58dp</dimen>
<dimen name="dp_314">361.73dp</dimen>
<dimen name="dp_315">362.88dp</dimen>
<dimen name="dp_316">364.03dp</dimen>
<dimen name="dp_317">365.18dp</dimen>
<dimen name="dp_318">366.34dp</dimen>
<dimen name="dp_319">367.49dp</dimen>
<dimen name="dp_320">368.64dp</dimen>
<dimen name="dp_321">369.79dp</dimen>
<dimen name="dp_322">370.94dp</dimen>
<dimen name="dp_323">372.10dp</dimen>
<dimen name="dp_324">373.25dp</dimen>
<dimen name="dp_325">374.40dp</dimen>
<dimen name="dp_326">375.55dp</dimen>
<dimen name="dp_327">376.70dp</dimen>
<dimen name="dp_328">377.86dp</dimen>
<dimen name="dp_329">379.01dp</dimen>
<dimen name="dp_330">380.16dp</dimen>
<dimen name="dp_331">381.31dp</dimen>
<dimen name="dp_332">382.46dp</dimen>
<dimen name="dp_333">383.62dp</dimen>
<dimen name="dp_334">384.77dp</dimen>
<dimen name="dp_335">385.92dp</dimen>
<dimen name="dp_336">387.07dp</dimen>
<dimen name="dp_337">388.22dp</dimen>
<dimen name="dp_338">389.38dp</dimen>
<dimen name="dp_339">390.53dp</dimen>
<dimen name="dp_340">391.68dp</dimen>
<dimen name="dp_341">392.83dp</dimen>
<dimen name="dp_342">393.98dp</dimen>
<dimen name="dp_343">395.14dp</dimen>
<dimen name="dp_344">396.29dp</dimen>
<dimen name="dp_345">397.44dp</dimen>
<dimen name="dp_346">398.59dp</dimen>
<dimen name="dp_347">399.74dp</dimen>
<dimen name="dp_348">400.90dp</dimen>
<dimen name="dp_349">402.05dp</dimen>
<dimen name="dp_350">403.20dp</dimen>
<dimen name="dp_351">404.35dp</dimen>
<dimen name="dp_352">405.50dp</dimen>
<dimen name="dp_353">406.66dp</dimen>
<dimen name="dp_354">407.81dp</dimen>
<dimen name="dp_355">408.96dp</dimen>
<dimen name="dp_356">410.11dp</dimen>
<dimen name="dp_357">411.26dp</dimen>
<dimen name="dp_358">412.42dp</dimen>
<dimen name="dp_359">413.57dp</dimen>
<dimen name="dp_360">414.72dp</dimen>
<dimen name="dp_361">415.87dp</dimen>
<dimen name="dp_362">417.02dp</dimen>
<dimen name="dp_363">418.18dp</dimen>
<dimen name="dp_364">419.33dp</dimen>
<dimen name="dp_365">420.48dp</dimen>
<dimen name="dp_366">421.63dp</dimen>
<dimen name="dp_367">422.78dp</dimen>
<dimen name="dp_368">423.94dp</dimen>
<dimen name="dp_369">425.09dp</dimen>
<dimen name="dp_370">426.24dp</dimen>
<dimen name="dp_371">427.39dp</dimen>
<dimen name="dp_372">428.54dp</dimen>
<dimen name="dp_373">429.70dp</dimen>
<dimen name="dp_374">430.85dp</dimen>
<dimen name="dp_375">432.00dp</dimen>
<dimen name="dp_376">433.15dp</dimen>
<dimen name="dp_377">434.30dp</dimen>
<dimen name="dp_378">435.46dp</dimen>
<dimen name="dp_379">436.61dp</dimen>
<dimen name="dp_380">437.76dp</dimen>
<dimen name="dp_381">438.91dp</dimen>
<dimen name="dp_382">440.06dp</dimen>
<dimen name="dp_383">441.22dp</dimen>
<dimen name="dp_384">442.37dp</dimen>
<dimen name="dp_385">443.52dp</dimen>
<dimen name="dp_386">444.67dp</dimen>
<dimen name="dp_387">445.82dp</dimen>
<dimen name="dp_388">446.98dp</dimen>
<dimen name="dp_389">448.13dp</dimen>
<dimen name="dp_390">449.28dp</dimen>
<dimen name="dp_391">450.43dp</dimen>
<dimen name="dp_392">451.58dp</dimen>
<dimen name="dp_393">452.74dp</dimen>
<dimen name="dp_394">453.89dp</dimen>
<dimen name="dp_395">455.04dp</dimen>
<dimen name="dp_396">456.19dp</dimen>
<dimen name="dp_397">457.34dp</dimen>
<dimen name="dp_398">458.50dp</dimen>
<dimen name="dp_399">459.65dp</dimen>
<dimen name="dp_400">460.80dp</dimen>
<dimen name="dp_401">461.95dp</dimen>
<dimen name="dp_402">463.10dp</dimen>
<dimen name="dp_403">464.26dp</dimen>
<dimen name="dp_404">465.41dp</dimen>
<dimen name="dp_405">466.56dp</dimen>
<dimen name="dp_406">467.71dp</dimen>
<dimen name="dp_407">468.86dp</dimen>
<dimen name="dp_408">470.02dp</dimen>
<dimen name="dp_409">471.17dp</dimen>
<dimen name="dp_410">472.32dp</dimen>
<dimen name="dp_411">473.47dp</dimen>
<dimen name="dp_412">474.62dp</dimen>
<dimen name="dp_413">475.78dp</dimen>
<dimen name="dp_414">476.93dp</dimen>
<dimen name="dp_415">478.08dp</dimen>
<dimen name="dp_416">479.23dp</dimen>
<dimen name="dp_417">480.38dp</dimen>
<dimen name="dp_418">481.54dp</dimen>
<dimen name="dp_419">482.69dp</dimen>
<dimen name="dp_420">483.84dp</dimen>
<dimen name="dp_421">484.99dp</dimen>
<dimen name="dp_422">486.14dp</dimen>
<dimen name="dp_423">487.30dp</dimen>
<dimen name="dp_424">488.45dp</dimen>
<dimen name="dp_425">489.60dp</dimen>
<dimen name="dp_426">490.75dp</dimen>
<dimen name="dp_427">491.90dp</dimen>
<dimen name="dp_428">493.06dp</dimen>
<dimen name="dp_429">494.21dp</dimen>
<dimen name="dp_430">495.36dp</dimen>
<dimen name="dp_431">496.51dp</dimen>
<dimen name="dp_432">497.66dp</dimen>
<dimen name="dp_433">498.82dp</dimen>
<dimen name="dp_434">499.97dp</dimen>
<dimen name="dp_435">501.12dp</dimen>
<dimen name="dp_436">502.27dp</dimen>
<dimen name="dp_437">503.42dp</dimen>
<dimen name="dp_438">504.58dp</dimen>
<dimen name="dp_439">505.73dp</dimen>
<dimen name="dp_440">506.88dp</dimen>
<dimen name="dp_441">508.03dp</dimen>
<dimen name="dp_442">509.18dp</dimen>
<dimen name="dp_443">510.34dp</dimen>
<dimen name="dp_444">511.49dp</dimen>
<dimen name="dp_445">512.64dp</dimen>
<dimen name="dp_446">513.79dp</dimen>
<dimen name="dp_447">514.94dp</dimen>
<dimen name="dp_448">516.10dp</dimen>
<dimen name="dp_449">517.25dp</dimen>
<dimen name="dp_450">518.40dp</dimen>
<dimen name="dp_451">519.55dp</dimen>
<dimen name="dp_452">520.70dp</dimen>
<dimen name="dp_453">521.86dp</dimen>
<dimen name="dp_454">523.01dp</dimen>
<dimen name="dp_455">524.16dp</dimen>
<dimen name="dp_456">525.31dp</dimen>
<dimen name="dp_457">526.46dp</dimen>
<dimen name="dp_458">527.62dp</dimen>
<dimen name="dp_459">528.77dp</dimen>
<dimen name="dp_460">529.92dp</dimen>
<dimen name="dp_461">531.07dp</dimen>
<dimen name="dp_462">532.22dp</dimen>
<dimen name="dp_463">533.38dp</dimen>
<dimen name="dp_464">534.53dp</dimen>
<dimen name="dp_465">535.68dp</dimen>
<dimen name="dp_466">536.83dp</dimen>
<dimen name="dp_467">537.98dp</dimen>
<dimen name="dp_468">539.14dp</dimen>
<dimen name="dp_469">540.29dp</dimen>
<dimen name="dp_470">541.44dp</dimen>
<dimen name="dp_471">542.59dp</dimen>
<dimen name="dp_472">543.74dp</dimen>
<dimen name="dp_473">544.90dp</dimen>
<dimen name="dp_474">546.05dp</dimen>
<dimen name="dp_475">547.20dp</dimen>
<dimen name="dp_476">548.35dp</dimen>
<dimen name="dp_477">549.50dp</dimen>
<dimen name="dp_478">550.66dp</dimen>
<dimen name="dp_479">551.81dp</dimen>
<dimen name="dp_480">552.96dp</dimen>
<dimen name="dp_481">554.11dp</dimen>
<dimen name="dp_482">555.26dp</dimen>
<dimen name="dp_483">556.42dp</dimen>
<dimen name="dp_484">557.57dp</dimen>
<dimen name="dp_485">558.72dp</dimen>
<dimen name="dp_486">559.87dp</dimen>
<dimen name="dp_487">561.02dp</dimen>
<dimen name="dp_488">562.18dp</dimen>
<dimen name="dp_489">563.33dp</dimen>
<dimen name="dp_490">564.48dp</dimen>
<dimen name="dp_491">565.63dp</dimen>
<dimen name="dp_492">566.78dp</dimen>
<dimen name="dp_493">567.94dp</dimen>
<dimen name="dp_494">569.09dp</dimen>
<dimen name="dp_495">570.24dp</dimen>
<dimen name="dp_496">571.39dp</dimen>
<dimen name="dp_497">572.54dp</dimen>
<dimen name="dp_498">573.70dp</dimen>
<dimen name="dp_499">574.85dp</dimen>
<dimen name="dp_500">576.00dp</dimen>
<dimen name="dp_501">577.15dp</dimen>
<dimen name="dp_502">578.30dp</dimen>
<dimen name="dp_503">579.46dp</dimen>
<dimen name="dp_504">580.61dp</dimen>
<dimen name="dp_505">581.76dp</dimen>
<dimen name="dp_506">582.91dp</dimen>
<dimen name="dp_507">584.06dp</dimen>
<dimen name="dp_508">585.22dp</dimen>
<dimen name="dp_509">586.37dp</dimen>
<dimen name="dp_510">587.52dp</dimen>
<dimen name="dp_511">588.67dp</dimen>
<dimen name="dp_512">589.82dp</dimen>
<dimen name="dp_513">590.98dp</dimen>
<dimen name="dp_514">592.13dp</dimen>
<dimen name="dp_515">593.28dp</dimen>
<dimen name="dp_516">594.43dp</dimen>
<dimen name="dp_517">595.58dp</dimen>
<dimen name="dp_518">596.74dp</dimen>
<dimen name="dp_519">597.89dp</dimen>
<dimen name="dp_520">599.04dp</dimen>
<dimen name="dp_521">600.19dp</dimen>
<dimen name="dp_522">601.34dp</dimen>
<dimen name="dp_523">602.50dp</dimen>
<dimen name="dp_524">603.65dp</dimen>
<dimen name="dp_525">604.80dp</dimen>
<dimen name="dp_526">605.95dp</dimen>
<dimen name="dp_527">607.10dp</dimen>
<dimen name="dp_528">608.26dp</dimen>
<dimen name="dp_529">609.41dp</dimen>
<dimen name="dp_530">610.56dp</dimen>
<dimen name="dp_531">611.71dp</dimen>
<dimen name="dp_532">612.86dp</dimen>
<dimen name="dp_533">614.02dp</dimen>
<dimen name="dp_534">615.17dp</dimen>
<dimen name="dp_535">616.32dp</dimen>
<dimen name="dp_536">617.47dp</dimen>
<dimen name="dp_537">618.62dp</dimen>
<dimen name="dp_538">619.78dp</dimen>
<dimen name="dp_539">620.93dp</dimen>
<dimen name="dp_540">622.08dp</dimen>
<dimen name="dp_541">623.23dp</dimen>
<dimen name="dp_542">624.38dp</dimen>
<dimen name="dp_543">625.54dp</dimen>
<dimen name="dp_544">626.69dp</dimen>
<dimen name="dp_545">627.84dp</dimen>
<dimen name="dp_546">628.99dp</dimen>
<dimen name="dp_547">630.14dp</dimen>
<dimen name="dp_548">631.30dp</dimen>
<dimen name="dp_549">632.45dp</dimen>
<dimen name="dp_550">633.60dp</dimen>
<dimen name="dp_551">634.75dp</dimen>
<dimen name="dp_552">635.90dp</dimen>
<dimen name="dp_553">637.06dp</dimen>
<dimen name="dp_554">638.21dp</dimen>
<dimen name="dp_555">639.36dp</dimen>
<dimen name="dp_556">640.51dp</dimen>
<dimen name="dp_557">641.66dp</dimen>
<dimen name="dp_558">642.82dp</dimen>
<dimen name="dp_559">643.97dp</dimen>
<dimen name="dp_560">645.12dp</dimen>
<dimen name="dp_561">646.27dp</dimen>
<dimen name="dp_562">647.42dp</dimen>
<dimen name="dp_563">648.58dp</dimen>
<dimen name="dp_564">649.73dp</dimen>
<dimen name="dp_565">650.88dp</dimen>
<dimen name="dp_566">652.03dp</dimen>
<dimen name="dp_567">653.18dp</dimen>
<dimen name="dp_568">654.34dp</dimen>
<dimen name="dp_569">655.49dp</dimen>
<dimen name="dp_570">656.64dp</dimen>
<dimen name="dp_571">657.79dp</dimen>
<dimen name="dp_572">658.94dp</dimen>
<dimen name="dp_573">660.10dp</dimen>
<dimen name="dp_574">661.25dp</dimen>
<dimen name="dp_575">662.40dp</dimen>
<dimen name="dp_576">663.55dp</dimen>
<dimen name="dp_577">664.70dp</dimen>
<dimen name="dp_578">665.86dp</dimen>
<dimen name="dp_579">667.01dp</dimen>
<dimen name="dp_580">668.16dp</dimen>
<dimen name="dp_581">669.31dp</dimen>
<dimen name="dp_582">670.46dp</dimen>
<dimen name="dp_583">671.62dp</dimen>
<dimen name="dp_584">672.77dp</dimen>
<dimen name="dp_585">673.92dp</dimen>
<dimen name="dp_586">675.07dp</dimen>
<dimen name="dp_587">676.22dp</dimen>
<dimen name="dp_588">677.38dp</dimen>
<dimen name="dp_589">678.53dp</dimen>
<dimen name="dp_590">679.68dp</dimen>
<dimen name="dp_591">680.83dp</dimen>
<dimen name="dp_592">681.98dp</dimen>
<dimen name="dp_593">683.14dp</dimen>
<dimen name="dp_594">684.29dp</dimen>
<dimen name="dp_595">685.44dp</dimen>
<dimen name="dp_596">686.59dp</dimen>
<dimen name="dp_597">687.74dp</dimen>
<dimen name="dp_598">688.90dp</dimen>
<dimen name="dp_599">690.05dp</dimen>
<dimen name="dp_600">691.20dp</dimen>
<dimen name="dp_601">692.35dp</dimen>
<dimen name="dp_602">693.50dp</dimen>
<dimen name="dp_603">694.66dp</dimen>
<dimen name="dp_604">695.81dp</dimen>
<dimen name="dp_605">696.96dp</dimen>
<dimen name="dp_606">698.11dp</dimen>
<dimen name="dp_607">699.26dp</dimen>
<dimen name="dp_608">700.42dp</dimen>
<dimen name="dp_609">701.57dp</dimen>
<dimen name="dp_610">702.72dp</dimen>
<dimen name="dp_611">703.87dp</dimen>
<dimen name="dp_612">705.02dp</dimen>
<dimen name="dp_613">706.18dp</dimen>
<dimen name="dp_614">707.33dp</dimen>
<dimen name="dp_615">708.48dp</dimen>
<dimen name="dp_616">709.63dp</dimen>
<dimen name="dp_617">710.78dp</dimen>
<dimen name="dp_618">711.94dp</dimen>
<dimen name="dp_619">713.09dp</dimen>
<dimen name="dp_620">714.24dp</dimen>
<dimen name="dp_621">715.39dp</dimen>
<dimen name="dp_622">716.54dp</dimen>
<dimen name="dp_623">717.70dp</dimen>
<dimen name="dp_624">718.85dp</dimen>
<dimen name="dp_625">720.00dp</dimen>
<dimen name="dp_626">721.15dp</dimen>
<dimen name="dp_627">722.30dp</dimen>
<dimen name="dp_628">723.46dp</dimen>
<dimen name="dp_629">724.61dp</dimen>
<dimen name="dp_630">725.76dp</dimen>
<dimen name="dp_631">726.91dp</dimen>
<dimen name="dp_632">728.06dp</dimen>
<dimen name="dp_633">729.22dp</dimen>
<dimen name="dp_634">730.37dp</dimen>
<dimen name="dp_635">731.52dp</dimen>
<dimen name="dp_636">732.67dp</dimen>
<dimen name="dp_637">733.82dp</dimen>
<dimen name="dp_638">734.98dp</dimen>
<dimen name="dp_639">736.13dp</dimen>
<dimen name="dp_640">737.28dp</dimen>
<dimen name="dp_641">738.43dp</dimen>
<dimen name="dp_642">739.58dp</dimen>
<dimen name="dp_643">740.74dp</dimen>
<dimen name="dp_644">741.89dp</dimen>
<dimen name="dp_645">743.04dp</dimen>
<dimen name="dp_646">744.19dp</dimen>
<dimen name="dp_647">745.34dp</dimen>
<dimen name="dp_648">746.50dp</dimen>
<dimen name="dp_649">747.65dp</dimen>
<dimen name="dp_650">748.80dp</dimen>
<dimen name="dp_651">749.95dp</dimen>
<dimen name="dp_652">751.10dp</dimen>
<dimen name="dp_653">752.26dp</dimen>
<dimen name="dp_654">753.41dp</dimen>
<dimen name="dp_655">754.56dp</dimen>
<dimen name="dp_656">755.71dp</dimen>
<dimen name="dp_657">756.86dp</dimen>
<dimen name="dp_658">758.02dp</dimen>
<dimen name="dp_659">759.17dp</dimen>
<dimen name="dp_660">760.32dp</dimen>
<dimen name="dp_661">761.47dp</dimen>
<dimen name="dp_662">762.62dp</dimen>
<dimen name="dp_663">763.78dp</dimen>
<dimen name="dp_664">764.93dp</dimen>
<dimen name="dp_665">766.08dp</dimen>
<dimen name="dp_666">767.23dp</dimen>
<dimen name="dp_667">768.38dp</dimen>
<dimen name="dp_668">769.54dp</dimen>
<dimen name="dp_669">770.69dp</dimen>
<dimen name="dp_670">771.84dp</dimen>
<dimen name="dp_671">772.99dp</dimen>
<dimen name="dp_672">774.14dp</dimen>
<dimen name="dp_673">775.30dp</dimen>
<dimen name="dp_674">776.45dp</dimen>
<dimen name="dp_675">777.60dp</dimen>
<dimen name="dp_676">778.75dp</dimen>
<dimen name="dp_677">779.90dp</dimen>
<dimen name="dp_678">781.06dp</dimen>
<dimen name="dp_679">782.21dp</dimen>
<dimen name="dp_680">783.36dp</dimen>
<dimen name="dp_681">784.51dp</dimen>
<dimen name="dp_682">785.66dp</dimen>
<dimen name="dp_683">786.82dp</dimen>
<dimen name="dp_684">787.97dp</dimen>
<dimen name="dp_685">789.12dp</dimen>
<dimen name="dp_686">790.27dp</dimen>
<dimen name="dp_687">791.42dp</dimen>
<dimen name="dp_688">792.58dp</dimen>
<dimen name="dp_689">793.73dp</dimen>
<dimen name="dp_690">794.88dp</dimen>
<dimen name="dp_691">796.03dp</dimen>
<dimen name="dp_692">797.18dp</dimen>
<dimen name="dp_693">798.34dp</dimen>
<dimen name="dp_694">799.49dp</dimen>
<dimen name="dp_695">800.64dp</dimen>
<dimen name="dp_696">801.79dp</dimen>
<dimen name="dp_697">802.94dp</dimen>
<dimen name="dp_698">804.10dp</dimen>
<dimen name="dp_699">805.25dp</dimen>
<dimen name="dp_700">806.40dp</dimen>
<dimen name="dp_701">807.55dp</dimen>
<dimen name="dp_702">808.70dp</dimen>
<dimen name="dp_703">809.86dp</dimen>
<dimen name="dp_704">811.01dp</dimen>
<dimen name="dp_705">812.16dp</dimen>
<dimen name="dp_706">813.31dp</dimen>
<dimen name="dp_707">814.46dp</dimen>
<dimen name="dp_708">815.62dp</dimen>
<dimen name="dp_709">816.77dp</dimen>
<dimen name="dp_710">817.92dp</dimen>
<dimen name="dp_711">819.07dp</dimen>
<dimen name="dp_712">820.22dp</dimen>
<dimen name="dp_713">821.38dp</dimen>
<dimen name="dp_714">822.53dp</dimen>
<dimen name="dp_715">823.68dp</dimen>
<dimen name="dp_716">824.83dp</dimen>
<dimen name="dp_717">825.98dp</dimen>
<dimen name="dp_718">827.14dp</dimen>
<dimen name="dp_719">828.29dp</dimen>
<dimen name="dp_720">829.44dp</dimen>
</resources>
