<?xml version="1.0" encoding="utf-8"?>
<resources>
<dimen name="base_dpi">360dp</dimen>
<dimen name="dp_0">0.00dp</dimen>
<dimen name="dp_1">0.96dp</dimen>
<dimen name="dp_2">1.92dp</dimen>
<dimen name="dp_3">2.88dp</dimen>
<dimen name="dp_4">3.84dp</dimen>
<dimen name="dp_5">4.80dp</dimen>
<dimen name="dp_6">5.76dp</dimen>
<dimen name="dp_7">6.72dp</dimen>
<dimen name="dp_8">7.68dp</dimen>
<dimen name="dp_9">8.64dp</dimen>
<dimen name="dp_10">9.60dp</dimen>
<dimen name="dp_11">10.56dp</dimen>
<dimen name="dp_12">11.52dp</dimen>
<dimen name="dp_13">12.48dp</dimen>
<dimen name="dp_14">13.44dp</dimen>
<dimen name="dp_15">14.40dp</dimen>
<dimen name="dp_16">15.36dp</dimen>
<dimen name="dp_17">16.32dp</dimen>
<dimen name="dp_18">17.28dp</dimen>
<dimen name="dp_19">18.24dp</dimen>
<dimen name="dp_20">19.20dp</dimen>
<dimen name="dp_21">20.16dp</dimen>
<dimen name="dp_22">21.12dp</dimen>
<dimen name="dp_23">22.08dp</dimen>
<dimen name="dp_24">23.04dp</dimen>
<dimen name="dp_25">24.00dp</dimen>
<dimen name="dp_26">24.96dp</dimen>
<dimen name="dp_27">25.92dp</dimen>
<dimen name="dp_28">26.88dp</dimen>
<dimen name="dp_29">27.84dp</dimen>
<dimen name="dp_30">28.80dp</dimen>
<dimen name="dp_31">29.76dp</dimen>
<dimen name="dp_32">30.72dp</dimen>
<dimen name="dp_33">31.68dp</dimen>
<dimen name="dp_34">32.64dp</dimen>
<dimen name="dp_35">33.60dp</dimen>
<dimen name="dp_36">34.56dp</dimen>
<dimen name="dp_37">35.52dp</dimen>
<dimen name="dp_38">36.48dp</dimen>
<dimen name="dp_39">37.44dp</dimen>
<dimen name="dp_40">38.40dp</dimen>
<dimen name="dp_41">39.36dp</dimen>
<dimen name="dp_42">40.32dp</dimen>
<dimen name="dp_43">41.28dp</dimen>
<dimen name="dp_44">42.24dp</dimen>
<dimen name="dp_45">43.20dp</dimen>
<dimen name="dp_46">44.16dp</dimen>
<dimen name="dp_47">45.12dp</dimen>
<dimen name="dp_48">46.08dp</dimen>
<dimen name="dp_49">47.04dp</dimen>
<dimen name="dp_50">48.00dp</dimen>
<dimen name="dp_51">48.96dp</dimen>
<dimen name="dp_52">49.92dp</dimen>
<dimen name="dp_53">50.88dp</dimen>
<dimen name="dp_54">51.84dp</dimen>
<dimen name="dp_55">52.80dp</dimen>
<dimen name="dp_56">53.76dp</dimen>
<dimen name="dp_57">54.72dp</dimen>
<dimen name="dp_58">55.68dp</dimen>
<dimen name="dp_59">56.64dp</dimen>
<dimen name="dp_60">57.60dp</dimen>
<dimen name="dp_61">58.56dp</dimen>
<dimen name="dp_62">59.52dp</dimen>
<dimen name="dp_63">60.48dp</dimen>
<dimen name="dp_64">61.44dp</dimen>
<dimen name="dp_65">62.40dp</dimen>
<dimen name="dp_66">63.36dp</dimen>
<dimen name="dp_67">64.32dp</dimen>
<dimen name="dp_68">65.28dp</dimen>
<dimen name="dp_69">66.24dp</dimen>
<dimen name="dp_70">67.20dp</dimen>
<dimen name="dp_71">68.16dp</dimen>
<dimen name="dp_72">69.12dp</dimen>
<dimen name="dp_73">70.08dp</dimen>
<dimen name="dp_74">71.04dp</dimen>
<dimen name="dp_75">72.00dp</dimen>
<dimen name="dp_76">72.96dp</dimen>
<dimen name="dp_77">73.92dp</dimen>
<dimen name="dp_78">74.88dp</dimen>
<dimen name="dp_79">75.84dp</dimen>
<dimen name="dp_80">76.80dp</dimen>
<dimen name="dp_81">77.76dp</dimen>
<dimen name="dp_82">78.72dp</dimen>
<dimen name="dp_83">79.68dp</dimen>
<dimen name="dp_84">80.64dp</dimen>
<dimen name="dp_85">81.60dp</dimen>
<dimen name="dp_86">82.56dp</dimen>
<dimen name="dp_87">83.52dp</dimen>
<dimen name="dp_88">84.48dp</dimen>
<dimen name="dp_89">85.44dp</dimen>
<dimen name="dp_90">86.40dp</dimen>
<dimen name="dp_91">87.36dp</dimen>
<dimen name="dp_92">88.32dp</dimen>
<dimen name="dp_93">89.28dp</dimen>
<dimen name="dp_94">90.24dp</dimen>
<dimen name="dp_95">91.20dp</dimen>
<dimen name="dp_96">92.16dp</dimen>
<dimen name="dp_97">93.12dp</dimen>
<dimen name="dp_98">94.08dp</dimen>
<dimen name="dp_99">95.04dp</dimen>
<dimen name="dp_100">96.00dp</dimen>
<dimen name="dp_101">96.96dp</dimen>
<dimen name="dp_102">97.92dp</dimen>
<dimen name="dp_103">98.88dp</dimen>
<dimen name="dp_104">99.84dp</dimen>
<dimen name="dp_105">100.80dp</dimen>
<dimen name="dp_106">101.76dp</dimen>
<dimen name="dp_107">102.72dp</dimen>
<dimen name="dp_108">103.68dp</dimen>
<dimen name="dp_109">104.64dp</dimen>
<dimen name="dp_110">105.60dp</dimen>
<dimen name="dp_111">106.56dp</dimen>
<dimen name="dp_112">107.52dp</dimen>
<dimen name="dp_113">108.48dp</dimen>
<dimen name="dp_114">109.44dp</dimen>
<dimen name="dp_115">110.40dp</dimen>
<dimen name="dp_116">111.36dp</dimen>
<dimen name="dp_117">112.32dp</dimen>
<dimen name="dp_118">113.28dp</dimen>
<dimen name="dp_119">114.24dp</dimen>
<dimen name="dp_120">115.20dp</dimen>
<dimen name="dp_121">116.16dp</dimen>
<dimen name="dp_122">117.12dp</dimen>
<dimen name="dp_123">118.08dp</dimen>
<dimen name="dp_124">119.04dp</dimen>
<dimen name="dp_125">120.00dp</dimen>
<dimen name="dp_126">120.96dp</dimen>
<dimen name="dp_127">121.92dp</dimen>
<dimen name="dp_128">122.88dp</dimen>
<dimen name="dp_129">123.84dp</dimen>
<dimen name="dp_130">124.80dp</dimen>
<dimen name="dp_131">125.76dp</dimen>
<dimen name="dp_132">126.72dp</dimen>
<dimen name="dp_133">127.68dp</dimen>
<dimen name="dp_134">128.64dp</dimen>
<dimen name="dp_135">129.60dp</dimen>
<dimen name="dp_136">130.56dp</dimen>
<dimen name="dp_137">131.52dp</dimen>
<dimen name="dp_138">132.48dp</dimen>
<dimen name="dp_139">133.44dp</dimen>
<dimen name="dp_140">134.40dp</dimen>
<dimen name="dp_141">135.36dp</dimen>
<dimen name="dp_142">136.32dp</dimen>
<dimen name="dp_143">137.28dp</dimen>
<dimen name="dp_144">138.24dp</dimen>
<dimen name="dp_145">139.20dp</dimen>
<dimen name="dp_146">140.16dp</dimen>
<dimen name="dp_147">141.12dp</dimen>
<dimen name="dp_148">142.08dp</dimen>
<dimen name="dp_149">143.04dp</dimen>
<dimen name="dp_150">144.00dp</dimen>
<dimen name="dp_151">144.96dp</dimen>
<dimen name="dp_152">145.92dp</dimen>
<dimen name="dp_153">146.88dp</dimen>
<dimen name="dp_154">147.84dp</dimen>
<dimen name="dp_155">148.80dp</dimen>
<dimen name="dp_156">149.76dp</dimen>
<dimen name="dp_157">150.72dp</dimen>
<dimen name="dp_158">151.68dp</dimen>
<dimen name="dp_159">152.64dp</dimen>
<dimen name="dp_160">153.60dp</dimen>
<dimen name="dp_161">154.56dp</dimen>
<dimen name="dp_162">155.52dp</dimen>
<dimen name="dp_163">156.48dp</dimen>
<dimen name="dp_164">157.44dp</dimen>
<dimen name="dp_165">158.40dp</dimen>
<dimen name="dp_166">159.36dp</dimen>
<dimen name="dp_167">160.32dp</dimen>
<dimen name="dp_168">161.28dp</dimen>
<dimen name="dp_169">162.24dp</dimen>
<dimen name="dp_170">163.20dp</dimen>
<dimen name="dp_171">164.16dp</dimen>
<dimen name="dp_172">165.12dp</dimen>
<dimen name="dp_173">166.08dp</dimen>
<dimen name="dp_174">167.04dp</dimen>
<dimen name="dp_175">168.00dp</dimen>
<dimen name="dp_176">168.96dp</dimen>
<dimen name="dp_177">169.92dp</dimen>
<dimen name="dp_178">170.88dp</dimen>
<dimen name="dp_179">171.84dp</dimen>
<dimen name="dp_180">172.80dp</dimen>
<dimen name="dp_181">173.76dp</dimen>
<dimen name="dp_182">174.72dp</dimen>
<dimen name="dp_183">175.68dp</dimen>
<dimen name="dp_184">176.64dp</dimen>
<dimen name="dp_185">177.60dp</dimen>
<dimen name="dp_186">178.56dp</dimen>
<dimen name="dp_187">179.52dp</dimen>
<dimen name="dp_188">180.48dp</dimen>
<dimen name="dp_189">181.44dp</dimen>
<dimen name="dp_190">182.40dp</dimen>
<dimen name="dp_191">183.36dp</dimen>
<dimen name="dp_192">184.32dp</dimen>
<dimen name="dp_193">185.28dp</dimen>
<dimen name="dp_194">186.24dp</dimen>
<dimen name="dp_195">187.20dp</dimen>
<dimen name="dp_196">188.16dp</dimen>
<dimen name="dp_197">189.12dp</dimen>
<dimen name="dp_198">190.08dp</dimen>
<dimen name="dp_199">191.04dp</dimen>
<dimen name="dp_200">192.00dp</dimen>
<dimen name="dp_201">192.96dp</dimen>
<dimen name="dp_202">193.92dp</dimen>
<dimen name="dp_203">194.88dp</dimen>
<dimen name="dp_204">195.84dp</dimen>
<dimen name="dp_205">196.80dp</dimen>
<dimen name="dp_206">197.76dp</dimen>
<dimen name="dp_207">198.72dp</dimen>
<dimen name="dp_208">199.68dp</dimen>
<dimen name="dp_209">200.64dp</dimen>
<dimen name="dp_210">201.60dp</dimen>
<dimen name="dp_211">202.56dp</dimen>
<dimen name="dp_212">203.52dp</dimen>
<dimen name="dp_213">204.48dp</dimen>
<dimen name="dp_214">205.44dp</dimen>
<dimen name="dp_215">206.40dp</dimen>
<dimen name="dp_216">207.36dp</dimen>
<dimen name="dp_217">208.32dp</dimen>
<dimen name="dp_218">209.28dp</dimen>
<dimen name="dp_219">210.24dp</dimen>
<dimen name="dp_220">211.20dp</dimen>
<dimen name="dp_221">212.16dp</dimen>
<dimen name="dp_222">213.12dp</dimen>
<dimen name="dp_223">214.08dp</dimen>
<dimen name="dp_224">215.04dp</dimen>
<dimen name="dp_225">216.00dp</dimen>
<dimen name="dp_226">216.96dp</dimen>
<dimen name="dp_227">217.92dp</dimen>
<dimen name="dp_228">218.88dp</dimen>
<dimen name="dp_229">219.84dp</dimen>
<dimen name="dp_230">220.80dp</dimen>
<dimen name="dp_231">221.76dp</dimen>
<dimen name="dp_232">222.72dp</dimen>
<dimen name="dp_233">223.68dp</dimen>
<dimen name="dp_234">224.64dp</dimen>
<dimen name="dp_235">225.60dp</dimen>
<dimen name="dp_236">226.56dp</dimen>
<dimen name="dp_237">227.52dp</dimen>
<dimen name="dp_238">228.48dp</dimen>
<dimen name="dp_239">229.44dp</dimen>
<dimen name="dp_240">230.40dp</dimen>
<dimen name="dp_241">231.36dp</dimen>
<dimen name="dp_242">232.32dp</dimen>
<dimen name="dp_243">233.28dp</dimen>
<dimen name="dp_244">234.24dp</dimen>
<dimen name="dp_245">235.20dp</dimen>
<dimen name="dp_246">236.16dp</dimen>
<dimen name="dp_247">237.12dp</dimen>
<dimen name="dp_248">238.08dp</dimen>
<dimen name="dp_249">239.04dp</dimen>
<dimen name="dp_250">240.00dp</dimen>
<dimen name="dp_251">240.96dp</dimen>
<dimen name="dp_252">241.92dp</dimen>
<dimen name="dp_253">242.88dp</dimen>
<dimen name="dp_254">243.84dp</dimen>
<dimen name="dp_255">244.80dp</dimen>
<dimen name="dp_256">245.76dp</dimen>
<dimen name="dp_257">246.72dp</dimen>
<dimen name="dp_258">247.68dp</dimen>
<dimen name="dp_259">248.64dp</dimen>
<dimen name="dp_260">249.60dp</dimen>
<dimen name="dp_261">250.56dp</dimen>
<dimen name="dp_262">251.52dp</dimen>
<dimen name="dp_263">252.48dp</dimen>
<dimen name="dp_264">253.44dp</dimen>
<dimen name="dp_265">254.40dp</dimen>
<dimen name="dp_266">255.36dp</dimen>
<dimen name="dp_267">256.32dp</dimen>
<dimen name="dp_268">257.28dp</dimen>
<dimen name="dp_269">258.24dp</dimen>
<dimen name="dp_270">259.20dp</dimen>
<dimen name="dp_271">260.16dp</dimen>
<dimen name="dp_272">261.12dp</dimen>
<dimen name="dp_273">262.08dp</dimen>
<dimen name="dp_274">263.04dp</dimen>
<dimen name="dp_275">264.00dp</dimen>
<dimen name="dp_276">264.96dp</dimen>
<dimen name="dp_277">265.92dp</dimen>
<dimen name="dp_278">266.88dp</dimen>
<dimen name="dp_279">267.84dp</dimen>
<dimen name="dp_280">268.80dp</dimen>
<dimen name="dp_281">269.76dp</dimen>
<dimen name="dp_282">270.72dp</dimen>
<dimen name="dp_283">271.68dp</dimen>
<dimen name="dp_284">272.64dp</dimen>
<dimen name="dp_285">273.60dp</dimen>
<dimen name="dp_286">274.56dp</dimen>
<dimen name="dp_287">275.52dp</dimen>
<dimen name="dp_288">276.48dp</dimen>
<dimen name="dp_289">277.44dp</dimen>
<dimen name="dp_290">278.40dp</dimen>
<dimen name="dp_291">279.36dp</dimen>
<dimen name="dp_292">280.32dp</dimen>
<dimen name="dp_293">281.28dp</dimen>
<dimen name="dp_294">282.24dp</dimen>
<dimen name="dp_295">283.20dp</dimen>
<dimen name="dp_296">284.16dp</dimen>
<dimen name="dp_297">285.12dp</dimen>
<dimen name="dp_298">286.08dp</dimen>
<dimen name="dp_299">287.04dp</dimen>
<dimen name="dp_300">288.00dp</dimen>
<dimen name="dp_301">288.96dp</dimen>
<dimen name="dp_302">289.92dp</dimen>
<dimen name="dp_303">290.88dp</dimen>
<dimen name="dp_304">291.84dp</dimen>
<dimen name="dp_305">292.80dp</dimen>
<dimen name="dp_306">293.76dp</dimen>
<dimen name="dp_307">294.72dp</dimen>
<dimen name="dp_308">295.68dp</dimen>
<dimen name="dp_309">296.64dp</dimen>
<dimen name="dp_310">297.60dp</dimen>
<dimen name="dp_311">298.56dp</dimen>
<dimen name="dp_312">299.52dp</dimen>
<dimen name="dp_313">300.48dp</dimen>
<dimen name="dp_314">301.44dp</dimen>
<dimen name="dp_315">302.40dp</dimen>
<dimen name="dp_316">303.36dp</dimen>
<dimen name="dp_317">304.32dp</dimen>
<dimen name="dp_318">305.28dp</dimen>
<dimen name="dp_319">306.24dp</dimen>
<dimen name="dp_320">307.20dp</dimen>
<dimen name="dp_321">308.16dp</dimen>
<dimen name="dp_322">309.12dp</dimen>
<dimen name="dp_323">310.08dp</dimen>
<dimen name="dp_324">311.04dp</dimen>
<dimen name="dp_325">312.00dp</dimen>
<dimen name="dp_326">312.96dp</dimen>
<dimen name="dp_327">313.92dp</dimen>
<dimen name="dp_328">314.88dp</dimen>
<dimen name="dp_329">315.84dp</dimen>
<dimen name="dp_330">316.80dp</dimen>
<dimen name="dp_331">317.76dp</dimen>
<dimen name="dp_332">318.72dp</dimen>
<dimen name="dp_333">319.68dp</dimen>
<dimen name="dp_334">320.64dp</dimen>
<dimen name="dp_335">321.60dp</dimen>
<dimen name="dp_336">322.56dp</dimen>
<dimen name="dp_337">323.52dp</dimen>
<dimen name="dp_338">324.48dp</dimen>
<dimen name="dp_339">325.44dp</dimen>
<dimen name="dp_340">326.40dp</dimen>
<dimen name="dp_341">327.36dp</dimen>
<dimen name="dp_342">328.32dp</dimen>
<dimen name="dp_343">329.28dp</dimen>
<dimen name="dp_344">330.24dp</dimen>
<dimen name="dp_345">331.20dp</dimen>
<dimen name="dp_346">332.16dp</dimen>
<dimen name="dp_347">333.12dp</dimen>
<dimen name="dp_348">334.08dp</dimen>
<dimen name="dp_349">335.04dp</dimen>
<dimen name="dp_350">336.00dp</dimen>
<dimen name="dp_351">336.96dp</dimen>
<dimen name="dp_352">337.92dp</dimen>
<dimen name="dp_353">338.88dp</dimen>
<dimen name="dp_354">339.84dp</dimen>
<dimen name="dp_355">340.80dp</dimen>
<dimen name="dp_356">341.76dp</dimen>
<dimen name="dp_357">342.72dp</dimen>
<dimen name="dp_358">343.68dp</dimen>
<dimen name="dp_359">344.64dp</dimen>
<dimen name="dp_360">345.60dp</dimen>
<dimen name="dp_361">346.56dp</dimen>
<dimen name="dp_362">347.52dp</dimen>
<dimen name="dp_363">348.48dp</dimen>
<dimen name="dp_364">349.44dp</dimen>
<dimen name="dp_365">350.40dp</dimen>
<dimen name="dp_366">351.36dp</dimen>
<dimen name="dp_367">352.32dp</dimen>
<dimen name="dp_368">353.28dp</dimen>
<dimen name="dp_369">354.24dp</dimen>
<dimen name="dp_370">355.20dp</dimen>
<dimen name="dp_371">356.16dp</dimen>
<dimen name="dp_372">357.12dp</dimen>
<dimen name="dp_373">358.08dp</dimen>
<dimen name="dp_374">359.04dp</dimen>
<dimen name="dp_375">360.00dp</dimen>
<dimen name="dp_376">360.96dp</dimen>
<dimen name="dp_377">361.92dp</dimen>
<dimen name="dp_378">362.88dp</dimen>
<dimen name="dp_379">363.84dp</dimen>
<dimen name="dp_380">364.80dp</dimen>
<dimen name="dp_381">365.76dp</dimen>
<dimen name="dp_382">366.72dp</dimen>
<dimen name="dp_383">367.68dp</dimen>
<dimen name="dp_384">368.64dp</dimen>
<dimen name="dp_385">369.60dp</dimen>
<dimen name="dp_386">370.56dp</dimen>
<dimen name="dp_387">371.52dp</dimen>
<dimen name="dp_388">372.48dp</dimen>
<dimen name="dp_389">373.44dp</dimen>
<dimen name="dp_390">374.40dp</dimen>
<dimen name="dp_391">375.36dp</dimen>
<dimen name="dp_392">376.32dp</dimen>
<dimen name="dp_393">377.28dp</dimen>
<dimen name="dp_394">378.24dp</dimen>
<dimen name="dp_395">379.20dp</dimen>
<dimen name="dp_396">380.16dp</dimen>
<dimen name="dp_397">381.12dp</dimen>
<dimen name="dp_398">382.08dp</dimen>
<dimen name="dp_399">383.04dp</dimen>
<dimen name="dp_400">384.00dp</dimen>
<dimen name="dp_401">384.96dp</dimen>
<dimen name="dp_402">385.92dp</dimen>
<dimen name="dp_403">386.88dp</dimen>
<dimen name="dp_404">387.84dp</dimen>
<dimen name="dp_405">388.80dp</dimen>
<dimen name="dp_406">389.76dp</dimen>
<dimen name="dp_407">390.72dp</dimen>
<dimen name="dp_408">391.68dp</dimen>
<dimen name="dp_409">392.64dp</dimen>
<dimen name="dp_410">393.60dp</dimen>
<dimen name="dp_411">394.56dp</dimen>
<dimen name="dp_412">395.52dp</dimen>
<dimen name="dp_413">396.48dp</dimen>
<dimen name="dp_414">397.44dp</dimen>
<dimen name="dp_415">398.40dp</dimen>
<dimen name="dp_416">399.36dp</dimen>
<dimen name="dp_417">400.32dp</dimen>
<dimen name="dp_418">401.28dp</dimen>
<dimen name="dp_419">402.24dp</dimen>
<dimen name="dp_420">403.20dp</dimen>
<dimen name="dp_421">404.16dp</dimen>
<dimen name="dp_422">405.12dp</dimen>
<dimen name="dp_423">406.08dp</dimen>
<dimen name="dp_424">407.04dp</dimen>
<dimen name="dp_425">408.00dp</dimen>
<dimen name="dp_426">408.96dp</dimen>
<dimen name="dp_427">409.92dp</dimen>
<dimen name="dp_428">410.88dp</dimen>
<dimen name="dp_429">411.84dp</dimen>
<dimen name="dp_430">412.80dp</dimen>
<dimen name="dp_431">413.76dp</dimen>
<dimen name="dp_432">414.72dp</dimen>
<dimen name="dp_433">415.68dp</dimen>
<dimen name="dp_434">416.64dp</dimen>
<dimen name="dp_435">417.60dp</dimen>
<dimen name="dp_436">418.56dp</dimen>
<dimen name="dp_437">419.52dp</dimen>
<dimen name="dp_438">420.48dp</dimen>
<dimen name="dp_439">421.44dp</dimen>
<dimen name="dp_440">422.40dp</dimen>
<dimen name="dp_441">423.36dp</dimen>
<dimen name="dp_442">424.32dp</dimen>
<dimen name="dp_443">425.28dp</dimen>
<dimen name="dp_444">426.24dp</dimen>
<dimen name="dp_445">427.20dp</dimen>
<dimen name="dp_446">428.16dp</dimen>
<dimen name="dp_447">429.12dp</dimen>
<dimen name="dp_448">430.08dp</dimen>
<dimen name="dp_449">431.04dp</dimen>
<dimen name="dp_450">432.00dp</dimen>
<dimen name="dp_451">432.96dp</dimen>
<dimen name="dp_452">433.92dp</dimen>
<dimen name="dp_453">434.88dp</dimen>
<dimen name="dp_454">435.84dp</dimen>
<dimen name="dp_455">436.80dp</dimen>
<dimen name="dp_456">437.76dp</dimen>
<dimen name="dp_457">438.72dp</dimen>
<dimen name="dp_458">439.68dp</dimen>
<dimen name="dp_459">440.64dp</dimen>
<dimen name="dp_460">441.60dp</dimen>
<dimen name="dp_461">442.56dp</dimen>
<dimen name="dp_462">443.52dp</dimen>
<dimen name="dp_463">444.48dp</dimen>
<dimen name="dp_464">445.44dp</dimen>
<dimen name="dp_465">446.40dp</dimen>
<dimen name="dp_466">447.36dp</dimen>
<dimen name="dp_467">448.32dp</dimen>
<dimen name="dp_468">449.28dp</dimen>
<dimen name="dp_469">450.24dp</dimen>
<dimen name="dp_470">451.20dp</dimen>
<dimen name="dp_471">452.16dp</dimen>
<dimen name="dp_472">453.12dp</dimen>
<dimen name="dp_473">454.08dp</dimen>
<dimen name="dp_474">455.04dp</dimen>
<dimen name="dp_475">456.00dp</dimen>
<dimen name="dp_476">456.96dp</dimen>
<dimen name="dp_477">457.92dp</dimen>
<dimen name="dp_478">458.88dp</dimen>
<dimen name="dp_479">459.84dp</dimen>
<dimen name="dp_480">460.80dp</dimen>
<dimen name="dp_481">461.76dp</dimen>
<dimen name="dp_482">462.72dp</dimen>
<dimen name="dp_483">463.68dp</dimen>
<dimen name="dp_484">464.64dp</dimen>
<dimen name="dp_485">465.60dp</dimen>
<dimen name="dp_486">466.56dp</dimen>
<dimen name="dp_487">467.52dp</dimen>
<dimen name="dp_488">468.48dp</dimen>
<dimen name="dp_489">469.44dp</dimen>
<dimen name="dp_490">470.40dp</dimen>
<dimen name="dp_491">471.36dp</dimen>
<dimen name="dp_492">472.32dp</dimen>
<dimen name="dp_493">473.28dp</dimen>
<dimen name="dp_494">474.24dp</dimen>
<dimen name="dp_495">475.20dp</dimen>
<dimen name="dp_496">476.16dp</dimen>
<dimen name="dp_497">477.12dp</dimen>
<dimen name="dp_498">478.08dp</dimen>
<dimen name="dp_499">479.04dp</dimen>
<dimen name="dp_500">480.00dp</dimen>
<dimen name="dp_501">480.96dp</dimen>
<dimen name="dp_502">481.92dp</dimen>
<dimen name="dp_503">482.88dp</dimen>
<dimen name="dp_504">483.84dp</dimen>
<dimen name="dp_505">484.80dp</dimen>
<dimen name="dp_506">485.76dp</dimen>
<dimen name="dp_507">486.72dp</dimen>
<dimen name="dp_508">487.68dp</dimen>
<dimen name="dp_509">488.64dp</dimen>
<dimen name="dp_510">489.60dp</dimen>
<dimen name="dp_511">490.56dp</dimen>
<dimen name="dp_512">491.52dp</dimen>
<dimen name="dp_513">492.48dp</dimen>
<dimen name="dp_514">493.44dp</dimen>
<dimen name="dp_515">494.40dp</dimen>
<dimen name="dp_516">495.36dp</dimen>
<dimen name="dp_517">496.32dp</dimen>
<dimen name="dp_518">497.28dp</dimen>
<dimen name="dp_519">498.24dp</dimen>
<dimen name="dp_520">499.20dp</dimen>
<dimen name="dp_521">500.16dp</dimen>
<dimen name="dp_522">501.12dp</dimen>
<dimen name="dp_523">502.08dp</dimen>
<dimen name="dp_524">503.04dp</dimen>
<dimen name="dp_525">504.00dp</dimen>
<dimen name="dp_526">504.96dp</dimen>
<dimen name="dp_527">505.92dp</dimen>
<dimen name="dp_528">506.88dp</dimen>
<dimen name="dp_529">507.84dp</dimen>
<dimen name="dp_530">508.80dp</dimen>
<dimen name="dp_531">509.76dp</dimen>
<dimen name="dp_532">510.72dp</dimen>
<dimen name="dp_533">511.68dp</dimen>
<dimen name="dp_534">512.64dp</dimen>
<dimen name="dp_535">513.60dp</dimen>
<dimen name="dp_536">514.56dp</dimen>
<dimen name="dp_537">515.52dp</dimen>
<dimen name="dp_538">516.48dp</dimen>
<dimen name="dp_539">517.44dp</dimen>
<dimen name="dp_540">518.40dp</dimen>
<dimen name="dp_541">519.36dp</dimen>
<dimen name="dp_542">520.32dp</dimen>
<dimen name="dp_543">521.28dp</dimen>
<dimen name="dp_544">522.24dp</dimen>
<dimen name="dp_545">523.20dp</dimen>
<dimen name="dp_546">524.16dp</dimen>
<dimen name="dp_547">525.12dp</dimen>
<dimen name="dp_548">526.08dp</dimen>
<dimen name="dp_549">527.04dp</dimen>
<dimen name="dp_550">528.00dp</dimen>
<dimen name="dp_551">528.96dp</dimen>
<dimen name="dp_552">529.92dp</dimen>
<dimen name="dp_553">530.88dp</dimen>
<dimen name="dp_554">531.84dp</dimen>
<dimen name="dp_555">532.80dp</dimen>
<dimen name="dp_556">533.76dp</dimen>
<dimen name="dp_557">534.72dp</dimen>
<dimen name="dp_558">535.68dp</dimen>
<dimen name="dp_559">536.64dp</dimen>
<dimen name="dp_560">537.60dp</dimen>
<dimen name="dp_561">538.56dp</dimen>
<dimen name="dp_562">539.52dp</dimen>
<dimen name="dp_563">540.48dp</dimen>
<dimen name="dp_564">541.44dp</dimen>
<dimen name="dp_565">542.40dp</dimen>
<dimen name="dp_566">543.36dp</dimen>
<dimen name="dp_567">544.32dp</dimen>
<dimen name="dp_568">545.28dp</dimen>
<dimen name="dp_569">546.24dp</dimen>
<dimen name="dp_570">547.20dp</dimen>
<dimen name="dp_571">548.16dp</dimen>
<dimen name="dp_572">549.12dp</dimen>
<dimen name="dp_573">550.08dp</dimen>
<dimen name="dp_574">551.04dp</dimen>
<dimen name="dp_575">552.00dp</dimen>
<dimen name="dp_576">552.96dp</dimen>
<dimen name="dp_577">553.92dp</dimen>
<dimen name="dp_578">554.88dp</dimen>
<dimen name="dp_579">555.84dp</dimen>
<dimen name="dp_580">556.80dp</dimen>
<dimen name="dp_581">557.76dp</dimen>
<dimen name="dp_582">558.72dp</dimen>
<dimen name="dp_583">559.68dp</dimen>
<dimen name="dp_584">560.64dp</dimen>
<dimen name="dp_585">561.60dp</dimen>
<dimen name="dp_586">562.56dp</dimen>
<dimen name="dp_587">563.52dp</dimen>
<dimen name="dp_588">564.48dp</dimen>
<dimen name="dp_589">565.44dp</dimen>
<dimen name="dp_590">566.40dp</dimen>
<dimen name="dp_591">567.36dp</dimen>
<dimen name="dp_592">568.32dp</dimen>
<dimen name="dp_593">569.28dp</dimen>
<dimen name="dp_594">570.24dp</dimen>
<dimen name="dp_595">571.20dp</dimen>
<dimen name="dp_596">572.16dp</dimen>
<dimen name="dp_597">573.12dp</dimen>
<dimen name="dp_598">574.08dp</dimen>
<dimen name="dp_599">575.04dp</dimen>
<dimen name="dp_600">576.00dp</dimen>
<dimen name="dp_601">576.96dp</dimen>
<dimen name="dp_602">577.92dp</dimen>
<dimen name="dp_603">578.88dp</dimen>
<dimen name="dp_604">579.84dp</dimen>
<dimen name="dp_605">580.80dp</dimen>
<dimen name="dp_606">581.76dp</dimen>
<dimen name="dp_607">582.72dp</dimen>
<dimen name="dp_608">583.68dp</dimen>
<dimen name="dp_609">584.64dp</dimen>
<dimen name="dp_610">585.60dp</dimen>
<dimen name="dp_611">586.56dp</dimen>
<dimen name="dp_612">587.52dp</dimen>
<dimen name="dp_613">588.48dp</dimen>
<dimen name="dp_614">589.44dp</dimen>
<dimen name="dp_615">590.40dp</dimen>
<dimen name="dp_616">591.36dp</dimen>
<dimen name="dp_617">592.32dp</dimen>
<dimen name="dp_618">593.28dp</dimen>
<dimen name="dp_619">594.24dp</dimen>
<dimen name="dp_620">595.20dp</dimen>
<dimen name="dp_621">596.16dp</dimen>
<dimen name="dp_622">597.12dp</dimen>
<dimen name="dp_623">598.08dp</dimen>
<dimen name="dp_624">599.04dp</dimen>
<dimen name="dp_625">600.00dp</dimen>
<dimen name="dp_626">600.96dp</dimen>
<dimen name="dp_627">601.92dp</dimen>
<dimen name="dp_628">602.88dp</dimen>
<dimen name="dp_629">603.84dp</dimen>
<dimen name="dp_630">604.80dp</dimen>
<dimen name="dp_631">605.76dp</dimen>
<dimen name="dp_632">606.72dp</dimen>
<dimen name="dp_633">607.68dp</dimen>
<dimen name="dp_634">608.64dp</dimen>
<dimen name="dp_635">609.60dp</dimen>
<dimen name="dp_636">610.56dp</dimen>
<dimen name="dp_637">611.52dp</dimen>
<dimen name="dp_638">612.48dp</dimen>
<dimen name="dp_639">613.44dp</dimen>
<dimen name="dp_640">614.40dp</dimen>
<dimen name="dp_641">615.36dp</dimen>
<dimen name="dp_642">616.32dp</dimen>
<dimen name="dp_643">617.28dp</dimen>
<dimen name="dp_644">618.24dp</dimen>
<dimen name="dp_645">619.20dp</dimen>
<dimen name="dp_646">620.16dp</dimen>
<dimen name="dp_647">621.12dp</dimen>
<dimen name="dp_648">622.08dp</dimen>
<dimen name="dp_649">623.04dp</dimen>
<dimen name="dp_650">624.00dp</dimen>
<dimen name="dp_651">624.96dp</dimen>
<dimen name="dp_652">625.92dp</dimen>
<dimen name="dp_653">626.88dp</dimen>
<dimen name="dp_654">627.84dp</dimen>
<dimen name="dp_655">628.80dp</dimen>
<dimen name="dp_656">629.76dp</dimen>
<dimen name="dp_657">630.72dp</dimen>
<dimen name="dp_658">631.68dp</dimen>
<dimen name="dp_659">632.64dp</dimen>
<dimen name="dp_660">633.60dp</dimen>
<dimen name="dp_661">634.56dp</dimen>
<dimen name="dp_662">635.52dp</dimen>
<dimen name="dp_663">636.48dp</dimen>
<dimen name="dp_664">637.44dp</dimen>
<dimen name="dp_665">638.40dp</dimen>
<dimen name="dp_666">639.36dp</dimen>
<dimen name="dp_667">640.32dp</dimen>
<dimen name="dp_668">641.28dp</dimen>
<dimen name="dp_669">642.24dp</dimen>
<dimen name="dp_670">643.20dp</dimen>
<dimen name="dp_671">644.16dp</dimen>
<dimen name="dp_672">645.12dp</dimen>
<dimen name="dp_673">646.08dp</dimen>
<dimen name="dp_674">647.04dp</dimen>
<dimen name="dp_675">648.00dp</dimen>
<dimen name="dp_676">648.96dp</dimen>
<dimen name="dp_677">649.92dp</dimen>
<dimen name="dp_678">650.88dp</dimen>
<dimen name="dp_679">651.84dp</dimen>
<dimen name="dp_680">652.80dp</dimen>
<dimen name="dp_681">653.76dp</dimen>
<dimen name="dp_682">654.72dp</dimen>
<dimen name="dp_683">655.68dp</dimen>
<dimen name="dp_684">656.64dp</dimen>
<dimen name="dp_685">657.60dp</dimen>
<dimen name="dp_686">658.56dp</dimen>
<dimen name="dp_687">659.52dp</dimen>
<dimen name="dp_688">660.48dp</dimen>
<dimen name="dp_689">661.44dp</dimen>
<dimen name="dp_690">662.40dp</dimen>
<dimen name="dp_691">663.36dp</dimen>
<dimen name="dp_692">664.32dp</dimen>
<dimen name="dp_693">665.28dp</dimen>
<dimen name="dp_694">666.24dp</dimen>
<dimen name="dp_695">667.20dp</dimen>
<dimen name="dp_696">668.16dp</dimen>
<dimen name="dp_697">669.12dp</dimen>
<dimen name="dp_698">670.08dp</dimen>
<dimen name="dp_699">671.04dp</dimen>
<dimen name="dp_700">672.00dp</dimen>
<dimen name="dp_701">672.96dp</dimen>
<dimen name="dp_702">673.92dp</dimen>
<dimen name="dp_703">674.88dp</dimen>
<dimen name="dp_704">675.84dp</dimen>
<dimen name="dp_705">676.80dp</dimen>
<dimen name="dp_706">677.76dp</dimen>
<dimen name="dp_707">678.72dp</dimen>
<dimen name="dp_708">679.68dp</dimen>
<dimen name="dp_709">680.64dp</dimen>
<dimen name="dp_710">681.60dp</dimen>
<dimen name="dp_711">682.56dp</dimen>
<dimen name="dp_712">683.52dp</dimen>
<dimen name="dp_713">684.48dp</dimen>
<dimen name="dp_714">685.44dp</dimen>
<dimen name="dp_715">686.40dp</dimen>
<dimen name="dp_716">687.36dp</dimen>
<dimen name="dp_717">688.32dp</dimen>
<dimen name="dp_718">689.28dp</dimen>
<dimen name="dp_719">690.24dp</dimen>
<dimen name="dp_720">691.20dp</dimen>
</resources>
