<?xml version="1.0" encoding="utf-8"?>
<resources>
<dimen name="base_dpi">430dp</dimen>
<dimen name="dp_0">0.00dp</dimen>
<dimen name="dp_1">1.15dp</dimen>
<dimen name="dp_2">2.29dp</dimen>
<dimen name="dp_3">3.44dp</dimen>
<dimen name="dp_4">4.59dp</dimen>
<dimen name="dp_5">5.73dp</dimen>
<dimen name="dp_6">6.88dp</dimen>
<dimen name="dp_7">8.03dp</dimen>
<dimen name="dp_8">9.17dp</dimen>
<dimen name="dp_9">10.32dp</dimen>
<dimen name="dp_10">11.47dp</dimen>
<dimen name="dp_11">12.61dp</dimen>
<dimen name="dp_12">13.76dp</dimen>
<dimen name="dp_13">14.91dp</dimen>
<dimen name="dp_14">16.05dp</dimen>
<dimen name="dp_15">17.20dp</dimen>
<dimen name="dp_16">18.35dp</dimen>
<dimen name="dp_17">19.49dp</dimen>
<dimen name="dp_18">20.64dp</dimen>
<dimen name="dp_19">21.79dp</dimen>
<dimen name="dp_20">22.93dp</dimen>
<dimen name="dp_21">24.08dp</dimen>
<dimen name="dp_22">25.23dp</dimen>
<dimen name="dp_23">26.37dp</dimen>
<dimen name="dp_24">27.52dp</dimen>
<dimen name="dp_25">28.67dp</dimen>
<dimen name="dp_26">29.81dp</dimen>
<dimen name="dp_27">30.96dp</dimen>
<dimen name="dp_28">32.11dp</dimen>
<dimen name="dp_29">33.25dp</dimen>
<dimen name="dp_30">34.40dp</dimen>
<dimen name="dp_31">35.55dp</dimen>
<dimen name="dp_32">36.69dp</dimen>
<dimen name="dp_33">37.84dp</dimen>
<dimen name="dp_34">38.99dp</dimen>
<dimen name="dp_35">40.13dp</dimen>
<dimen name="dp_36">41.28dp</dimen>
<dimen name="dp_37">42.43dp</dimen>
<dimen name="dp_38">43.57dp</dimen>
<dimen name="dp_39">44.72dp</dimen>
<dimen name="dp_40">45.87dp</dimen>
<dimen name="dp_41">47.01dp</dimen>
<dimen name="dp_42">48.16dp</dimen>
<dimen name="dp_43">49.31dp</dimen>
<dimen name="dp_44">50.45dp</dimen>
<dimen name="dp_45">51.60dp</dimen>
<dimen name="dp_46">52.75dp</dimen>
<dimen name="dp_47">53.89dp</dimen>
<dimen name="dp_48">55.04dp</dimen>
<dimen name="dp_49">56.19dp</dimen>
<dimen name="dp_50">57.33dp</dimen>
<dimen name="dp_51">58.48dp</dimen>
<dimen name="dp_52">59.63dp</dimen>
<dimen name="dp_53">60.77dp</dimen>
<dimen name="dp_54">61.92dp</dimen>
<dimen name="dp_55">63.07dp</dimen>
<dimen name="dp_56">64.21dp</dimen>
<dimen name="dp_57">65.36dp</dimen>
<dimen name="dp_58">66.51dp</dimen>
<dimen name="dp_59">67.65dp</dimen>
<dimen name="dp_60">68.80dp</dimen>
<dimen name="dp_61">69.95dp</dimen>
<dimen name="dp_62">71.09dp</dimen>
<dimen name="dp_63">72.24dp</dimen>
<dimen name="dp_64">73.39dp</dimen>
<dimen name="dp_65">74.53dp</dimen>
<dimen name="dp_66">75.68dp</dimen>
<dimen name="dp_67">76.83dp</dimen>
<dimen name="dp_68">77.97dp</dimen>
<dimen name="dp_69">79.12dp</dimen>
<dimen name="dp_70">80.27dp</dimen>
<dimen name="dp_71">81.41dp</dimen>
<dimen name="dp_72">82.56dp</dimen>
<dimen name="dp_73">83.71dp</dimen>
<dimen name="dp_74">84.85dp</dimen>
<dimen name="dp_75">86.00dp</dimen>
<dimen name="dp_76">87.15dp</dimen>
<dimen name="dp_77">88.29dp</dimen>
<dimen name="dp_78">89.44dp</dimen>
<dimen name="dp_79">90.59dp</dimen>
<dimen name="dp_80">91.73dp</dimen>
<dimen name="dp_81">92.88dp</dimen>
<dimen name="dp_82">94.03dp</dimen>
<dimen name="dp_83">95.17dp</dimen>
<dimen name="dp_84">96.32dp</dimen>
<dimen name="dp_85">97.47dp</dimen>
<dimen name="dp_86">98.61dp</dimen>
<dimen name="dp_87">99.76dp</dimen>
<dimen name="dp_88">100.91dp</dimen>
<dimen name="dp_89">102.05dp</dimen>
<dimen name="dp_90">103.20dp</dimen>
<dimen name="dp_91">104.35dp</dimen>
<dimen name="dp_92">105.49dp</dimen>
<dimen name="dp_93">106.64dp</dimen>
<dimen name="dp_94">107.79dp</dimen>
<dimen name="dp_95">108.93dp</dimen>
<dimen name="dp_96">110.08dp</dimen>
<dimen name="dp_97">111.23dp</dimen>
<dimen name="dp_98">112.37dp</dimen>
<dimen name="dp_99">113.52dp</dimen>
<dimen name="dp_100">114.67dp</dimen>
<dimen name="dp_101">115.81dp</dimen>
<dimen name="dp_102">116.96dp</dimen>
<dimen name="dp_103">118.11dp</dimen>
<dimen name="dp_104">119.25dp</dimen>
<dimen name="dp_105">120.40dp</dimen>
<dimen name="dp_106">121.55dp</dimen>
<dimen name="dp_107">122.69dp</dimen>
<dimen name="dp_108">123.84dp</dimen>
<dimen name="dp_109">124.99dp</dimen>
<dimen name="dp_110">126.13dp</dimen>
<dimen name="dp_111">127.28dp</dimen>
<dimen name="dp_112">128.43dp</dimen>
<dimen name="dp_113">129.57dp</dimen>
<dimen name="dp_114">130.72dp</dimen>
<dimen name="dp_115">131.87dp</dimen>
<dimen name="dp_116">133.01dp</dimen>
<dimen name="dp_117">134.16dp</dimen>
<dimen name="dp_118">135.31dp</dimen>
<dimen name="dp_119">136.45dp</dimen>
<dimen name="dp_120">137.60dp</dimen>
<dimen name="dp_121">138.75dp</dimen>
<dimen name="dp_122">139.89dp</dimen>
<dimen name="dp_123">141.04dp</dimen>
<dimen name="dp_124">142.19dp</dimen>
<dimen name="dp_125">143.33dp</dimen>
<dimen name="dp_126">144.48dp</dimen>
<dimen name="dp_127">145.63dp</dimen>
<dimen name="dp_128">146.77dp</dimen>
<dimen name="dp_129">147.92dp</dimen>
<dimen name="dp_130">149.07dp</dimen>
<dimen name="dp_131">150.21dp</dimen>
<dimen name="dp_132">151.36dp</dimen>
<dimen name="dp_133">152.51dp</dimen>
<dimen name="dp_134">153.65dp</dimen>
<dimen name="dp_135">154.80dp</dimen>
<dimen name="dp_136">155.95dp</dimen>
<dimen name="dp_137">157.09dp</dimen>
<dimen name="dp_138">158.24dp</dimen>
<dimen name="dp_139">159.39dp</dimen>
<dimen name="dp_140">160.53dp</dimen>
<dimen name="dp_141">161.68dp</dimen>
<dimen name="dp_142">162.83dp</dimen>
<dimen name="dp_143">163.97dp</dimen>
<dimen name="dp_144">165.12dp</dimen>
<dimen name="dp_145">166.27dp</dimen>
<dimen name="dp_146">167.41dp</dimen>
<dimen name="dp_147">168.56dp</dimen>
<dimen name="dp_148">169.71dp</dimen>
<dimen name="dp_149">170.85dp</dimen>
<dimen name="dp_150">172.00dp</dimen>
<dimen name="dp_151">173.15dp</dimen>
<dimen name="dp_152">174.29dp</dimen>
<dimen name="dp_153">175.44dp</dimen>
<dimen name="dp_154">176.59dp</dimen>
<dimen name="dp_155">177.73dp</dimen>
<dimen name="dp_156">178.88dp</dimen>
<dimen name="dp_157">180.03dp</dimen>
<dimen name="dp_158">181.17dp</dimen>
<dimen name="dp_159">182.32dp</dimen>
<dimen name="dp_160">183.47dp</dimen>
<dimen name="dp_161">184.61dp</dimen>
<dimen name="dp_162">185.76dp</dimen>
<dimen name="dp_163">186.91dp</dimen>
<dimen name="dp_164">188.05dp</dimen>
<dimen name="dp_165">189.20dp</dimen>
<dimen name="dp_166">190.35dp</dimen>
<dimen name="dp_167">191.49dp</dimen>
<dimen name="dp_168">192.64dp</dimen>
<dimen name="dp_169">193.79dp</dimen>
<dimen name="dp_170">194.93dp</dimen>
<dimen name="dp_171">196.08dp</dimen>
<dimen name="dp_172">197.23dp</dimen>
<dimen name="dp_173">198.37dp</dimen>
<dimen name="dp_174">199.52dp</dimen>
<dimen name="dp_175">200.67dp</dimen>
<dimen name="dp_176">201.81dp</dimen>
<dimen name="dp_177">202.96dp</dimen>
<dimen name="dp_178">204.11dp</dimen>
<dimen name="dp_179">205.25dp</dimen>
<dimen name="dp_180">206.40dp</dimen>
<dimen name="dp_181">207.55dp</dimen>
<dimen name="dp_182">208.69dp</dimen>
<dimen name="dp_183">209.84dp</dimen>
<dimen name="dp_184">210.99dp</dimen>
<dimen name="dp_185">212.13dp</dimen>
<dimen name="dp_186">213.28dp</dimen>
<dimen name="dp_187">214.43dp</dimen>
<dimen name="dp_188">215.57dp</dimen>
<dimen name="dp_189">216.72dp</dimen>
<dimen name="dp_190">217.87dp</dimen>
<dimen name="dp_191">219.01dp</dimen>
<dimen name="dp_192">220.16dp</dimen>
<dimen name="dp_193">221.31dp</dimen>
<dimen name="dp_194">222.45dp</dimen>
<dimen name="dp_195">223.60dp</dimen>
<dimen name="dp_196">224.75dp</dimen>
<dimen name="dp_197">225.89dp</dimen>
<dimen name="dp_198">227.04dp</dimen>
<dimen name="dp_199">228.19dp</dimen>
<dimen name="dp_200">229.33dp</dimen>
<dimen name="dp_201">230.48dp</dimen>
<dimen name="dp_202">231.63dp</dimen>
<dimen name="dp_203">232.77dp</dimen>
<dimen name="dp_204">233.92dp</dimen>
<dimen name="dp_205">235.07dp</dimen>
<dimen name="dp_206">236.21dp</dimen>
<dimen name="dp_207">237.36dp</dimen>
<dimen name="dp_208">238.51dp</dimen>
<dimen name="dp_209">239.65dp</dimen>
<dimen name="dp_210">240.80dp</dimen>
<dimen name="dp_211">241.95dp</dimen>
<dimen name="dp_212">243.09dp</dimen>
<dimen name="dp_213">244.24dp</dimen>
<dimen name="dp_214">245.39dp</dimen>
<dimen name="dp_215">246.53dp</dimen>
<dimen name="dp_216">247.68dp</dimen>
<dimen name="dp_217">248.83dp</dimen>
<dimen name="dp_218">249.97dp</dimen>
<dimen name="dp_219">251.12dp</dimen>
<dimen name="dp_220">252.27dp</dimen>
<dimen name="dp_221">253.41dp</dimen>
<dimen name="dp_222">254.56dp</dimen>
<dimen name="dp_223">255.71dp</dimen>
<dimen name="dp_224">256.85dp</dimen>
<dimen name="dp_225">258.00dp</dimen>
<dimen name="dp_226">259.15dp</dimen>
<dimen name="dp_227">260.29dp</dimen>
<dimen name="dp_228">261.44dp</dimen>
<dimen name="dp_229">262.59dp</dimen>
<dimen name="dp_230">263.73dp</dimen>
<dimen name="dp_231">264.88dp</dimen>
<dimen name="dp_232">266.03dp</dimen>
<dimen name="dp_233">267.17dp</dimen>
<dimen name="dp_234">268.32dp</dimen>
<dimen name="dp_235">269.47dp</dimen>
<dimen name="dp_236">270.61dp</dimen>
<dimen name="dp_237">271.76dp</dimen>
<dimen name="dp_238">272.91dp</dimen>
<dimen name="dp_239">274.05dp</dimen>
<dimen name="dp_240">275.20dp</dimen>
<dimen name="dp_241">276.35dp</dimen>
<dimen name="dp_242">277.49dp</dimen>
<dimen name="dp_243">278.64dp</dimen>
<dimen name="dp_244">279.79dp</dimen>
<dimen name="dp_245">280.93dp</dimen>
<dimen name="dp_246">282.08dp</dimen>
<dimen name="dp_247">283.23dp</dimen>
<dimen name="dp_248">284.37dp</dimen>
<dimen name="dp_249">285.52dp</dimen>
<dimen name="dp_250">286.67dp</dimen>
<dimen name="dp_251">287.81dp</dimen>
<dimen name="dp_252">288.96dp</dimen>
<dimen name="dp_253">290.11dp</dimen>
<dimen name="dp_254">291.25dp</dimen>
<dimen name="dp_255">292.40dp</dimen>
<dimen name="dp_256">293.55dp</dimen>
<dimen name="dp_257">294.69dp</dimen>
<dimen name="dp_258">295.84dp</dimen>
<dimen name="dp_259">296.99dp</dimen>
<dimen name="dp_260">298.13dp</dimen>
<dimen name="dp_261">299.28dp</dimen>
<dimen name="dp_262">300.43dp</dimen>
<dimen name="dp_263">301.57dp</dimen>
<dimen name="dp_264">302.72dp</dimen>
<dimen name="dp_265">303.87dp</dimen>
<dimen name="dp_266">305.01dp</dimen>
<dimen name="dp_267">306.16dp</dimen>
<dimen name="dp_268">307.31dp</dimen>
<dimen name="dp_269">308.45dp</dimen>
<dimen name="dp_270">309.60dp</dimen>
<dimen name="dp_271">310.75dp</dimen>
<dimen name="dp_272">311.89dp</dimen>
<dimen name="dp_273">313.04dp</dimen>
<dimen name="dp_274">314.19dp</dimen>
<dimen name="dp_275">315.33dp</dimen>
<dimen name="dp_276">316.48dp</dimen>
<dimen name="dp_277">317.63dp</dimen>
<dimen name="dp_278">318.77dp</dimen>
<dimen name="dp_279">319.92dp</dimen>
<dimen name="dp_280">321.07dp</dimen>
<dimen name="dp_281">322.21dp</dimen>
<dimen name="dp_282">323.36dp</dimen>
<dimen name="dp_283">324.51dp</dimen>
<dimen name="dp_284">325.65dp</dimen>
<dimen name="dp_285">326.80dp</dimen>
<dimen name="dp_286">327.95dp</dimen>
<dimen name="dp_287">329.09dp</dimen>
<dimen name="dp_288">330.24dp</dimen>
<dimen name="dp_289">331.39dp</dimen>
<dimen name="dp_290">332.53dp</dimen>
<dimen name="dp_291">333.68dp</dimen>
<dimen name="dp_292">334.83dp</dimen>
<dimen name="dp_293">335.97dp</dimen>
<dimen name="dp_294">337.12dp</dimen>
<dimen name="dp_295">338.27dp</dimen>
<dimen name="dp_296">339.41dp</dimen>
<dimen name="dp_297">340.56dp</dimen>
<dimen name="dp_298">341.71dp</dimen>
<dimen name="dp_299">342.85dp</dimen>
<dimen name="dp_300">344.00dp</dimen>
<dimen name="dp_301">345.15dp</dimen>
<dimen name="dp_302">346.29dp</dimen>
<dimen name="dp_303">347.44dp</dimen>
<dimen name="dp_304">348.59dp</dimen>
<dimen name="dp_305">349.73dp</dimen>
<dimen name="dp_306">350.88dp</dimen>
<dimen name="dp_307">352.03dp</dimen>
<dimen name="dp_308">353.17dp</dimen>
<dimen name="dp_309">354.32dp</dimen>
<dimen name="dp_310">355.47dp</dimen>
<dimen name="dp_311">356.61dp</dimen>
<dimen name="dp_312">357.76dp</dimen>
<dimen name="dp_313">358.91dp</dimen>
<dimen name="dp_314">360.05dp</dimen>
<dimen name="dp_315">361.20dp</dimen>
<dimen name="dp_316">362.35dp</dimen>
<dimen name="dp_317">363.49dp</dimen>
<dimen name="dp_318">364.64dp</dimen>
<dimen name="dp_319">365.79dp</dimen>
<dimen name="dp_320">366.93dp</dimen>
<dimen name="dp_321">368.08dp</dimen>
<dimen name="dp_322">369.23dp</dimen>
<dimen name="dp_323">370.37dp</dimen>
<dimen name="dp_324">371.52dp</dimen>
<dimen name="dp_325">372.67dp</dimen>
<dimen name="dp_326">373.81dp</dimen>
<dimen name="dp_327">374.96dp</dimen>
<dimen name="dp_328">376.11dp</dimen>
<dimen name="dp_329">377.25dp</dimen>
<dimen name="dp_330">378.40dp</dimen>
<dimen name="dp_331">379.55dp</dimen>
<dimen name="dp_332">380.69dp</dimen>
<dimen name="dp_333">381.84dp</dimen>
<dimen name="dp_334">382.99dp</dimen>
<dimen name="dp_335">384.13dp</dimen>
<dimen name="dp_336">385.28dp</dimen>
<dimen name="dp_337">386.43dp</dimen>
<dimen name="dp_338">387.57dp</dimen>
<dimen name="dp_339">388.72dp</dimen>
<dimen name="dp_340">389.87dp</dimen>
<dimen name="dp_341">391.01dp</dimen>
<dimen name="dp_342">392.16dp</dimen>
<dimen name="dp_343">393.31dp</dimen>
<dimen name="dp_344">394.45dp</dimen>
<dimen name="dp_345">395.60dp</dimen>
<dimen name="dp_346">396.75dp</dimen>
<dimen name="dp_347">397.89dp</dimen>
<dimen name="dp_348">399.04dp</dimen>
<dimen name="dp_349">400.19dp</dimen>
<dimen name="dp_350">401.33dp</dimen>
<dimen name="dp_351">402.48dp</dimen>
<dimen name="dp_352">403.63dp</dimen>
<dimen name="dp_353">404.77dp</dimen>
<dimen name="dp_354">405.92dp</dimen>
<dimen name="dp_355">407.07dp</dimen>
<dimen name="dp_356">408.21dp</dimen>
<dimen name="dp_357">409.36dp</dimen>
<dimen name="dp_358">410.51dp</dimen>
<dimen name="dp_359">411.65dp</dimen>
<dimen name="dp_360">412.80dp</dimen>
<dimen name="dp_361">413.95dp</dimen>
<dimen name="dp_362">415.09dp</dimen>
<dimen name="dp_363">416.24dp</dimen>
<dimen name="dp_364">417.39dp</dimen>
<dimen name="dp_365">418.53dp</dimen>
<dimen name="dp_366">419.68dp</dimen>
<dimen name="dp_367">420.83dp</dimen>
<dimen name="dp_368">421.97dp</dimen>
<dimen name="dp_369">423.12dp</dimen>
<dimen name="dp_370">424.27dp</dimen>
<dimen name="dp_371">425.41dp</dimen>
<dimen name="dp_372">426.56dp</dimen>
<dimen name="dp_373">427.71dp</dimen>
<dimen name="dp_374">428.85dp</dimen>
<dimen name="dp_375">430.00dp</dimen>
<dimen name="dp_376">431.15dp</dimen>
<dimen name="dp_377">432.29dp</dimen>
<dimen name="dp_378">433.44dp</dimen>
<dimen name="dp_379">434.59dp</dimen>
<dimen name="dp_380">435.73dp</dimen>
<dimen name="dp_381">436.88dp</dimen>
<dimen name="dp_382">438.03dp</dimen>
<dimen name="dp_383">439.17dp</dimen>
<dimen name="dp_384">440.32dp</dimen>
<dimen name="dp_385">441.47dp</dimen>
<dimen name="dp_386">442.61dp</dimen>
<dimen name="dp_387">443.76dp</dimen>
<dimen name="dp_388">444.91dp</dimen>
<dimen name="dp_389">446.05dp</dimen>
<dimen name="dp_390">447.20dp</dimen>
<dimen name="dp_391">448.35dp</dimen>
<dimen name="dp_392">449.49dp</dimen>
<dimen name="dp_393">450.64dp</dimen>
<dimen name="dp_394">451.79dp</dimen>
<dimen name="dp_395">452.93dp</dimen>
<dimen name="dp_396">454.08dp</dimen>
<dimen name="dp_397">455.23dp</dimen>
<dimen name="dp_398">456.37dp</dimen>
<dimen name="dp_399">457.52dp</dimen>
<dimen name="dp_400">458.67dp</dimen>
<dimen name="dp_401">459.81dp</dimen>
<dimen name="dp_402">460.96dp</dimen>
<dimen name="dp_403">462.11dp</dimen>
<dimen name="dp_404">463.25dp</dimen>
<dimen name="dp_405">464.40dp</dimen>
<dimen name="dp_406">465.55dp</dimen>
<dimen name="dp_407">466.69dp</dimen>
<dimen name="dp_408">467.84dp</dimen>
<dimen name="dp_409">468.99dp</dimen>
<dimen name="dp_410">470.13dp</dimen>
<dimen name="dp_411">471.28dp</dimen>
<dimen name="dp_412">472.43dp</dimen>
<dimen name="dp_413">473.57dp</dimen>
<dimen name="dp_414">474.72dp</dimen>
<dimen name="dp_415">475.87dp</dimen>
<dimen name="dp_416">477.01dp</dimen>
<dimen name="dp_417">478.16dp</dimen>
<dimen name="dp_418">479.31dp</dimen>
<dimen name="dp_419">480.45dp</dimen>
<dimen name="dp_420">481.60dp</dimen>
<dimen name="dp_421">482.75dp</dimen>
<dimen name="dp_422">483.89dp</dimen>
<dimen name="dp_423">485.04dp</dimen>
<dimen name="dp_424">486.19dp</dimen>
<dimen name="dp_425">487.33dp</dimen>
<dimen name="dp_426">488.48dp</dimen>
<dimen name="dp_427">489.63dp</dimen>
<dimen name="dp_428">490.77dp</dimen>
<dimen name="dp_429">491.92dp</dimen>
<dimen name="dp_430">493.07dp</dimen>
<dimen name="dp_431">494.21dp</dimen>
<dimen name="dp_432">495.36dp</dimen>
<dimen name="dp_433">496.51dp</dimen>
<dimen name="dp_434">497.65dp</dimen>
<dimen name="dp_435">498.80dp</dimen>
<dimen name="dp_436">499.95dp</dimen>
<dimen name="dp_437">501.09dp</dimen>
<dimen name="dp_438">502.24dp</dimen>
<dimen name="dp_439">503.39dp</dimen>
<dimen name="dp_440">504.53dp</dimen>
<dimen name="dp_441">505.68dp</dimen>
<dimen name="dp_442">506.83dp</dimen>
<dimen name="dp_443">507.97dp</dimen>
<dimen name="dp_444">509.12dp</dimen>
<dimen name="dp_445">510.27dp</dimen>
<dimen name="dp_446">511.41dp</dimen>
<dimen name="dp_447">512.56dp</dimen>
<dimen name="dp_448">513.71dp</dimen>
<dimen name="dp_449">514.85dp</dimen>
<dimen name="dp_450">516.00dp</dimen>
<dimen name="dp_451">517.15dp</dimen>
<dimen name="dp_452">518.29dp</dimen>
<dimen name="dp_453">519.44dp</dimen>
<dimen name="dp_454">520.59dp</dimen>
<dimen name="dp_455">521.73dp</dimen>
<dimen name="dp_456">522.88dp</dimen>
<dimen name="dp_457">524.03dp</dimen>
<dimen name="dp_458">525.17dp</dimen>
<dimen name="dp_459">526.32dp</dimen>
<dimen name="dp_460">527.47dp</dimen>
<dimen name="dp_461">528.61dp</dimen>
<dimen name="dp_462">529.76dp</dimen>
<dimen name="dp_463">530.91dp</dimen>
<dimen name="dp_464">532.05dp</dimen>
<dimen name="dp_465">533.20dp</dimen>
<dimen name="dp_466">534.35dp</dimen>
<dimen name="dp_467">535.49dp</dimen>
<dimen name="dp_468">536.64dp</dimen>
<dimen name="dp_469">537.79dp</dimen>
<dimen name="dp_470">538.93dp</dimen>
<dimen name="dp_471">540.08dp</dimen>
<dimen name="dp_472">541.23dp</dimen>
<dimen name="dp_473">542.37dp</dimen>
<dimen name="dp_474">543.52dp</dimen>
<dimen name="dp_475">544.67dp</dimen>
<dimen name="dp_476">545.81dp</dimen>
<dimen name="dp_477">546.96dp</dimen>
<dimen name="dp_478">548.11dp</dimen>
<dimen name="dp_479">549.25dp</dimen>
<dimen name="dp_480">550.40dp</dimen>
<dimen name="dp_481">551.55dp</dimen>
<dimen name="dp_482">552.69dp</dimen>
<dimen name="dp_483">553.84dp</dimen>
<dimen name="dp_484">554.99dp</dimen>
<dimen name="dp_485">556.13dp</dimen>
<dimen name="dp_486">557.28dp</dimen>
<dimen name="dp_487">558.43dp</dimen>
<dimen name="dp_488">559.57dp</dimen>
<dimen name="dp_489">560.72dp</dimen>
<dimen name="dp_490">561.87dp</dimen>
<dimen name="dp_491">563.01dp</dimen>
<dimen name="dp_492">564.16dp</dimen>
<dimen name="dp_493">565.31dp</dimen>
<dimen name="dp_494">566.45dp</dimen>
<dimen name="dp_495">567.60dp</dimen>
<dimen name="dp_496">568.75dp</dimen>
<dimen name="dp_497">569.89dp</dimen>
<dimen name="dp_498">571.04dp</dimen>
<dimen name="dp_499">572.19dp</dimen>
<dimen name="dp_500">573.33dp</dimen>
<dimen name="dp_501">574.48dp</dimen>
<dimen name="dp_502">575.63dp</dimen>
<dimen name="dp_503">576.77dp</dimen>
<dimen name="dp_504">577.92dp</dimen>
<dimen name="dp_505">579.07dp</dimen>
<dimen name="dp_506">580.21dp</dimen>
<dimen name="dp_507">581.36dp</dimen>
<dimen name="dp_508">582.51dp</dimen>
<dimen name="dp_509">583.65dp</dimen>
<dimen name="dp_510">584.80dp</dimen>
<dimen name="dp_511">585.95dp</dimen>
<dimen name="dp_512">587.09dp</dimen>
<dimen name="dp_513">588.24dp</dimen>
<dimen name="dp_514">589.39dp</dimen>
<dimen name="dp_515">590.53dp</dimen>
<dimen name="dp_516">591.68dp</dimen>
<dimen name="dp_517">592.83dp</dimen>
<dimen name="dp_518">593.97dp</dimen>
<dimen name="dp_519">595.12dp</dimen>
<dimen name="dp_520">596.27dp</dimen>
<dimen name="dp_521">597.41dp</dimen>
<dimen name="dp_522">598.56dp</dimen>
<dimen name="dp_523">599.71dp</dimen>
<dimen name="dp_524">600.85dp</dimen>
<dimen name="dp_525">602.00dp</dimen>
<dimen name="dp_526">603.15dp</dimen>
<dimen name="dp_527">604.29dp</dimen>
<dimen name="dp_528">605.44dp</dimen>
<dimen name="dp_529">606.59dp</dimen>
<dimen name="dp_530">607.73dp</dimen>
<dimen name="dp_531">608.88dp</dimen>
<dimen name="dp_532">610.03dp</dimen>
<dimen name="dp_533">611.17dp</dimen>
<dimen name="dp_534">612.32dp</dimen>
<dimen name="dp_535">613.47dp</dimen>
<dimen name="dp_536">614.61dp</dimen>
<dimen name="dp_537">615.76dp</dimen>
<dimen name="dp_538">616.91dp</dimen>
<dimen name="dp_539">618.05dp</dimen>
<dimen name="dp_540">619.20dp</dimen>
<dimen name="dp_541">620.35dp</dimen>
<dimen name="dp_542">621.49dp</dimen>
<dimen name="dp_543">622.64dp</dimen>
<dimen name="dp_544">623.79dp</dimen>
<dimen name="dp_545">624.93dp</dimen>
<dimen name="dp_546">626.08dp</dimen>
<dimen name="dp_547">627.23dp</dimen>
<dimen name="dp_548">628.37dp</dimen>
<dimen name="dp_549">629.52dp</dimen>
<dimen name="dp_550">630.67dp</dimen>
<dimen name="dp_551">631.81dp</dimen>
<dimen name="dp_552">632.96dp</dimen>
<dimen name="dp_553">634.11dp</dimen>
<dimen name="dp_554">635.25dp</dimen>
<dimen name="dp_555">636.40dp</dimen>
<dimen name="dp_556">637.55dp</dimen>
<dimen name="dp_557">638.69dp</dimen>
<dimen name="dp_558">639.84dp</dimen>
<dimen name="dp_559">640.99dp</dimen>
<dimen name="dp_560">642.13dp</dimen>
<dimen name="dp_561">643.28dp</dimen>
<dimen name="dp_562">644.43dp</dimen>
<dimen name="dp_563">645.57dp</dimen>
<dimen name="dp_564">646.72dp</dimen>
<dimen name="dp_565">647.87dp</dimen>
<dimen name="dp_566">649.01dp</dimen>
<dimen name="dp_567">650.16dp</dimen>
<dimen name="dp_568">651.31dp</dimen>
<dimen name="dp_569">652.45dp</dimen>
<dimen name="dp_570">653.60dp</dimen>
<dimen name="dp_571">654.75dp</dimen>
<dimen name="dp_572">655.89dp</dimen>
<dimen name="dp_573">657.04dp</dimen>
<dimen name="dp_574">658.19dp</dimen>
<dimen name="dp_575">659.33dp</dimen>
<dimen name="dp_576">660.48dp</dimen>
<dimen name="dp_577">661.63dp</dimen>
<dimen name="dp_578">662.77dp</dimen>
<dimen name="dp_579">663.92dp</dimen>
<dimen name="dp_580">665.07dp</dimen>
<dimen name="dp_581">666.21dp</dimen>
<dimen name="dp_582">667.36dp</dimen>
<dimen name="dp_583">668.51dp</dimen>
<dimen name="dp_584">669.65dp</dimen>
<dimen name="dp_585">670.80dp</dimen>
<dimen name="dp_586">671.95dp</dimen>
<dimen name="dp_587">673.09dp</dimen>
<dimen name="dp_588">674.24dp</dimen>
<dimen name="dp_589">675.39dp</dimen>
<dimen name="dp_590">676.53dp</dimen>
<dimen name="dp_591">677.68dp</dimen>
<dimen name="dp_592">678.83dp</dimen>
<dimen name="dp_593">679.97dp</dimen>
<dimen name="dp_594">681.12dp</dimen>
<dimen name="dp_595">682.27dp</dimen>
<dimen name="dp_596">683.41dp</dimen>
<dimen name="dp_597">684.56dp</dimen>
<dimen name="dp_598">685.71dp</dimen>
<dimen name="dp_599">686.85dp</dimen>
<dimen name="dp_600">688.00dp</dimen>
<dimen name="dp_601">689.15dp</dimen>
<dimen name="dp_602">690.29dp</dimen>
<dimen name="dp_603">691.44dp</dimen>
<dimen name="dp_604">692.59dp</dimen>
<dimen name="dp_605">693.73dp</dimen>
<dimen name="dp_606">694.88dp</dimen>
<dimen name="dp_607">696.03dp</dimen>
<dimen name="dp_608">697.17dp</dimen>
<dimen name="dp_609">698.32dp</dimen>
<dimen name="dp_610">699.47dp</dimen>
<dimen name="dp_611">700.61dp</dimen>
<dimen name="dp_612">701.76dp</dimen>
<dimen name="dp_613">702.91dp</dimen>
<dimen name="dp_614">704.05dp</dimen>
<dimen name="dp_615">705.20dp</dimen>
<dimen name="dp_616">706.35dp</dimen>
<dimen name="dp_617">707.49dp</dimen>
<dimen name="dp_618">708.64dp</dimen>
<dimen name="dp_619">709.79dp</dimen>
<dimen name="dp_620">710.93dp</dimen>
<dimen name="dp_621">712.08dp</dimen>
<dimen name="dp_622">713.23dp</dimen>
<dimen name="dp_623">714.37dp</dimen>
<dimen name="dp_624">715.52dp</dimen>
<dimen name="dp_625">716.67dp</dimen>
<dimen name="dp_626">717.81dp</dimen>
<dimen name="dp_627">718.96dp</dimen>
<dimen name="dp_628">720.11dp</dimen>
<dimen name="dp_629">721.25dp</dimen>
<dimen name="dp_630">722.40dp</dimen>
<dimen name="dp_631">723.55dp</dimen>
<dimen name="dp_632">724.69dp</dimen>
<dimen name="dp_633">725.84dp</dimen>
<dimen name="dp_634">726.99dp</dimen>
<dimen name="dp_635">728.13dp</dimen>
<dimen name="dp_636">729.28dp</dimen>
<dimen name="dp_637">730.43dp</dimen>
<dimen name="dp_638">731.57dp</dimen>
<dimen name="dp_639">732.72dp</dimen>
<dimen name="dp_640">733.87dp</dimen>
<dimen name="dp_641">735.01dp</dimen>
<dimen name="dp_642">736.16dp</dimen>
<dimen name="dp_643">737.31dp</dimen>
<dimen name="dp_644">738.45dp</dimen>
<dimen name="dp_645">739.60dp</dimen>
<dimen name="dp_646">740.75dp</dimen>
<dimen name="dp_647">741.89dp</dimen>
<dimen name="dp_648">743.04dp</dimen>
<dimen name="dp_649">744.19dp</dimen>
<dimen name="dp_650">745.33dp</dimen>
<dimen name="dp_651">746.48dp</dimen>
<dimen name="dp_652">747.63dp</dimen>
<dimen name="dp_653">748.77dp</dimen>
<dimen name="dp_654">749.92dp</dimen>
<dimen name="dp_655">751.07dp</dimen>
<dimen name="dp_656">752.21dp</dimen>
<dimen name="dp_657">753.36dp</dimen>
<dimen name="dp_658">754.51dp</dimen>
<dimen name="dp_659">755.65dp</dimen>
<dimen name="dp_660">756.80dp</dimen>
<dimen name="dp_661">757.95dp</dimen>
<dimen name="dp_662">759.09dp</dimen>
<dimen name="dp_663">760.24dp</dimen>
<dimen name="dp_664">761.39dp</dimen>
<dimen name="dp_665">762.53dp</dimen>
<dimen name="dp_666">763.68dp</dimen>
<dimen name="dp_667">764.83dp</dimen>
<dimen name="dp_668">765.97dp</dimen>
<dimen name="dp_669">767.12dp</dimen>
<dimen name="dp_670">768.27dp</dimen>
<dimen name="dp_671">769.41dp</dimen>
<dimen name="dp_672">770.56dp</dimen>
<dimen name="dp_673">771.71dp</dimen>
<dimen name="dp_674">772.85dp</dimen>
<dimen name="dp_675">774.00dp</dimen>
<dimen name="dp_676">775.15dp</dimen>
<dimen name="dp_677">776.29dp</dimen>
<dimen name="dp_678">777.44dp</dimen>
<dimen name="dp_679">778.59dp</dimen>
<dimen name="dp_680">779.73dp</dimen>
<dimen name="dp_681">780.88dp</dimen>
<dimen name="dp_682">782.03dp</dimen>
<dimen name="dp_683">783.17dp</dimen>
<dimen name="dp_684">784.32dp</dimen>
<dimen name="dp_685">785.47dp</dimen>
<dimen name="dp_686">786.61dp</dimen>
<dimen name="dp_687">787.76dp</dimen>
<dimen name="dp_688">788.91dp</dimen>
<dimen name="dp_689">790.05dp</dimen>
<dimen name="dp_690">791.20dp</dimen>
<dimen name="dp_691">792.35dp</dimen>
<dimen name="dp_692">793.49dp</dimen>
<dimen name="dp_693">794.64dp</dimen>
<dimen name="dp_694">795.79dp</dimen>
<dimen name="dp_695">796.93dp</dimen>
<dimen name="dp_696">798.08dp</dimen>
<dimen name="dp_697">799.23dp</dimen>
<dimen name="dp_698">800.37dp</dimen>
<dimen name="dp_699">801.52dp</dimen>
<dimen name="dp_700">802.67dp</dimen>
<dimen name="dp_701">803.81dp</dimen>
<dimen name="dp_702">804.96dp</dimen>
<dimen name="dp_703">806.11dp</dimen>
<dimen name="dp_704">807.25dp</dimen>
<dimen name="dp_705">808.40dp</dimen>
<dimen name="dp_706">809.55dp</dimen>
<dimen name="dp_707">810.69dp</dimen>
<dimen name="dp_708">811.84dp</dimen>
<dimen name="dp_709">812.99dp</dimen>
<dimen name="dp_710">814.13dp</dimen>
<dimen name="dp_711">815.28dp</dimen>
<dimen name="dp_712">816.43dp</dimen>
<dimen name="dp_713">817.57dp</dimen>
<dimen name="dp_714">818.72dp</dimen>
<dimen name="dp_715">819.87dp</dimen>
<dimen name="dp_716">821.01dp</dimen>
<dimen name="dp_717">822.16dp</dimen>
<dimen name="dp_718">823.31dp</dimen>
<dimen name="dp_719">824.45dp</dimen>
<dimen name="dp_720">825.60dp</dimen>
</resources>
