<?xml version="1.0" encoding="utf-8"?>
<resources>
<dimen name="base_dpi">490dp</dimen>
<dimen name="dp_0">0.00dp</dimen>
<dimen name="dp_1">1.31dp</dimen>
<dimen name="dp_2">2.61dp</dimen>
<dimen name="dp_3">3.92dp</dimen>
<dimen name="dp_4">5.23dp</dimen>
<dimen name="dp_5">6.53dp</dimen>
<dimen name="dp_6">7.84dp</dimen>
<dimen name="dp_7">9.15dp</dimen>
<dimen name="dp_8">10.45dp</dimen>
<dimen name="dp_9">11.76dp</dimen>
<dimen name="dp_10">13.07dp</dimen>
<dimen name="dp_11">14.37dp</dimen>
<dimen name="dp_12">15.68dp</dimen>
<dimen name="dp_13">16.99dp</dimen>
<dimen name="dp_14">18.29dp</dimen>
<dimen name="dp_15">19.60dp</dimen>
<dimen name="dp_16">20.91dp</dimen>
<dimen name="dp_17">22.21dp</dimen>
<dimen name="dp_18">23.52dp</dimen>
<dimen name="dp_19">24.83dp</dimen>
<dimen name="dp_20">26.13dp</dimen>
<dimen name="dp_21">27.44dp</dimen>
<dimen name="dp_22">28.75dp</dimen>
<dimen name="dp_23">30.05dp</dimen>
<dimen name="dp_24">31.36dp</dimen>
<dimen name="dp_25">32.67dp</dimen>
<dimen name="dp_26">33.97dp</dimen>
<dimen name="dp_27">35.28dp</dimen>
<dimen name="dp_28">36.59dp</dimen>
<dimen name="dp_29">37.89dp</dimen>
<dimen name="dp_30">39.20dp</dimen>
<dimen name="dp_31">40.51dp</dimen>
<dimen name="dp_32">41.81dp</dimen>
<dimen name="dp_33">43.12dp</dimen>
<dimen name="dp_34">44.43dp</dimen>
<dimen name="dp_35">45.73dp</dimen>
<dimen name="dp_36">47.04dp</dimen>
<dimen name="dp_37">48.35dp</dimen>
<dimen name="dp_38">49.65dp</dimen>
<dimen name="dp_39">50.96dp</dimen>
<dimen name="dp_40">52.27dp</dimen>
<dimen name="dp_41">53.57dp</dimen>
<dimen name="dp_42">54.88dp</dimen>
<dimen name="dp_43">56.19dp</dimen>
<dimen name="dp_44">57.49dp</dimen>
<dimen name="dp_45">58.80dp</dimen>
<dimen name="dp_46">60.11dp</dimen>
<dimen name="dp_47">61.41dp</dimen>
<dimen name="dp_48">62.72dp</dimen>
<dimen name="dp_49">64.03dp</dimen>
<dimen name="dp_50">65.33dp</dimen>
<dimen name="dp_51">66.64dp</dimen>
<dimen name="dp_52">67.95dp</dimen>
<dimen name="dp_53">69.25dp</dimen>
<dimen name="dp_54">70.56dp</dimen>
<dimen name="dp_55">71.87dp</dimen>
<dimen name="dp_56">73.17dp</dimen>
<dimen name="dp_57">74.48dp</dimen>
<dimen name="dp_58">75.79dp</dimen>
<dimen name="dp_59">77.09dp</dimen>
<dimen name="dp_60">78.40dp</dimen>
<dimen name="dp_61">79.71dp</dimen>
<dimen name="dp_62">81.01dp</dimen>
<dimen name="dp_63">82.32dp</dimen>
<dimen name="dp_64">83.63dp</dimen>
<dimen name="dp_65">84.93dp</dimen>
<dimen name="dp_66">86.24dp</dimen>
<dimen name="dp_67">87.55dp</dimen>
<dimen name="dp_68">88.85dp</dimen>
<dimen name="dp_69">90.16dp</dimen>
<dimen name="dp_70">91.47dp</dimen>
<dimen name="dp_71">92.77dp</dimen>
<dimen name="dp_72">94.08dp</dimen>
<dimen name="dp_73">95.39dp</dimen>
<dimen name="dp_74">96.69dp</dimen>
<dimen name="dp_75">98.00dp</dimen>
<dimen name="dp_76">99.31dp</dimen>
<dimen name="dp_77">100.61dp</dimen>
<dimen name="dp_78">101.92dp</dimen>
<dimen name="dp_79">103.23dp</dimen>
<dimen name="dp_80">104.53dp</dimen>
<dimen name="dp_81">105.84dp</dimen>
<dimen name="dp_82">107.15dp</dimen>
<dimen name="dp_83">108.45dp</dimen>
<dimen name="dp_84">109.76dp</dimen>
<dimen name="dp_85">111.07dp</dimen>
<dimen name="dp_86">112.37dp</dimen>
<dimen name="dp_87">113.68dp</dimen>
<dimen name="dp_88">114.99dp</dimen>
<dimen name="dp_89">116.29dp</dimen>
<dimen name="dp_90">117.60dp</dimen>
<dimen name="dp_91">118.91dp</dimen>
<dimen name="dp_92">120.21dp</dimen>
<dimen name="dp_93">121.52dp</dimen>
<dimen name="dp_94">122.83dp</dimen>
<dimen name="dp_95">124.13dp</dimen>
<dimen name="dp_96">125.44dp</dimen>
<dimen name="dp_97">126.75dp</dimen>
<dimen name="dp_98">128.05dp</dimen>
<dimen name="dp_99">129.36dp</dimen>
<dimen name="dp_100">130.67dp</dimen>
<dimen name="dp_101">131.97dp</dimen>
<dimen name="dp_102">133.28dp</dimen>
<dimen name="dp_103">134.59dp</dimen>
<dimen name="dp_104">135.89dp</dimen>
<dimen name="dp_105">137.20dp</dimen>
<dimen name="dp_106">138.51dp</dimen>
<dimen name="dp_107">139.81dp</dimen>
<dimen name="dp_108">141.12dp</dimen>
<dimen name="dp_109">142.43dp</dimen>
<dimen name="dp_110">143.73dp</dimen>
<dimen name="dp_111">145.04dp</dimen>
<dimen name="dp_112">146.35dp</dimen>
<dimen name="dp_113">147.65dp</dimen>
<dimen name="dp_114">148.96dp</dimen>
<dimen name="dp_115">150.27dp</dimen>
<dimen name="dp_116">151.57dp</dimen>
<dimen name="dp_117">152.88dp</dimen>
<dimen name="dp_118">154.19dp</dimen>
<dimen name="dp_119">155.49dp</dimen>
<dimen name="dp_120">156.80dp</dimen>
<dimen name="dp_121">158.11dp</dimen>
<dimen name="dp_122">159.41dp</dimen>
<dimen name="dp_123">160.72dp</dimen>
<dimen name="dp_124">162.03dp</dimen>
<dimen name="dp_125">163.33dp</dimen>
<dimen name="dp_126">164.64dp</dimen>
<dimen name="dp_127">165.95dp</dimen>
<dimen name="dp_128">167.25dp</dimen>
<dimen name="dp_129">168.56dp</dimen>
<dimen name="dp_130">169.87dp</dimen>
<dimen name="dp_131">171.17dp</dimen>
<dimen name="dp_132">172.48dp</dimen>
<dimen name="dp_133">173.79dp</dimen>
<dimen name="dp_134">175.09dp</dimen>
<dimen name="dp_135">176.40dp</dimen>
<dimen name="dp_136">177.71dp</dimen>
<dimen name="dp_137">179.01dp</dimen>
<dimen name="dp_138">180.32dp</dimen>
<dimen name="dp_139">181.63dp</dimen>
<dimen name="dp_140">182.93dp</dimen>
<dimen name="dp_141">184.24dp</dimen>
<dimen name="dp_142">185.55dp</dimen>
<dimen name="dp_143">186.85dp</dimen>
<dimen name="dp_144">188.16dp</dimen>
<dimen name="dp_145">189.47dp</dimen>
<dimen name="dp_146">190.77dp</dimen>
<dimen name="dp_147">192.08dp</dimen>
<dimen name="dp_148">193.39dp</dimen>
<dimen name="dp_149">194.69dp</dimen>
<dimen name="dp_150">196.00dp</dimen>
<dimen name="dp_151">197.31dp</dimen>
<dimen name="dp_152">198.61dp</dimen>
<dimen name="dp_153">199.92dp</dimen>
<dimen name="dp_154">201.23dp</dimen>
<dimen name="dp_155">202.53dp</dimen>
<dimen name="dp_156">203.84dp</dimen>
<dimen name="dp_157">205.15dp</dimen>
<dimen name="dp_158">206.45dp</dimen>
<dimen name="dp_159">207.76dp</dimen>
<dimen name="dp_160">209.07dp</dimen>
<dimen name="dp_161">210.37dp</dimen>
<dimen name="dp_162">211.68dp</dimen>
<dimen name="dp_163">212.99dp</dimen>
<dimen name="dp_164">214.29dp</dimen>
<dimen name="dp_165">215.60dp</dimen>
<dimen name="dp_166">216.91dp</dimen>
<dimen name="dp_167">218.21dp</dimen>
<dimen name="dp_168">219.52dp</dimen>
<dimen name="dp_169">220.83dp</dimen>
<dimen name="dp_170">222.13dp</dimen>
<dimen name="dp_171">223.44dp</dimen>
<dimen name="dp_172">224.75dp</dimen>
<dimen name="dp_173">226.05dp</dimen>
<dimen name="dp_174">227.36dp</dimen>
<dimen name="dp_175">228.67dp</dimen>
<dimen name="dp_176">229.97dp</dimen>
<dimen name="dp_177">231.28dp</dimen>
<dimen name="dp_178">232.59dp</dimen>
<dimen name="dp_179">233.89dp</dimen>
<dimen name="dp_180">235.20dp</dimen>
<dimen name="dp_181">236.51dp</dimen>
<dimen name="dp_182">237.81dp</dimen>
<dimen name="dp_183">239.12dp</dimen>
<dimen name="dp_184">240.43dp</dimen>
<dimen name="dp_185">241.73dp</dimen>
<dimen name="dp_186">243.04dp</dimen>
<dimen name="dp_187">244.35dp</dimen>
<dimen name="dp_188">245.65dp</dimen>
<dimen name="dp_189">246.96dp</dimen>
<dimen name="dp_190">248.27dp</dimen>
<dimen name="dp_191">249.57dp</dimen>
<dimen name="dp_192">250.88dp</dimen>
<dimen name="dp_193">252.19dp</dimen>
<dimen name="dp_194">253.49dp</dimen>
<dimen name="dp_195">254.80dp</dimen>
<dimen name="dp_196">256.11dp</dimen>
<dimen name="dp_197">257.41dp</dimen>
<dimen name="dp_198">258.72dp</dimen>
<dimen name="dp_199">260.03dp</dimen>
<dimen name="dp_200">261.33dp</dimen>
<dimen name="dp_201">262.64dp</dimen>
<dimen name="dp_202">263.95dp</dimen>
<dimen name="dp_203">265.25dp</dimen>
<dimen name="dp_204">266.56dp</dimen>
<dimen name="dp_205">267.87dp</dimen>
<dimen name="dp_206">269.17dp</dimen>
<dimen name="dp_207">270.48dp</dimen>
<dimen name="dp_208">271.79dp</dimen>
<dimen name="dp_209">273.09dp</dimen>
<dimen name="dp_210">274.40dp</dimen>
<dimen name="dp_211">275.71dp</dimen>
<dimen name="dp_212">277.01dp</dimen>
<dimen name="dp_213">278.32dp</dimen>
<dimen name="dp_214">279.63dp</dimen>
<dimen name="dp_215">280.93dp</dimen>
<dimen name="dp_216">282.24dp</dimen>
<dimen name="dp_217">283.55dp</dimen>
<dimen name="dp_218">284.85dp</dimen>
<dimen name="dp_219">286.16dp</dimen>
<dimen name="dp_220">287.47dp</dimen>
<dimen name="dp_221">288.77dp</dimen>
<dimen name="dp_222">290.08dp</dimen>
<dimen name="dp_223">291.39dp</dimen>
<dimen name="dp_224">292.69dp</dimen>
<dimen name="dp_225">294.00dp</dimen>
<dimen name="dp_226">295.31dp</dimen>
<dimen name="dp_227">296.61dp</dimen>
<dimen name="dp_228">297.92dp</dimen>
<dimen name="dp_229">299.23dp</dimen>
<dimen name="dp_230">300.53dp</dimen>
<dimen name="dp_231">301.84dp</dimen>
<dimen name="dp_232">303.15dp</dimen>
<dimen name="dp_233">304.45dp</dimen>
<dimen name="dp_234">305.76dp</dimen>
<dimen name="dp_235">307.07dp</dimen>
<dimen name="dp_236">308.37dp</dimen>
<dimen name="dp_237">309.68dp</dimen>
<dimen name="dp_238">310.99dp</dimen>
<dimen name="dp_239">312.29dp</dimen>
<dimen name="dp_240">313.60dp</dimen>
<dimen name="dp_241">314.91dp</dimen>
<dimen name="dp_242">316.21dp</dimen>
<dimen name="dp_243">317.52dp</dimen>
<dimen name="dp_244">318.83dp</dimen>
<dimen name="dp_245">320.13dp</dimen>
<dimen name="dp_246">321.44dp</dimen>
<dimen name="dp_247">322.75dp</dimen>
<dimen name="dp_248">324.05dp</dimen>
<dimen name="dp_249">325.36dp</dimen>
<dimen name="dp_250">326.67dp</dimen>
<dimen name="dp_251">327.97dp</dimen>
<dimen name="dp_252">329.28dp</dimen>
<dimen name="dp_253">330.59dp</dimen>
<dimen name="dp_254">331.89dp</dimen>
<dimen name="dp_255">333.20dp</dimen>
<dimen name="dp_256">334.51dp</dimen>
<dimen name="dp_257">335.81dp</dimen>
<dimen name="dp_258">337.12dp</dimen>
<dimen name="dp_259">338.43dp</dimen>
<dimen name="dp_260">339.73dp</dimen>
<dimen name="dp_261">341.04dp</dimen>
<dimen name="dp_262">342.35dp</dimen>
<dimen name="dp_263">343.65dp</dimen>
<dimen name="dp_264">344.96dp</dimen>
<dimen name="dp_265">346.27dp</dimen>
<dimen name="dp_266">347.57dp</dimen>
<dimen name="dp_267">348.88dp</dimen>
<dimen name="dp_268">350.19dp</dimen>
<dimen name="dp_269">351.49dp</dimen>
<dimen name="dp_270">352.80dp</dimen>
<dimen name="dp_271">354.11dp</dimen>
<dimen name="dp_272">355.41dp</dimen>
<dimen name="dp_273">356.72dp</dimen>
<dimen name="dp_274">358.03dp</dimen>
<dimen name="dp_275">359.33dp</dimen>
<dimen name="dp_276">360.64dp</dimen>
<dimen name="dp_277">361.95dp</dimen>
<dimen name="dp_278">363.25dp</dimen>
<dimen name="dp_279">364.56dp</dimen>
<dimen name="dp_280">365.87dp</dimen>
<dimen name="dp_281">367.17dp</dimen>
<dimen name="dp_282">368.48dp</dimen>
<dimen name="dp_283">369.79dp</dimen>
<dimen name="dp_284">371.09dp</dimen>
<dimen name="dp_285">372.40dp</dimen>
<dimen name="dp_286">373.71dp</dimen>
<dimen name="dp_287">375.01dp</dimen>
<dimen name="dp_288">376.32dp</dimen>
<dimen name="dp_289">377.63dp</dimen>
<dimen name="dp_290">378.93dp</dimen>
<dimen name="dp_291">380.24dp</dimen>
<dimen name="dp_292">381.55dp</dimen>
<dimen name="dp_293">382.85dp</dimen>
<dimen name="dp_294">384.16dp</dimen>
<dimen name="dp_295">385.47dp</dimen>
<dimen name="dp_296">386.77dp</dimen>
<dimen name="dp_297">388.08dp</dimen>
<dimen name="dp_298">389.39dp</dimen>
<dimen name="dp_299">390.69dp</dimen>
<dimen name="dp_300">392.00dp</dimen>
<dimen name="dp_301">393.31dp</dimen>
<dimen name="dp_302">394.61dp</dimen>
<dimen name="dp_303">395.92dp</dimen>
<dimen name="dp_304">397.23dp</dimen>
<dimen name="dp_305">398.53dp</dimen>
<dimen name="dp_306">399.84dp</dimen>
<dimen name="dp_307">401.15dp</dimen>
<dimen name="dp_308">402.45dp</dimen>
<dimen name="dp_309">403.76dp</dimen>
<dimen name="dp_310">405.07dp</dimen>
<dimen name="dp_311">406.37dp</dimen>
<dimen name="dp_312">407.68dp</dimen>
<dimen name="dp_313">408.99dp</dimen>
<dimen name="dp_314">410.29dp</dimen>
<dimen name="dp_315">411.60dp</dimen>
<dimen name="dp_316">412.91dp</dimen>
<dimen name="dp_317">414.21dp</dimen>
<dimen name="dp_318">415.52dp</dimen>
<dimen name="dp_319">416.83dp</dimen>
<dimen name="dp_320">418.13dp</dimen>
<dimen name="dp_321">419.44dp</dimen>
<dimen name="dp_322">420.75dp</dimen>
<dimen name="dp_323">422.05dp</dimen>
<dimen name="dp_324">423.36dp</dimen>
<dimen name="dp_325">424.67dp</dimen>
<dimen name="dp_326">425.97dp</dimen>
<dimen name="dp_327">427.28dp</dimen>
<dimen name="dp_328">428.59dp</dimen>
<dimen name="dp_329">429.89dp</dimen>
<dimen name="dp_330">431.20dp</dimen>
<dimen name="dp_331">432.51dp</dimen>
<dimen name="dp_332">433.81dp</dimen>
<dimen name="dp_333">435.12dp</dimen>
<dimen name="dp_334">436.43dp</dimen>
<dimen name="dp_335">437.73dp</dimen>
<dimen name="dp_336">439.04dp</dimen>
<dimen name="dp_337">440.35dp</dimen>
<dimen name="dp_338">441.65dp</dimen>
<dimen name="dp_339">442.96dp</dimen>
<dimen name="dp_340">444.27dp</dimen>
<dimen name="dp_341">445.57dp</dimen>
<dimen name="dp_342">446.88dp</dimen>
<dimen name="dp_343">448.19dp</dimen>
<dimen name="dp_344">449.49dp</dimen>
<dimen name="dp_345">450.80dp</dimen>
<dimen name="dp_346">452.11dp</dimen>
<dimen name="dp_347">453.41dp</dimen>
<dimen name="dp_348">454.72dp</dimen>
<dimen name="dp_349">456.03dp</dimen>
<dimen name="dp_350">457.33dp</dimen>
<dimen name="dp_351">458.64dp</dimen>
<dimen name="dp_352">459.95dp</dimen>
<dimen name="dp_353">461.25dp</dimen>
<dimen name="dp_354">462.56dp</dimen>
<dimen name="dp_355">463.87dp</dimen>
<dimen name="dp_356">465.17dp</dimen>
<dimen name="dp_357">466.48dp</dimen>
<dimen name="dp_358">467.79dp</dimen>
<dimen name="dp_359">469.09dp</dimen>
<dimen name="dp_360">470.40dp</dimen>
<dimen name="dp_361">471.71dp</dimen>
<dimen name="dp_362">473.01dp</dimen>
<dimen name="dp_363">474.32dp</dimen>
<dimen name="dp_364">475.63dp</dimen>
<dimen name="dp_365">476.93dp</dimen>
<dimen name="dp_366">478.24dp</dimen>
<dimen name="dp_367">479.55dp</dimen>
<dimen name="dp_368">480.85dp</dimen>
<dimen name="dp_369">482.16dp</dimen>
<dimen name="dp_370">483.47dp</dimen>
<dimen name="dp_371">484.77dp</dimen>
<dimen name="dp_372">486.08dp</dimen>
<dimen name="dp_373">487.39dp</dimen>
<dimen name="dp_374">488.69dp</dimen>
<dimen name="dp_375">490.00dp</dimen>
<dimen name="dp_376">491.31dp</dimen>
<dimen name="dp_377">492.61dp</dimen>
<dimen name="dp_378">493.92dp</dimen>
<dimen name="dp_379">495.23dp</dimen>
<dimen name="dp_380">496.53dp</dimen>
<dimen name="dp_381">497.84dp</dimen>
<dimen name="dp_382">499.15dp</dimen>
<dimen name="dp_383">500.45dp</dimen>
<dimen name="dp_384">501.76dp</dimen>
<dimen name="dp_385">503.07dp</dimen>
<dimen name="dp_386">504.37dp</dimen>
<dimen name="dp_387">505.68dp</dimen>
<dimen name="dp_388">506.99dp</dimen>
<dimen name="dp_389">508.29dp</dimen>
<dimen name="dp_390">509.60dp</dimen>
<dimen name="dp_391">510.91dp</dimen>
<dimen name="dp_392">512.21dp</dimen>
<dimen name="dp_393">513.52dp</dimen>
<dimen name="dp_394">514.83dp</dimen>
<dimen name="dp_395">516.13dp</dimen>
<dimen name="dp_396">517.44dp</dimen>
<dimen name="dp_397">518.75dp</dimen>
<dimen name="dp_398">520.05dp</dimen>
<dimen name="dp_399">521.36dp</dimen>
<dimen name="dp_400">522.67dp</dimen>
<dimen name="dp_401">523.97dp</dimen>
<dimen name="dp_402">525.28dp</dimen>
<dimen name="dp_403">526.59dp</dimen>
<dimen name="dp_404">527.89dp</dimen>
<dimen name="dp_405">529.20dp</dimen>
<dimen name="dp_406">530.51dp</dimen>
<dimen name="dp_407">531.81dp</dimen>
<dimen name="dp_408">533.12dp</dimen>
<dimen name="dp_409">534.43dp</dimen>
<dimen name="dp_410">535.73dp</dimen>
<dimen name="dp_411">537.04dp</dimen>
<dimen name="dp_412">538.35dp</dimen>
<dimen name="dp_413">539.65dp</dimen>
<dimen name="dp_414">540.96dp</dimen>
<dimen name="dp_415">542.27dp</dimen>
<dimen name="dp_416">543.57dp</dimen>
<dimen name="dp_417">544.88dp</dimen>
<dimen name="dp_418">546.19dp</dimen>
<dimen name="dp_419">547.49dp</dimen>
<dimen name="dp_420">548.80dp</dimen>
<dimen name="dp_421">550.11dp</dimen>
<dimen name="dp_422">551.41dp</dimen>
<dimen name="dp_423">552.72dp</dimen>
<dimen name="dp_424">554.03dp</dimen>
<dimen name="dp_425">555.33dp</dimen>
<dimen name="dp_426">556.64dp</dimen>
<dimen name="dp_427">557.95dp</dimen>
<dimen name="dp_428">559.25dp</dimen>
<dimen name="dp_429">560.56dp</dimen>
<dimen name="dp_430">561.87dp</dimen>
<dimen name="dp_431">563.17dp</dimen>
<dimen name="dp_432">564.48dp</dimen>
<dimen name="dp_433">565.79dp</dimen>
<dimen name="dp_434">567.09dp</dimen>
<dimen name="dp_435">568.40dp</dimen>
<dimen name="dp_436">569.71dp</dimen>
<dimen name="dp_437">571.01dp</dimen>
<dimen name="dp_438">572.32dp</dimen>
<dimen name="dp_439">573.63dp</dimen>
<dimen name="dp_440">574.93dp</dimen>
<dimen name="dp_441">576.24dp</dimen>
<dimen name="dp_442">577.55dp</dimen>
<dimen name="dp_443">578.85dp</dimen>
<dimen name="dp_444">580.16dp</dimen>
<dimen name="dp_445">581.47dp</dimen>
<dimen name="dp_446">582.77dp</dimen>
<dimen name="dp_447">584.08dp</dimen>
<dimen name="dp_448">585.39dp</dimen>
<dimen name="dp_449">586.69dp</dimen>
<dimen name="dp_450">588.00dp</dimen>
<dimen name="dp_451">589.31dp</dimen>
<dimen name="dp_452">590.61dp</dimen>
<dimen name="dp_453">591.92dp</dimen>
<dimen name="dp_454">593.23dp</dimen>
<dimen name="dp_455">594.53dp</dimen>
<dimen name="dp_456">595.84dp</dimen>
<dimen name="dp_457">597.15dp</dimen>
<dimen name="dp_458">598.45dp</dimen>
<dimen name="dp_459">599.76dp</dimen>
<dimen name="dp_460">601.07dp</dimen>
<dimen name="dp_461">602.37dp</dimen>
<dimen name="dp_462">603.68dp</dimen>
<dimen name="dp_463">604.99dp</dimen>
<dimen name="dp_464">606.29dp</dimen>
<dimen name="dp_465">607.60dp</dimen>
<dimen name="dp_466">608.91dp</dimen>
<dimen name="dp_467">610.21dp</dimen>
<dimen name="dp_468">611.52dp</dimen>
<dimen name="dp_469">612.83dp</dimen>
<dimen name="dp_470">614.13dp</dimen>
<dimen name="dp_471">615.44dp</dimen>
<dimen name="dp_472">616.75dp</dimen>
<dimen name="dp_473">618.05dp</dimen>
<dimen name="dp_474">619.36dp</dimen>
<dimen name="dp_475">620.67dp</dimen>
<dimen name="dp_476">621.97dp</dimen>
<dimen name="dp_477">623.28dp</dimen>
<dimen name="dp_478">624.59dp</dimen>
<dimen name="dp_479">625.89dp</dimen>
<dimen name="dp_480">627.20dp</dimen>
<dimen name="dp_481">628.51dp</dimen>
<dimen name="dp_482">629.81dp</dimen>
<dimen name="dp_483">631.12dp</dimen>
<dimen name="dp_484">632.43dp</dimen>
<dimen name="dp_485">633.73dp</dimen>
<dimen name="dp_486">635.04dp</dimen>
<dimen name="dp_487">636.35dp</dimen>
<dimen name="dp_488">637.65dp</dimen>
<dimen name="dp_489">638.96dp</dimen>
<dimen name="dp_490">640.27dp</dimen>
<dimen name="dp_491">641.57dp</dimen>
<dimen name="dp_492">642.88dp</dimen>
<dimen name="dp_493">644.19dp</dimen>
<dimen name="dp_494">645.49dp</dimen>
<dimen name="dp_495">646.80dp</dimen>
<dimen name="dp_496">648.11dp</dimen>
<dimen name="dp_497">649.41dp</dimen>
<dimen name="dp_498">650.72dp</dimen>
<dimen name="dp_499">652.03dp</dimen>
<dimen name="dp_500">653.33dp</dimen>
<dimen name="dp_501">654.64dp</dimen>
<dimen name="dp_502">655.95dp</dimen>
<dimen name="dp_503">657.25dp</dimen>
<dimen name="dp_504">658.56dp</dimen>
<dimen name="dp_505">659.87dp</dimen>
<dimen name="dp_506">661.17dp</dimen>
<dimen name="dp_507">662.48dp</dimen>
<dimen name="dp_508">663.79dp</dimen>
<dimen name="dp_509">665.09dp</dimen>
<dimen name="dp_510">666.40dp</dimen>
<dimen name="dp_511">667.71dp</dimen>
<dimen name="dp_512">669.01dp</dimen>
<dimen name="dp_513">670.32dp</dimen>
<dimen name="dp_514">671.63dp</dimen>
<dimen name="dp_515">672.93dp</dimen>
<dimen name="dp_516">674.24dp</dimen>
<dimen name="dp_517">675.55dp</dimen>
<dimen name="dp_518">676.85dp</dimen>
<dimen name="dp_519">678.16dp</dimen>
<dimen name="dp_520">679.47dp</dimen>
<dimen name="dp_521">680.77dp</dimen>
<dimen name="dp_522">682.08dp</dimen>
<dimen name="dp_523">683.39dp</dimen>
<dimen name="dp_524">684.69dp</dimen>
<dimen name="dp_525">686.00dp</dimen>
<dimen name="dp_526">687.31dp</dimen>
<dimen name="dp_527">688.61dp</dimen>
<dimen name="dp_528">689.92dp</dimen>
<dimen name="dp_529">691.23dp</dimen>
<dimen name="dp_530">692.53dp</dimen>
<dimen name="dp_531">693.84dp</dimen>
<dimen name="dp_532">695.15dp</dimen>
<dimen name="dp_533">696.45dp</dimen>
<dimen name="dp_534">697.76dp</dimen>
<dimen name="dp_535">699.07dp</dimen>
<dimen name="dp_536">700.37dp</dimen>
<dimen name="dp_537">701.68dp</dimen>
<dimen name="dp_538">702.99dp</dimen>
<dimen name="dp_539">704.29dp</dimen>
<dimen name="dp_540">705.60dp</dimen>
<dimen name="dp_541">706.91dp</dimen>
<dimen name="dp_542">708.21dp</dimen>
<dimen name="dp_543">709.52dp</dimen>
<dimen name="dp_544">710.83dp</dimen>
<dimen name="dp_545">712.13dp</dimen>
<dimen name="dp_546">713.44dp</dimen>
<dimen name="dp_547">714.75dp</dimen>
<dimen name="dp_548">716.05dp</dimen>
<dimen name="dp_549">717.36dp</dimen>
<dimen name="dp_550">718.67dp</dimen>
<dimen name="dp_551">719.97dp</dimen>
<dimen name="dp_552">721.28dp</dimen>
<dimen name="dp_553">722.59dp</dimen>
<dimen name="dp_554">723.89dp</dimen>
<dimen name="dp_555">725.20dp</dimen>
<dimen name="dp_556">726.51dp</dimen>
<dimen name="dp_557">727.81dp</dimen>
<dimen name="dp_558">729.12dp</dimen>
<dimen name="dp_559">730.43dp</dimen>
<dimen name="dp_560">731.73dp</dimen>
<dimen name="dp_561">733.04dp</dimen>
<dimen name="dp_562">734.35dp</dimen>
<dimen name="dp_563">735.65dp</dimen>
<dimen name="dp_564">736.96dp</dimen>
<dimen name="dp_565">738.27dp</dimen>
<dimen name="dp_566">739.57dp</dimen>
<dimen name="dp_567">740.88dp</dimen>
<dimen name="dp_568">742.19dp</dimen>
<dimen name="dp_569">743.49dp</dimen>
<dimen name="dp_570">744.80dp</dimen>
<dimen name="dp_571">746.11dp</dimen>
<dimen name="dp_572">747.41dp</dimen>
<dimen name="dp_573">748.72dp</dimen>
<dimen name="dp_574">750.03dp</dimen>
<dimen name="dp_575">751.33dp</dimen>
<dimen name="dp_576">752.64dp</dimen>
<dimen name="dp_577">753.95dp</dimen>
<dimen name="dp_578">755.25dp</dimen>
<dimen name="dp_579">756.56dp</dimen>
<dimen name="dp_580">757.87dp</dimen>
<dimen name="dp_581">759.17dp</dimen>
<dimen name="dp_582">760.48dp</dimen>
<dimen name="dp_583">761.79dp</dimen>
<dimen name="dp_584">763.09dp</dimen>
<dimen name="dp_585">764.40dp</dimen>
<dimen name="dp_586">765.71dp</dimen>
<dimen name="dp_587">767.01dp</dimen>
<dimen name="dp_588">768.32dp</dimen>
<dimen name="dp_589">769.63dp</dimen>
<dimen name="dp_590">770.93dp</dimen>
<dimen name="dp_591">772.24dp</dimen>
<dimen name="dp_592">773.55dp</dimen>
<dimen name="dp_593">774.85dp</dimen>
<dimen name="dp_594">776.16dp</dimen>
<dimen name="dp_595">777.47dp</dimen>
<dimen name="dp_596">778.77dp</dimen>
<dimen name="dp_597">780.08dp</dimen>
<dimen name="dp_598">781.39dp</dimen>
<dimen name="dp_599">782.69dp</dimen>
<dimen name="dp_600">784.00dp</dimen>
<dimen name="dp_601">785.31dp</dimen>
<dimen name="dp_602">786.61dp</dimen>
<dimen name="dp_603">787.92dp</dimen>
<dimen name="dp_604">789.23dp</dimen>
<dimen name="dp_605">790.53dp</dimen>
<dimen name="dp_606">791.84dp</dimen>
<dimen name="dp_607">793.15dp</dimen>
<dimen name="dp_608">794.45dp</dimen>
<dimen name="dp_609">795.76dp</dimen>
<dimen name="dp_610">797.07dp</dimen>
<dimen name="dp_611">798.37dp</dimen>
<dimen name="dp_612">799.68dp</dimen>
<dimen name="dp_613">800.99dp</dimen>
<dimen name="dp_614">802.29dp</dimen>
<dimen name="dp_615">803.60dp</dimen>
<dimen name="dp_616">804.91dp</dimen>
<dimen name="dp_617">806.21dp</dimen>
<dimen name="dp_618">807.52dp</dimen>
<dimen name="dp_619">808.83dp</dimen>
<dimen name="dp_620">810.13dp</dimen>
<dimen name="dp_621">811.44dp</dimen>
<dimen name="dp_622">812.75dp</dimen>
<dimen name="dp_623">814.05dp</dimen>
<dimen name="dp_624">815.36dp</dimen>
<dimen name="dp_625">816.67dp</dimen>
<dimen name="dp_626">817.97dp</dimen>
<dimen name="dp_627">819.28dp</dimen>
<dimen name="dp_628">820.59dp</dimen>
<dimen name="dp_629">821.89dp</dimen>
<dimen name="dp_630">823.20dp</dimen>
<dimen name="dp_631">824.51dp</dimen>
<dimen name="dp_632">825.81dp</dimen>
<dimen name="dp_633">827.12dp</dimen>
<dimen name="dp_634">828.43dp</dimen>
<dimen name="dp_635">829.73dp</dimen>
<dimen name="dp_636">831.04dp</dimen>
<dimen name="dp_637">832.35dp</dimen>
<dimen name="dp_638">833.65dp</dimen>
<dimen name="dp_639">834.96dp</dimen>
<dimen name="dp_640">836.27dp</dimen>
<dimen name="dp_641">837.57dp</dimen>
<dimen name="dp_642">838.88dp</dimen>
<dimen name="dp_643">840.19dp</dimen>
<dimen name="dp_644">841.49dp</dimen>
<dimen name="dp_645">842.80dp</dimen>
<dimen name="dp_646">844.11dp</dimen>
<dimen name="dp_647">845.41dp</dimen>
<dimen name="dp_648">846.72dp</dimen>
<dimen name="dp_649">848.03dp</dimen>
<dimen name="dp_650">849.33dp</dimen>
<dimen name="dp_651">850.64dp</dimen>
<dimen name="dp_652">851.95dp</dimen>
<dimen name="dp_653">853.25dp</dimen>
<dimen name="dp_654">854.56dp</dimen>
<dimen name="dp_655">855.87dp</dimen>
<dimen name="dp_656">857.17dp</dimen>
<dimen name="dp_657">858.48dp</dimen>
<dimen name="dp_658">859.79dp</dimen>
<dimen name="dp_659">861.09dp</dimen>
<dimen name="dp_660">862.40dp</dimen>
<dimen name="dp_661">863.71dp</dimen>
<dimen name="dp_662">865.01dp</dimen>
<dimen name="dp_663">866.32dp</dimen>
<dimen name="dp_664">867.63dp</dimen>
<dimen name="dp_665">868.93dp</dimen>
<dimen name="dp_666">870.24dp</dimen>
<dimen name="dp_667">871.55dp</dimen>
<dimen name="dp_668">872.85dp</dimen>
<dimen name="dp_669">874.16dp</dimen>
<dimen name="dp_670">875.47dp</dimen>
<dimen name="dp_671">876.77dp</dimen>
<dimen name="dp_672">878.08dp</dimen>
<dimen name="dp_673">879.39dp</dimen>
<dimen name="dp_674">880.69dp</dimen>
<dimen name="dp_675">882.00dp</dimen>
<dimen name="dp_676">883.31dp</dimen>
<dimen name="dp_677">884.61dp</dimen>
<dimen name="dp_678">885.92dp</dimen>
<dimen name="dp_679">887.23dp</dimen>
<dimen name="dp_680">888.53dp</dimen>
<dimen name="dp_681">889.84dp</dimen>
<dimen name="dp_682">891.15dp</dimen>
<dimen name="dp_683">892.45dp</dimen>
<dimen name="dp_684">893.76dp</dimen>
<dimen name="dp_685">895.07dp</dimen>
<dimen name="dp_686">896.37dp</dimen>
<dimen name="dp_687">897.68dp</dimen>
<dimen name="dp_688">898.99dp</dimen>
<dimen name="dp_689">900.29dp</dimen>
<dimen name="dp_690">901.60dp</dimen>
<dimen name="dp_691">902.91dp</dimen>
<dimen name="dp_692">904.21dp</dimen>
<dimen name="dp_693">905.52dp</dimen>
<dimen name="dp_694">906.83dp</dimen>
<dimen name="dp_695">908.13dp</dimen>
<dimen name="dp_696">909.44dp</dimen>
<dimen name="dp_697">910.75dp</dimen>
<dimen name="dp_698">912.05dp</dimen>
<dimen name="dp_699">913.36dp</dimen>
<dimen name="dp_700">914.67dp</dimen>
<dimen name="dp_701">915.97dp</dimen>
<dimen name="dp_702">917.28dp</dimen>
<dimen name="dp_703">918.59dp</dimen>
<dimen name="dp_704">919.89dp</dimen>
<dimen name="dp_705">921.20dp</dimen>
<dimen name="dp_706">922.51dp</dimen>
<dimen name="dp_707">923.81dp</dimen>
<dimen name="dp_708">925.12dp</dimen>
<dimen name="dp_709">926.43dp</dimen>
<dimen name="dp_710">927.73dp</dimen>
<dimen name="dp_711">929.04dp</dimen>
<dimen name="dp_712">930.35dp</dimen>
<dimen name="dp_713">931.65dp</dimen>
<dimen name="dp_714">932.96dp</dimen>
<dimen name="dp_715">934.27dp</dimen>
<dimen name="dp_716">935.57dp</dimen>
<dimen name="dp_717">936.88dp</dimen>
<dimen name="dp_718">938.19dp</dimen>
<dimen name="dp_719">939.49dp</dimen>
<dimen name="dp_720">940.80dp</dimen>
</resources>
