<?xml version="1.0" encoding="utf-8"?>
<resources>
<dimen name="base_dpi">340dp</dimen>
<dimen name="dp_0">0.00dp</dimen>
<dimen name="dp_1">0.91dp</dimen>
<dimen name="dp_2">1.81dp</dimen>
<dimen name="dp_3">2.72dp</dimen>
<dimen name="dp_4">3.63dp</dimen>
<dimen name="dp_5">4.53dp</dimen>
<dimen name="dp_6">5.44dp</dimen>
<dimen name="dp_7">6.35dp</dimen>
<dimen name="dp_8">7.25dp</dimen>
<dimen name="dp_9">8.16dp</dimen>
<dimen name="dp_10">9.07dp</dimen>
<dimen name="dp_11">9.97dp</dimen>
<dimen name="dp_12">10.88dp</dimen>
<dimen name="dp_13">11.79dp</dimen>
<dimen name="dp_14">12.69dp</dimen>
<dimen name="dp_15">13.60dp</dimen>
<dimen name="dp_16">14.51dp</dimen>
<dimen name="dp_17">15.41dp</dimen>
<dimen name="dp_18">16.32dp</dimen>
<dimen name="dp_19">17.23dp</dimen>
<dimen name="dp_20">18.13dp</dimen>
<dimen name="dp_21">19.04dp</dimen>
<dimen name="dp_22">19.95dp</dimen>
<dimen name="dp_23">20.85dp</dimen>
<dimen name="dp_24">21.76dp</dimen>
<dimen name="dp_25">22.67dp</dimen>
<dimen name="dp_26">23.57dp</dimen>
<dimen name="dp_27">24.48dp</dimen>
<dimen name="dp_28">25.39dp</dimen>
<dimen name="dp_29">26.29dp</dimen>
<dimen name="dp_30">27.20dp</dimen>
<dimen name="dp_31">28.11dp</dimen>
<dimen name="dp_32">29.01dp</dimen>
<dimen name="dp_33">29.92dp</dimen>
<dimen name="dp_34">30.83dp</dimen>
<dimen name="dp_35">31.73dp</dimen>
<dimen name="dp_36">32.64dp</dimen>
<dimen name="dp_37">33.55dp</dimen>
<dimen name="dp_38">34.45dp</dimen>
<dimen name="dp_39">35.36dp</dimen>
<dimen name="dp_40">36.27dp</dimen>
<dimen name="dp_41">37.17dp</dimen>
<dimen name="dp_42">38.08dp</dimen>
<dimen name="dp_43">38.99dp</dimen>
<dimen name="dp_44">39.89dp</dimen>
<dimen name="dp_45">40.80dp</dimen>
<dimen name="dp_46">41.71dp</dimen>
<dimen name="dp_47">42.61dp</dimen>
<dimen name="dp_48">43.52dp</dimen>
<dimen name="dp_49">44.43dp</dimen>
<dimen name="dp_50">45.33dp</dimen>
<dimen name="dp_51">46.24dp</dimen>
<dimen name="dp_52">47.15dp</dimen>
<dimen name="dp_53">48.05dp</dimen>
<dimen name="dp_54">48.96dp</dimen>
<dimen name="dp_55">49.87dp</dimen>
<dimen name="dp_56">50.77dp</dimen>
<dimen name="dp_57">51.68dp</dimen>
<dimen name="dp_58">52.59dp</dimen>
<dimen name="dp_59">53.49dp</dimen>
<dimen name="dp_60">54.40dp</dimen>
<dimen name="dp_61">55.31dp</dimen>
<dimen name="dp_62">56.21dp</dimen>
<dimen name="dp_63">57.12dp</dimen>
<dimen name="dp_64">58.03dp</dimen>
<dimen name="dp_65">58.93dp</dimen>
<dimen name="dp_66">59.84dp</dimen>
<dimen name="dp_67">60.75dp</dimen>
<dimen name="dp_68">61.65dp</dimen>
<dimen name="dp_69">62.56dp</dimen>
<dimen name="dp_70">63.47dp</dimen>
<dimen name="dp_71">64.37dp</dimen>
<dimen name="dp_72">65.28dp</dimen>
<dimen name="dp_73">66.19dp</dimen>
<dimen name="dp_74">67.09dp</dimen>
<dimen name="dp_75">68.00dp</dimen>
<dimen name="dp_76">68.91dp</dimen>
<dimen name="dp_77">69.81dp</dimen>
<dimen name="dp_78">70.72dp</dimen>
<dimen name="dp_79">71.63dp</dimen>
<dimen name="dp_80">72.53dp</dimen>
<dimen name="dp_81">73.44dp</dimen>
<dimen name="dp_82">74.35dp</dimen>
<dimen name="dp_83">75.25dp</dimen>
<dimen name="dp_84">76.16dp</dimen>
<dimen name="dp_85">77.07dp</dimen>
<dimen name="dp_86">77.97dp</dimen>
<dimen name="dp_87">78.88dp</dimen>
<dimen name="dp_88">79.79dp</dimen>
<dimen name="dp_89">80.69dp</dimen>
<dimen name="dp_90">81.60dp</dimen>
<dimen name="dp_91">82.51dp</dimen>
<dimen name="dp_92">83.41dp</dimen>
<dimen name="dp_93">84.32dp</dimen>
<dimen name="dp_94">85.23dp</dimen>
<dimen name="dp_95">86.13dp</dimen>
<dimen name="dp_96">87.04dp</dimen>
<dimen name="dp_97">87.95dp</dimen>
<dimen name="dp_98">88.85dp</dimen>
<dimen name="dp_99">89.76dp</dimen>
<dimen name="dp_100">90.67dp</dimen>
<dimen name="dp_101">91.57dp</dimen>
<dimen name="dp_102">92.48dp</dimen>
<dimen name="dp_103">93.39dp</dimen>
<dimen name="dp_104">94.29dp</dimen>
<dimen name="dp_105">95.20dp</dimen>
<dimen name="dp_106">96.11dp</dimen>
<dimen name="dp_107">97.01dp</dimen>
<dimen name="dp_108">97.92dp</dimen>
<dimen name="dp_109">98.83dp</dimen>
<dimen name="dp_110">99.73dp</dimen>
<dimen name="dp_111">100.64dp</dimen>
<dimen name="dp_112">101.55dp</dimen>
<dimen name="dp_113">102.45dp</dimen>
<dimen name="dp_114">103.36dp</dimen>
<dimen name="dp_115">104.27dp</dimen>
<dimen name="dp_116">105.17dp</dimen>
<dimen name="dp_117">106.08dp</dimen>
<dimen name="dp_118">106.99dp</dimen>
<dimen name="dp_119">107.89dp</dimen>
<dimen name="dp_120">108.80dp</dimen>
<dimen name="dp_121">109.71dp</dimen>
<dimen name="dp_122">110.61dp</dimen>
<dimen name="dp_123">111.52dp</dimen>
<dimen name="dp_124">112.43dp</dimen>
<dimen name="dp_125">113.33dp</dimen>
<dimen name="dp_126">114.24dp</dimen>
<dimen name="dp_127">115.15dp</dimen>
<dimen name="dp_128">116.05dp</dimen>
<dimen name="dp_129">116.96dp</dimen>
<dimen name="dp_130">117.87dp</dimen>
<dimen name="dp_131">118.77dp</dimen>
<dimen name="dp_132">119.68dp</dimen>
<dimen name="dp_133">120.59dp</dimen>
<dimen name="dp_134">121.49dp</dimen>
<dimen name="dp_135">122.40dp</dimen>
<dimen name="dp_136">123.31dp</dimen>
<dimen name="dp_137">124.21dp</dimen>
<dimen name="dp_138">125.12dp</dimen>
<dimen name="dp_139">126.03dp</dimen>
<dimen name="dp_140">126.93dp</dimen>
<dimen name="dp_141">127.84dp</dimen>
<dimen name="dp_142">128.75dp</dimen>
<dimen name="dp_143">129.65dp</dimen>
<dimen name="dp_144">130.56dp</dimen>
<dimen name="dp_145">131.47dp</dimen>
<dimen name="dp_146">132.37dp</dimen>
<dimen name="dp_147">133.28dp</dimen>
<dimen name="dp_148">134.19dp</dimen>
<dimen name="dp_149">135.09dp</dimen>
<dimen name="dp_150">136.00dp</dimen>
<dimen name="dp_151">136.91dp</dimen>
<dimen name="dp_152">137.81dp</dimen>
<dimen name="dp_153">138.72dp</dimen>
<dimen name="dp_154">139.63dp</dimen>
<dimen name="dp_155">140.53dp</dimen>
<dimen name="dp_156">141.44dp</dimen>
<dimen name="dp_157">142.35dp</dimen>
<dimen name="dp_158">143.25dp</dimen>
<dimen name="dp_159">144.16dp</dimen>
<dimen name="dp_160">145.07dp</dimen>
<dimen name="dp_161">145.97dp</dimen>
<dimen name="dp_162">146.88dp</dimen>
<dimen name="dp_163">147.79dp</dimen>
<dimen name="dp_164">148.69dp</dimen>
<dimen name="dp_165">149.60dp</dimen>
<dimen name="dp_166">150.51dp</dimen>
<dimen name="dp_167">151.41dp</dimen>
<dimen name="dp_168">152.32dp</dimen>
<dimen name="dp_169">153.23dp</dimen>
<dimen name="dp_170">154.13dp</dimen>
<dimen name="dp_171">155.04dp</dimen>
<dimen name="dp_172">155.95dp</dimen>
<dimen name="dp_173">156.85dp</dimen>
<dimen name="dp_174">157.76dp</dimen>
<dimen name="dp_175">158.67dp</dimen>
<dimen name="dp_176">159.57dp</dimen>
<dimen name="dp_177">160.48dp</dimen>
<dimen name="dp_178">161.39dp</dimen>
<dimen name="dp_179">162.29dp</dimen>
<dimen name="dp_180">163.20dp</dimen>
<dimen name="dp_181">164.11dp</dimen>
<dimen name="dp_182">165.01dp</dimen>
<dimen name="dp_183">165.92dp</dimen>
<dimen name="dp_184">166.83dp</dimen>
<dimen name="dp_185">167.73dp</dimen>
<dimen name="dp_186">168.64dp</dimen>
<dimen name="dp_187">169.55dp</dimen>
<dimen name="dp_188">170.45dp</dimen>
<dimen name="dp_189">171.36dp</dimen>
<dimen name="dp_190">172.27dp</dimen>
<dimen name="dp_191">173.17dp</dimen>
<dimen name="dp_192">174.08dp</dimen>
<dimen name="dp_193">174.99dp</dimen>
<dimen name="dp_194">175.89dp</dimen>
<dimen name="dp_195">176.80dp</dimen>
<dimen name="dp_196">177.71dp</dimen>
<dimen name="dp_197">178.61dp</dimen>
<dimen name="dp_198">179.52dp</dimen>
<dimen name="dp_199">180.43dp</dimen>
<dimen name="dp_200">181.33dp</dimen>
<dimen name="dp_201">182.24dp</dimen>
<dimen name="dp_202">183.15dp</dimen>
<dimen name="dp_203">184.05dp</dimen>
<dimen name="dp_204">184.96dp</dimen>
<dimen name="dp_205">185.87dp</dimen>
<dimen name="dp_206">186.77dp</dimen>
<dimen name="dp_207">187.68dp</dimen>
<dimen name="dp_208">188.59dp</dimen>
<dimen name="dp_209">189.49dp</dimen>
<dimen name="dp_210">190.40dp</dimen>
<dimen name="dp_211">191.31dp</dimen>
<dimen name="dp_212">192.21dp</dimen>
<dimen name="dp_213">193.12dp</dimen>
<dimen name="dp_214">194.03dp</dimen>
<dimen name="dp_215">194.93dp</dimen>
<dimen name="dp_216">195.84dp</dimen>
<dimen name="dp_217">196.75dp</dimen>
<dimen name="dp_218">197.65dp</dimen>
<dimen name="dp_219">198.56dp</dimen>
<dimen name="dp_220">199.47dp</dimen>
<dimen name="dp_221">200.37dp</dimen>
<dimen name="dp_222">201.28dp</dimen>
<dimen name="dp_223">202.19dp</dimen>
<dimen name="dp_224">203.09dp</dimen>
<dimen name="dp_225">204.00dp</dimen>
<dimen name="dp_226">204.91dp</dimen>
<dimen name="dp_227">205.81dp</dimen>
<dimen name="dp_228">206.72dp</dimen>
<dimen name="dp_229">207.63dp</dimen>
<dimen name="dp_230">208.53dp</dimen>
<dimen name="dp_231">209.44dp</dimen>
<dimen name="dp_232">210.35dp</dimen>
<dimen name="dp_233">211.25dp</dimen>
<dimen name="dp_234">212.16dp</dimen>
<dimen name="dp_235">213.07dp</dimen>
<dimen name="dp_236">213.97dp</dimen>
<dimen name="dp_237">214.88dp</dimen>
<dimen name="dp_238">215.79dp</dimen>
<dimen name="dp_239">216.69dp</dimen>
<dimen name="dp_240">217.60dp</dimen>
<dimen name="dp_241">218.51dp</dimen>
<dimen name="dp_242">219.41dp</dimen>
<dimen name="dp_243">220.32dp</dimen>
<dimen name="dp_244">221.23dp</dimen>
<dimen name="dp_245">222.13dp</dimen>
<dimen name="dp_246">223.04dp</dimen>
<dimen name="dp_247">223.95dp</dimen>
<dimen name="dp_248">224.85dp</dimen>
<dimen name="dp_249">225.76dp</dimen>
<dimen name="dp_250">226.67dp</dimen>
<dimen name="dp_251">227.57dp</dimen>
<dimen name="dp_252">228.48dp</dimen>
<dimen name="dp_253">229.39dp</dimen>
<dimen name="dp_254">230.29dp</dimen>
<dimen name="dp_255">231.20dp</dimen>
<dimen name="dp_256">232.11dp</dimen>
<dimen name="dp_257">233.01dp</dimen>
<dimen name="dp_258">233.92dp</dimen>
<dimen name="dp_259">234.83dp</dimen>
<dimen name="dp_260">235.73dp</dimen>
<dimen name="dp_261">236.64dp</dimen>
<dimen name="dp_262">237.55dp</dimen>
<dimen name="dp_263">238.45dp</dimen>
<dimen name="dp_264">239.36dp</dimen>
<dimen name="dp_265">240.27dp</dimen>
<dimen name="dp_266">241.17dp</dimen>
<dimen name="dp_267">242.08dp</dimen>
<dimen name="dp_268">242.99dp</dimen>
<dimen name="dp_269">243.89dp</dimen>
<dimen name="dp_270">244.80dp</dimen>
<dimen name="dp_271">245.71dp</dimen>
<dimen name="dp_272">246.61dp</dimen>
<dimen name="dp_273">247.52dp</dimen>
<dimen name="dp_274">248.43dp</dimen>
<dimen name="dp_275">249.33dp</dimen>
<dimen name="dp_276">250.24dp</dimen>
<dimen name="dp_277">251.15dp</dimen>
<dimen name="dp_278">252.05dp</dimen>
<dimen name="dp_279">252.96dp</dimen>
<dimen name="dp_280">253.87dp</dimen>
<dimen name="dp_281">254.77dp</dimen>
<dimen name="dp_282">255.68dp</dimen>
<dimen name="dp_283">256.59dp</dimen>
<dimen name="dp_284">257.49dp</dimen>
<dimen name="dp_285">258.40dp</dimen>
<dimen name="dp_286">259.31dp</dimen>
<dimen name="dp_287">260.21dp</dimen>
<dimen name="dp_288">261.12dp</dimen>
<dimen name="dp_289">262.03dp</dimen>
<dimen name="dp_290">262.93dp</dimen>
<dimen name="dp_291">263.84dp</dimen>
<dimen name="dp_292">264.75dp</dimen>
<dimen name="dp_293">265.65dp</dimen>
<dimen name="dp_294">266.56dp</dimen>
<dimen name="dp_295">267.47dp</dimen>
<dimen name="dp_296">268.37dp</dimen>
<dimen name="dp_297">269.28dp</dimen>
<dimen name="dp_298">270.19dp</dimen>
<dimen name="dp_299">271.09dp</dimen>
<dimen name="dp_300">272.00dp</dimen>
<dimen name="dp_301">272.91dp</dimen>
<dimen name="dp_302">273.81dp</dimen>
<dimen name="dp_303">274.72dp</dimen>
<dimen name="dp_304">275.63dp</dimen>
<dimen name="dp_305">276.53dp</dimen>
<dimen name="dp_306">277.44dp</dimen>
<dimen name="dp_307">278.35dp</dimen>
<dimen name="dp_308">279.25dp</dimen>
<dimen name="dp_309">280.16dp</dimen>
<dimen name="dp_310">281.07dp</dimen>
<dimen name="dp_311">281.97dp</dimen>
<dimen name="dp_312">282.88dp</dimen>
<dimen name="dp_313">283.79dp</dimen>
<dimen name="dp_314">284.69dp</dimen>
<dimen name="dp_315">285.60dp</dimen>
<dimen name="dp_316">286.51dp</dimen>
<dimen name="dp_317">287.41dp</dimen>
<dimen name="dp_318">288.32dp</dimen>
<dimen name="dp_319">289.23dp</dimen>
<dimen name="dp_320">290.13dp</dimen>
<dimen name="dp_321">291.04dp</dimen>
<dimen name="dp_322">291.95dp</dimen>
<dimen name="dp_323">292.85dp</dimen>
<dimen name="dp_324">293.76dp</dimen>
<dimen name="dp_325">294.67dp</dimen>
<dimen name="dp_326">295.57dp</dimen>
<dimen name="dp_327">296.48dp</dimen>
<dimen name="dp_328">297.39dp</dimen>
<dimen name="dp_329">298.29dp</dimen>
<dimen name="dp_330">299.20dp</dimen>
<dimen name="dp_331">300.11dp</dimen>
<dimen name="dp_332">301.01dp</dimen>
<dimen name="dp_333">301.92dp</dimen>
<dimen name="dp_334">302.83dp</dimen>
<dimen name="dp_335">303.73dp</dimen>
<dimen name="dp_336">304.64dp</dimen>
<dimen name="dp_337">305.55dp</dimen>
<dimen name="dp_338">306.45dp</dimen>
<dimen name="dp_339">307.36dp</dimen>
<dimen name="dp_340">308.27dp</dimen>
<dimen name="dp_341">309.17dp</dimen>
<dimen name="dp_342">310.08dp</dimen>
<dimen name="dp_343">310.99dp</dimen>
<dimen name="dp_344">311.89dp</dimen>
<dimen name="dp_345">312.80dp</dimen>
<dimen name="dp_346">313.71dp</dimen>
<dimen name="dp_347">314.61dp</dimen>
<dimen name="dp_348">315.52dp</dimen>
<dimen name="dp_349">316.43dp</dimen>
<dimen name="dp_350">317.33dp</dimen>
<dimen name="dp_351">318.24dp</dimen>
<dimen name="dp_352">319.15dp</dimen>
<dimen name="dp_353">320.05dp</dimen>
<dimen name="dp_354">320.96dp</dimen>
<dimen name="dp_355">321.87dp</dimen>
<dimen name="dp_356">322.77dp</dimen>
<dimen name="dp_357">323.68dp</dimen>
<dimen name="dp_358">324.59dp</dimen>
<dimen name="dp_359">325.49dp</dimen>
<dimen name="dp_360">326.40dp</dimen>
<dimen name="dp_361">327.31dp</dimen>
<dimen name="dp_362">328.21dp</dimen>
<dimen name="dp_363">329.12dp</dimen>
<dimen name="dp_364">330.03dp</dimen>
<dimen name="dp_365">330.93dp</dimen>
<dimen name="dp_366">331.84dp</dimen>
<dimen name="dp_367">332.75dp</dimen>
<dimen name="dp_368">333.65dp</dimen>
<dimen name="dp_369">334.56dp</dimen>
<dimen name="dp_370">335.47dp</dimen>
<dimen name="dp_371">336.37dp</dimen>
<dimen name="dp_372">337.28dp</dimen>
<dimen name="dp_373">338.19dp</dimen>
<dimen name="dp_374">339.09dp</dimen>
<dimen name="dp_375">340.00dp</dimen>
<dimen name="dp_376">340.91dp</dimen>
<dimen name="dp_377">341.81dp</dimen>
<dimen name="dp_378">342.72dp</dimen>
<dimen name="dp_379">343.63dp</dimen>
<dimen name="dp_380">344.53dp</dimen>
<dimen name="dp_381">345.44dp</dimen>
<dimen name="dp_382">346.35dp</dimen>
<dimen name="dp_383">347.25dp</dimen>
<dimen name="dp_384">348.16dp</dimen>
<dimen name="dp_385">349.07dp</dimen>
<dimen name="dp_386">349.97dp</dimen>
<dimen name="dp_387">350.88dp</dimen>
<dimen name="dp_388">351.79dp</dimen>
<dimen name="dp_389">352.69dp</dimen>
<dimen name="dp_390">353.60dp</dimen>
<dimen name="dp_391">354.51dp</dimen>
<dimen name="dp_392">355.41dp</dimen>
<dimen name="dp_393">356.32dp</dimen>
<dimen name="dp_394">357.23dp</dimen>
<dimen name="dp_395">358.13dp</dimen>
<dimen name="dp_396">359.04dp</dimen>
<dimen name="dp_397">359.95dp</dimen>
<dimen name="dp_398">360.85dp</dimen>
<dimen name="dp_399">361.76dp</dimen>
<dimen name="dp_400">362.67dp</dimen>
<dimen name="dp_401">363.57dp</dimen>
<dimen name="dp_402">364.48dp</dimen>
<dimen name="dp_403">365.39dp</dimen>
<dimen name="dp_404">366.29dp</dimen>
<dimen name="dp_405">367.20dp</dimen>
<dimen name="dp_406">368.11dp</dimen>
<dimen name="dp_407">369.01dp</dimen>
<dimen name="dp_408">369.92dp</dimen>
<dimen name="dp_409">370.83dp</dimen>
<dimen name="dp_410">371.73dp</dimen>
<dimen name="dp_411">372.64dp</dimen>
<dimen name="dp_412">373.55dp</dimen>
<dimen name="dp_413">374.45dp</dimen>
<dimen name="dp_414">375.36dp</dimen>
<dimen name="dp_415">376.27dp</dimen>
<dimen name="dp_416">377.17dp</dimen>
<dimen name="dp_417">378.08dp</dimen>
<dimen name="dp_418">378.99dp</dimen>
<dimen name="dp_419">379.89dp</dimen>
<dimen name="dp_420">380.80dp</dimen>
<dimen name="dp_421">381.71dp</dimen>
<dimen name="dp_422">382.61dp</dimen>
<dimen name="dp_423">383.52dp</dimen>
<dimen name="dp_424">384.43dp</dimen>
<dimen name="dp_425">385.33dp</dimen>
<dimen name="dp_426">386.24dp</dimen>
<dimen name="dp_427">387.15dp</dimen>
<dimen name="dp_428">388.05dp</dimen>
<dimen name="dp_429">388.96dp</dimen>
<dimen name="dp_430">389.87dp</dimen>
<dimen name="dp_431">390.77dp</dimen>
<dimen name="dp_432">391.68dp</dimen>
<dimen name="dp_433">392.59dp</dimen>
<dimen name="dp_434">393.49dp</dimen>
<dimen name="dp_435">394.40dp</dimen>
<dimen name="dp_436">395.31dp</dimen>
<dimen name="dp_437">396.21dp</dimen>
<dimen name="dp_438">397.12dp</dimen>
<dimen name="dp_439">398.03dp</dimen>
<dimen name="dp_440">398.93dp</dimen>
<dimen name="dp_441">399.84dp</dimen>
<dimen name="dp_442">400.75dp</dimen>
<dimen name="dp_443">401.65dp</dimen>
<dimen name="dp_444">402.56dp</dimen>
<dimen name="dp_445">403.47dp</dimen>
<dimen name="dp_446">404.37dp</dimen>
<dimen name="dp_447">405.28dp</dimen>
<dimen name="dp_448">406.19dp</dimen>
<dimen name="dp_449">407.09dp</dimen>
<dimen name="dp_450">408.00dp</dimen>
<dimen name="dp_451">408.91dp</dimen>
<dimen name="dp_452">409.81dp</dimen>
<dimen name="dp_453">410.72dp</dimen>
<dimen name="dp_454">411.63dp</dimen>
<dimen name="dp_455">412.53dp</dimen>
<dimen name="dp_456">413.44dp</dimen>
<dimen name="dp_457">414.35dp</dimen>
<dimen name="dp_458">415.25dp</dimen>
<dimen name="dp_459">416.16dp</dimen>
<dimen name="dp_460">417.07dp</dimen>
<dimen name="dp_461">417.97dp</dimen>
<dimen name="dp_462">418.88dp</dimen>
<dimen name="dp_463">419.79dp</dimen>
<dimen name="dp_464">420.69dp</dimen>
<dimen name="dp_465">421.60dp</dimen>
<dimen name="dp_466">422.51dp</dimen>
<dimen name="dp_467">423.41dp</dimen>
<dimen name="dp_468">424.32dp</dimen>
<dimen name="dp_469">425.23dp</dimen>
<dimen name="dp_470">426.13dp</dimen>
<dimen name="dp_471">427.04dp</dimen>
<dimen name="dp_472">427.95dp</dimen>
<dimen name="dp_473">428.85dp</dimen>
<dimen name="dp_474">429.76dp</dimen>
<dimen name="dp_475">430.67dp</dimen>
<dimen name="dp_476">431.57dp</dimen>
<dimen name="dp_477">432.48dp</dimen>
<dimen name="dp_478">433.39dp</dimen>
<dimen name="dp_479">434.29dp</dimen>
<dimen name="dp_480">435.20dp</dimen>
<dimen name="dp_481">436.11dp</dimen>
<dimen name="dp_482">437.01dp</dimen>
<dimen name="dp_483">437.92dp</dimen>
<dimen name="dp_484">438.83dp</dimen>
<dimen name="dp_485">439.73dp</dimen>
<dimen name="dp_486">440.64dp</dimen>
<dimen name="dp_487">441.55dp</dimen>
<dimen name="dp_488">442.45dp</dimen>
<dimen name="dp_489">443.36dp</dimen>
<dimen name="dp_490">444.27dp</dimen>
<dimen name="dp_491">445.17dp</dimen>
<dimen name="dp_492">446.08dp</dimen>
<dimen name="dp_493">446.99dp</dimen>
<dimen name="dp_494">447.89dp</dimen>
<dimen name="dp_495">448.80dp</dimen>
<dimen name="dp_496">449.71dp</dimen>
<dimen name="dp_497">450.61dp</dimen>
<dimen name="dp_498">451.52dp</dimen>
<dimen name="dp_499">452.43dp</dimen>
<dimen name="dp_500">453.33dp</dimen>
<dimen name="dp_501">454.24dp</dimen>
<dimen name="dp_502">455.15dp</dimen>
<dimen name="dp_503">456.05dp</dimen>
<dimen name="dp_504">456.96dp</dimen>
<dimen name="dp_505">457.87dp</dimen>
<dimen name="dp_506">458.77dp</dimen>
<dimen name="dp_507">459.68dp</dimen>
<dimen name="dp_508">460.59dp</dimen>
<dimen name="dp_509">461.49dp</dimen>
<dimen name="dp_510">462.40dp</dimen>
<dimen name="dp_511">463.31dp</dimen>
<dimen name="dp_512">464.21dp</dimen>
<dimen name="dp_513">465.12dp</dimen>
<dimen name="dp_514">466.03dp</dimen>
<dimen name="dp_515">466.93dp</dimen>
<dimen name="dp_516">467.84dp</dimen>
<dimen name="dp_517">468.75dp</dimen>
<dimen name="dp_518">469.65dp</dimen>
<dimen name="dp_519">470.56dp</dimen>
<dimen name="dp_520">471.47dp</dimen>
<dimen name="dp_521">472.37dp</dimen>
<dimen name="dp_522">473.28dp</dimen>
<dimen name="dp_523">474.19dp</dimen>
<dimen name="dp_524">475.09dp</dimen>
<dimen name="dp_525">476.00dp</dimen>
<dimen name="dp_526">476.91dp</dimen>
<dimen name="dp_527">477.81dp</dimen>
<dimen name="dp_528">478.72dp</dimen>
<dimen name="dp_529">479.63dp</dimen>
<dimen name="dp_530">480.53dp</dimen>
<dimen name="dp_531">481.44dp</dimen>
<dimen name="dp_532">482.35dp</dimen>
<dimen name="dp_533">483.25dp</dimen>
<dimen name="dp_534">484.16dp</dimen>
<dimen name="dp_535">485.07dp</dimen>
<dimen name="dp_536">485.97dp</dimen>
<dimen name="dp_537">486.88dp</dimen>
<dimen name="dp_538">487.79dp</dimen>
<dimen name="dp_539">488.69dp</dimen>
<dimen name="dp_540">489.60dp</dimen>
<dimen name="dp_541">490.51dp</dimen>
<dimen name="dp_542">491.41dp</dimen>
<dimen name="dp_543">492.32dp</dimen>
<dimen name="dp_544">493.23dp</dimen>
<dimen name="dp_545">494.13dp</dimen>
<dimen name="dp_546">495.04dp</dimen>
<dimen name="dp_547">495.95dp</dimen>
<dimen name="dp_548">496.85dp</dimen>
<dimen name="dp_549">497.76dp</dimen>
<dimen name="dp_550">498.67dp</dimen>
<dimen name="dp_551">499.57dp</dimen>
<dimen name="dp_552">500.48dp</dimen>
<dimen name="dp_553">501.39dp</dimen>
<dimen name="dp_554">502.29dp</dimen>
<dimen name="dp_555">503.20dp</dimen>
<dimen name="dp_556">504.11dp</dimen>
<dimen name="dp_557">505.01dp</dimen>
<dimen name="dp_558">505.92dp</dimen>
<dimen name="dp_559">506.83dp</dimen>
<dimen name="dp_560">507.73dp</dimen>
<dimen name="dp_561">508.64dp</dimen>
<dimen name="dp_562">509.55dp</dimen>
<dimen name="dp_563">510.45dp</dimen>
<dimen name="dp_564">511.36dp</dimen>
<dimen name="dp_565">512.27dp</dimen>
<dimen name="dp_566">513.17dp</dimen>
<dimen name="dp_567">514.08dp</dimen>
<dimen name="dp_568">514.99dp</dimen>
<dimen name="dp_569">515.89dp</dimen>
<dimen name="dp_570">516.80dp</dimen>
<dimen name="dp_571">517.71dp</dimen>
<dimen name="dp_572">518.61dp</dimen>
<dimen name="dp_573">519.52dp</dimen>
<dimen name="dp_574">520.43dp</dimen>
<dimen name="dp_575">521.33dp</dimen>
<dimen name="dp_576">522.24dp</dimen>
<dimen name="dp_577">523.15dp</dimen>
<dimen name="dp_578">524.05dp</dimen>
<dimen name="dp_579">524.96dp</dimen>
<dimen name="dp_580">525.87dp</dimen>
<dimen name="dp_581">526.77dp</dimen>
<dimen name="dp_582">527.68dp</dimen>
<dimen name="dp_583">528.59dp</dimen>
<dimen name="dp_584">529.49dp</dimen>
<dimen name="dp_585">530.40dp</dimen>
<dimen name="dp_586">531.31dp</dimen>
<dimen name="dp_587">532.21dp</dimen>
<dimen name="dp_588">533.12dp</dimen>
<dimen name="dp_589">534.03dp</dimen>
<dimen name="dp_590">534.93dp</dimen>
<dimen name="dp_591">535.84dp</dimen>
<dimen name="dp_592">536.75dp</dimen>
<dimen name="dp_593">537.65dp</dimen>
<dimen name="dp_594">538.56dp</dimen>
<dimen name="dp_595">539.47dp</dimen>
<dimen name="dp_596">540.37dp</dimen>
<dimen name="dp_597">541.28dp</dimen>
<dimen name="dp_598">542.19dp</dimen>
<dimen name="dp_599">543.09dp</dimen>
<dimen name="dp_600">544.00dp</dimen>
<dimen name="dp_601">544.91dp</dimen>
<dimen name="dp_602">545.81dp</dimen>
<dimen name="dp_603">546.72dp</dimen>
<dimen name="dp_604">547.63dp</dimen>
<dimen name="dp_605">548.53dp</dimen>
<dimen name="dp_606">549.44dp</dimen>
<dimen name="dp_607">550.35dp</dimen>
<dimen name="dp_608">551.25dp</dimen>
<dimen name="dp_609">552.16dp</dimen>
<dimen name="dp_610">553.07dp</dimen>
<dimen name="dp_611">553.97dp</dimen>
<dimen name="dp_612">554.88dp</dimen>
<dimen name="dp_613">555.79dp</dimen>
<dimen name="dp_614">556.69dp</dimen>
<dimen name="dp_615">557.60dp</dimen>
<dimen name="dp_616">558.51dp</dimen>
<dimen name="dp_617">559.41dp</dimen>
<dimen name="dp_618">560.32dp</dimen>
<dimen name="dp_619">561.23dp</dimen>
<dimen name="dp_620">562.13dp</dimen>
<dimen name="dp_621">563.04dp</dimen>
<dimen name="dp_622">563.95dp</dimen>
<dimen name="dp_623">564.85dp</dimen>
<dimen name="dp_624">565.76dp</dimen>
<dimen name="dp_625">566.67dp</dimen>
<dimen name="dp_626">567.57dp</dimen>
<dimen name="dp_627">568.48dp</dimen>
<dimen name="dp_628">569.39dp</dimen>
<dimen name="dp_629">570.29dp</dimen>
<dimen name="dp_630">571.20dp</dimen>
<dimen name="dp_631">572.11dp</dimen>
<dimen name="dp_632">573.01dp</dimen>
<dimen name="dp_633">573.92dp</dimen>
<dimen name="dp_634">574.83dp</dimen>
<dimen name="dp_635">575.73dp</dimen>
<dimen name="dp_636">576.64dp</dimen>
<dimen name="dp_637">577.55dp</dimen>
<dimen name="dp_638">578.45dp</dimen>
<dimen name="dp_639">579.36dp</dimen>
<dimen name="dp_640">580.27dp</dimen>
<dimen name="dp_641">581.17dp</dimen>
<dimen name="dp_642">582.08dp</dimen>
<dimen name="dp_643">582.99dp</dimen>
<dimen name="dp_644">583.89dp</dimen>
<dimen name="dp_645">584.80dp</dimen>
<dimen name="dp_646">585.71dp</dimen>
<dimen name="dp_647">586.61dp</dimen>
<dimen name="dp_648">587.52dp</dimen>
<dimen name="dp_649">588.43dp</dimen>
<dimen name="dp_650">589.33dp</dimen>
<dimen name="dp_651">590.24dp</dimen>
<dimen name="dp_652">591.15dp</dimen>
<dimen name="dp_653">592.05dp</dimen>
<dimen name="dp_654">592.96dp</dimen>
<dimen name="dp_655">593.87dp</dimen>
<dimen name="dp_656">594.77dp</dimen>
<dimen name="dp_657">595.68dp</dimen>
<dimen name="dp_658">596.59dp</dimen>
<dimen name="dp_659">597.49dp</dimen>
<dimen name="dp_660">598.40dp</dimen>
<dimen name="dp_661">599.31dp</dimen>
<dimen name="dp_662">600.21dp</dimen>
<dimen name="dp_663">601.12dp</dimen>
<dimen name="dp_664">602.03dp</dimen>
<dimen name="dp_665">602.93dp</dimen>
<dimen name="dp_666">603.84dp</dimen>
<dimen name="dp_667">604.75dp</dimen>
<dimen name="dp_668">605.65dp</dimen>
<dimen name="dp_669">606.56dp</dimen>
<dimen name="dp_670">607.47dp</dimen>
<dimen name="dp_671">608.37dp</dimen>
<dimen name="dp_672">609.28dp</dimen>
<dimen name="dp_673">610.19dp</dimen>
<dimen name="dp_674">611.09dp</dimen>
<dimen name="dp_675">612.00dp</dimen>
<dimen name="dp_676">612.91dp</dimen>
<dimen name="dp_677">613.81dp</dimen>
<dimen name="dp_678">614.72dp</dimen>
<dimen name="dp_679">615.63dp</dimen>
<dimen name="dp_680">616.53dp</dimen>
<dimen name="dp_681">617.44dp</dimen>
<dimen name="dp_682">618.35dp</dimen>
<dimen name="dp_683">619.25dp</dimen>
<dimen name="dp_684">620.16dp</dimen>
<dimen name="dp_685">621.07dp</dimen>
<dimen name="dp_686">621.97dp</dimen>
<dimen name="dp_687">622.88dp</dimen>
<dimen name="dp_688">623.79dp</dimen>
<dimen name="dp_689">624.69dp</dimen>
<dimen name="dp_690">625.60dp</dimen>
<dimen name="dp_691">626.51dp</dimen>
<dimen name="dp_692">627.41dp</dimen>
<dimen name="dp_693">628.32dp</dimen>
<dimen name="dp_694">629.23dp</dimen>
<dimen name="dp_695">630.13dp</dimen>
<dimen name="dp_696">631.04dp</dimen>
<dimen name="dp_697">631.95dp</dimen>
<dimen name="dp_698">632.85dp</dimen>
<dimen name="dp_699">633.76dp</dimen>
<dimen name="dp_700">634.67dp</dimen>
<dimen name="dp_701">635.57dp</dimen>
<dimen name="dp_702">636.48dp</dimen>
<dimen name="dp_703">637.39dp</dimen>
<dimen name="dp_704">638.29dp</dimen>
<dimen name="dp_705">639.20dp</dimen>
<dimen name="dp_706">640.11dp</dimen>
<dimen name="dp_707">641.01dp</dimen>
<dimen name="dp_708">641.92dp</dimen>
<dimen name="dp_709">642.83dp</dimen>
<dimen name="dp_710">643.73dp</dimen>
<dimen name="dp_711">644.64dp</dimen>
<dimen name="dp_712">645.55dp</dimen>
<dimen name="dp_713">646.45dp</dimen>
<dimen name="dp_714">647.36dp</dimen>
<dimen name="dp_715">648.27dp</dimen>
<dimen name="dp_716">649.17dp</dimen>
<dimen name="dp_717">650.08dp</dimen>
<dimen name="dp_718">650.99dp</dimen>
<dimen name="dp_719">651.89dp</dimen>
<dimen name="dp_720">652.80dp</dimen>
</resources>
