<?xml version="1.0" encoding="utf-8"?>
<resources>
<dimen name="base_dpi">390dp</dimen>
<dimen name="dp_0">0.00dp</dimen>
<dimen name="dp_1">1.04dp</dimen>
<dimen name="dp_2">2.08dp</dimen>
<dimen name="dp_3">3.12dp</dimen>
<dimen name="dp_4">4.16dp</dimen>
<dimen name="dp_5">5.20dp</dimen>
<dimen name="dp_6">6.24dp</dimen>
<dimen name="dp_7">7.28dp</dimen>
<dimen name="dp_8">8.32dp</dimen>
<dimen name="dp_9">9.36dp</dimen>
<dimen name="dp_10">10.40dp</dimen>
<dimen name="dp_11">11.44dp</dimen>
<dimen name="dp_12">12.48dp</dimen>
<dimen name="dp_13">13.52dp</dimen>
<dimen name="dp_14">14.56dp</dimen>
<dimen name="dp_15">15.60dp</dimen>
<dimen name="dp_16">16.64dp</dimen>
<dimen name="dp_17">17.68dp</dimen>
<dimen name="dp_18">18.72dp</dimen>
<dimen name="dp_19">19.76dp</dimen>
<dimen name="dp_20">20.80dp</dimen>
<dimen name="dp_21">21.84dp</dimen>
<dimen name="dp_22">22.88dp</dimen>
<dimen name="dp_23">23.92dp</dimen>
<dimen name="dp_24">24.96dp</dimen>
<dimen name="dp_25">26.00dp</dimen>
<dimen name="dp_26">27.04dp</dimen>
<dimen name="dp_27">28.08dp</dimen>
<dimen name="dp_28">29.12dp</dimen>
<dimen name="dp_29">30.16dp</dimen>
<dimen name="dp_30">31.20dp</dimen>
<dimen name="dp_31">32.24dp</dimen>
<dimen name="dp_32">33.28dp</dimen>
<dimen name="dp_33">34.32dp</dimen>
<dimen name="dp_34">35.36dp</dimen>
<dimen name="dp_35">36.40dp</dimen>
<dimen name="dp_36">37.44dp</dimen>
<dimen name="dp_37">38.48dp</dimen>
<dimen name="dp_38">39.52dp</dimen>
<dimen name="dp_39">40.56dp</dimen>
<dimen name="dp_40">41.60dp</dimen>
<dimen name="dp_41">42.64dp</dimen>
<dimen name="dp_42">43.68dp</dimen>
<dimen name="dp_43">44.72dp</dimen>
<dimen name="dp_44">45.76dp</dimen>
<dimen name="dp_45">46.80dp</dimen>
<dimen name="dp_46">47.84dp</dimen>
<dimen name="dp_47">48.88dp</dimen>
<dimen name="dp_48">49.92dp</dimen>
<dimen name="dp_49">50.96dp</dimen>
<dimen name="dp_50">52.00dp</dimen>
<dimen name="dp_51">53.04dp</dimen>
<dimen name="dp_52">54.08dp</dimen>
<dimen name="dp_53">55.12dp</dimen>
<dimen name="dp_54">56.16dp</dimen>
<dimen name="dp_55">57.20dp</dimen>
<dimen name="dp_56">58.24dp</dimen>
<dimen name="dp_57">59.28dp</dimen>
<dimen name="dp_58">60.32dp</dimen>
<dimen name="dp_59">61.36dp</dimen>
<dimen name="dp_60">62.40dp</dimen>
<dimen name="dp_61">63.44dp</dimen>
<dimen name="dp_62">64.48dp</dimen>
<dimen name="dp_63">65.52dp</dimen>
<dimen name="dp_64">66.56dp</dimen>
<dimen name="dp_65">67.60dp</dimen>
<dimen name="dp_66">68.64dp</dimen>
<dimen name="dp_67">69.68dp</dimen>
<dimen name="dp_68">70.72dp</dimen>
<dimen name="dp_69">71.76dp</dimen>
<dimen name="dp_70">72.80dp</dimen>
<dimen name="dp_71">73.84dp</dimen>
<dimen name="dp_72">74.88dp</dimen>
<dimen name="dp_73">75.92dp</dimen>
<dimen name="dp_74">76.96dp</dimen>
<dimen name="dp_75">78.00dp</dimen>
<dimen name="dp_76">79.04dp</dimen>
<dimen name="dp_77">80.08dp</dimen>
<dimen name="dp_78">81.12dp</dimen>
<dimen name="dp_79">82.16dp</dimen>
<dimen name="dp_80">83.20dp</dimen>
<dimen name="dp_81">84.24dp</dimen>
<dimen name="dp_82">85.28dp</dimen>
<dimen name="dp_83">86.32dp</dimen>
<dimen name="dp_84">87.36dp</dimen>
<dimen name="dp_85">88.40dp</dimen>
<dimen name="dp_86">89.44dp</dimen>
<dimen name="dp_87">90.48dp</dimen>
<dimen name="dp_88">91.52dp</dimen>
<dimen name="dp_89">92.56dp</dimen>
<dimen name="dp_90">93.60dp</dimen>
<dimen name="dp_91">94.64dp</dimen>
<dimen name="dp_92">95.68dp</dimen>
<dimen name="dp_93">96.72dp</dimen>
<dimen name="dp_94">97.76dp</dimen>
<dimen name="dp_95">98.80dp</dimen>
<dimen name="dp_96">99.84dp</dimen>
<dimen name="dp_97">100.88dp</dimen>
<dimen name="dp_98">101.92dp</dimen>
<dimen name="dp_99">102.96dp</dimen>
<dimen name="dp_100">104.00dp</dimen>
<dimen name="dp_101">105.04dp</dimen>
<dimen name="dp_102">106.08dp</dimen>
<dimen name="dp_103">107.12dp</dimen>
<dimen name="dp_104">108.16dp</dimen>
<dimen name="dp_105">109.20dp</dimen>
<dimen name="dp_106">110.24dp</dimen>
<dimen name="dp_107">111.28dp</dimen>
<dimen name="dp_108">112.32dp</dimen>
<dimen name="dp_109">113.36dp</dimen>
<dimen name="dp_110">114.40dp</dimen>
<dimen name="dp_111">115.44dp</dimen>
<dimen name="dp_112">116.48dp</dimen>
<dimen name="dp_113">117.52dp</dimen>
<dimen name="dp_114">118.56dp</dimen>
<dimen name="dp_115">119.60dp</dimen>
<dimen name="dp_116">120.64dp</dimen>
<dimen name="dp_117">121.68dp</dimen>
<dimen name="dp_118">122.72dp</dimen>
<dimen name="dp_119">123.76dp</dimen>
<dimen name="dp_120">124.80dp</dimen>
<dimen name="dp_121">125.84dp</dimen>
<dimen name="dp_122">126.88dp</dimen>
<dimen name="dp_123">127.92dp</dimen>
<dimen name="dp_124">128.96dp</dimen>
<dimen name="dp_125">130.00dp</dimen>
<dimen name="dp_126">131.04dp</dimen>
<dimen name="dp_127">132.08dp</dimen>
<dimen name="dp_128">133.12dp</dimen>
<dimen name="dp_129">134.16dp</dimen>
<dimen name="dp_130">135.20dp</dimen>
<dimen name="dp_131">136.24dp</dimen>
<dimen name="dp_132">137.28dp</dimen>
<dimen name="dp_133">138.32dp</dimen>
<dimen name="dp_134">139.36dp</dimen>
<dimen name="dp_135">140.40dp</dimen>
<dimen name="dp_136">141.44dp</dimen>
<dimen name="dp_137">142.48dp</dimen>
<dimen name="dp_138">143.52dp</dimen>
<dimen name="dp_139">144.56dp</dimen>
<dimen name="dp_140">145.60dp</dimen>
<dimen name="dp_141">146.64dp</dimen>
<dimen name="dp_142">147.68dp</dimen>
<dimen name="dp_143">148.72dp</dimen>
<dimen name="dp_144">149.76dp</dimen>
<dimen name="dp_145">150.80dp</dimen>
<dimen name="dp_146">151.84dp</dimen>
<dimen name="dp_147">152.88dp</dimen>
<dimen name="dp_148">153.92dp</dimen>
<dimen name="dp_149">154.96dp</dimen>
<dimen name="dp_150">156.00dp</dimen>
<dimen name="dp_151">157.04dp</dimen>
<dimen name="dp_152">158.08dp</dimen>
<dimen name="dp_153">159.12dp</dimen>
<dimen name="dp_154">160.16dp</dimen>
<dimen name="dp_155">161.20dp</dimen>
<dimen name="dp_156">162.24dp</dimen>
<dimen name="dp_157">163.28dp</dimen>
<dimen name="dp_158">164.32dp</dimen>
<dimen name="dp_159">165.36dp</dimen>
<dimen name="dp_160">166.40dp</dimen>
<dimen name="dp_161">167.44dp</dimen>
<dimen name="dp_162">168.48dp</dimen>
<dimen name="dp_163">169.52dp</dimen>
<dimen name="dp_164">170.56dp</dimen>
<dimen name="dp_165">171.60dp</dimen>
<dimen name="dp_166">172.64dp</dimen>
<dimen name="dp_167">173.68dp</dimen>
<dimen name="dp_168">174.72dp</dimen>
<dimen name="dp_169">175.76dp</dimen>
<dimen name="dp_170">176.80dp</dimen>
<dimen name="dp_171">177.84dp</dimen>
<dimen name="dp_172">178.88dp</dimen>
<dimen name="dp_173">179.92dp</dimen>
<dimen name="dp_174">180.96dp</dimen>
<dimen name="dp_175">182.00dp</dimen>
<dimen name="dp_176">183.04dp</dimen>
<dimen name="dp_177">184.08dp</dimen>
<dimen name="dp_178">185.12dp</dimen>
<dimen name="dp_179">186.16dp</dimen>
<dimen name="dp_180">187.20dp</dimen>
<dimen name="dp_181">188.24dp</dimen>
<dimen name="dp_182">189.28dp</dimen>
<dimen name="dp_183">190.32dp</dimen>
<dimen name="dp_184">191.36dp</dimen>
<dimen name="dp_185">192.40dp</dimen>
<dimen name="dp_186">193.44dp</dimen>
<dimen name="dp_187">194.48dp</dimen>
<dimen name="dp_188">195.52dp</dimen>
<dimen name="dp_189">196.56dp</dimen>
<dimen name="dp_190">197.60dp</dimen>
<dimen name="dp_191">198.64dp</dimen>
<dimen name="dp_192">199.68dp</dimen>
<dimen name="dp_193">200.72dp</dimen>
<dimen name="dp_194">201.76dp</dimen>
<dimen name="dp_195">202.80dp</dimen>
<dimen name="dp_196">203.84dp</dimen>
<dimen name="dp_197">204.88dp</dimen>
<dimen name="dp_198">205.92dp</dimen>
<dimen name="dp_199">206.96dp</dimen>
<dimen name="dp_200">208.00dp</dimen>
<dimen name="dp_201">209.04dp</dimen>
<dimen name="dp_202">210.08dp</dimen>
<dimen name="dp_203">211.12dp</dimen>
<dimen name="dp_204">212.16dp</dimen>
<dimen name="dp_205">213.20dp</dimen>
<dimen name="dp_206">214.24dp</dimen>
<dimen name="dp_207">215.28dp</dimen>
<dimen name="dp_208">216.32dp</dimen>
<dimen name="dp_209">217.36dp</dimen>
<dimen name="dp_210">218.40dp</dimen>
<dimen name="dp_211">219.44dp</dimen>
<dimen name="dp_212">220.48dp</dimen>
<dimen name="dp_213">221.52dp</dimen>
<dimen name="dp_214">222.56dp</dimen>
<dimen name="dp_215">223.60dp</dimen>
<dimen name="dp_216">224.64dp</dimen>
<dimen name="dp_217">225.68dp</dimen>
<dimen name="dp_218">226.72dp</dimen>
<dimen name="dp_219">227.76dp</dimen>
<dimen name="dp_220">228.80dp</dimen>
<dimen name="dp_221">229.84dp</dimen>
<dimen name="dp_222">230.88dp</dimen>
<dimen name="dp_223">231.92dp</dimen>
<dimen name="dp_224">232.96dp</dimen>
<dimen name="dp_225">234.00dp</dimen>
<dimen name="dp_226">235.04dp</dimen>
<dimen name="dp_227">236.08dp</dimen>
<dimen name="dp_228">237.12dp</dimen>
<dimen name="dp_229">238.16dp</dimen>
<dimen name="dp_230">239.20dp</dimen>
<dimen name="dp_231">240.24dp</dimen>
<dimen name="dp_232">241.28dp</dimen>
<dimen name="dp_233">242.32dp</dimen>
<dimen name="dp_234">243.36dp</dimen>
<dimen name="dp_235">244.40dp</dimen>
<dimen name="dp_236">245.44dp</dimen>
<dimen name="dp_237">246.48dp</dimen>
<dimen name="dp_238">247.52dp</dimen>
<dimen name="dp_239">248.56dp</dimen>
<dimen name="dp_240">249.60dp</dimen>
<dimen name="dp_241">250.64dp</dimen>
<dimen name="dp_242">251.68dp</dimen>
<dimen name="dp_243">252.72dp</dimen>
<dimen name="dp_244">253.76dp</dimen>
<dimen name="dp_245">254.80dp</dimen>
<dimen name="dp_246">255.84dp</dimen>
<dimen name="dp_247">256.88dp</dimen>
<dimen name="dp_248">257.92dp</dimen>
<dimen name="dp_249">258.96dp</dimen>
<dimen name="dp_250">260.00dp</dimen>
<dimen name="dp_251">261.04dp</dimen>
<dimen name="dp_252">262.08dp</dimen>
<dimen name="dp_253">263.12dp</dimen>
<dimen name="dp_254">264.16dp</dimen>
<dimen name="dp_255">265.20dp</dimen>
<dimen name="dp_256">266.24dp</dimen>
<dimen name="dp_257">267.28dp</dimen>
<dimen name="dp_258">268.32dp</dimen>
<dimen name="dp_259">269.36dp</dimen>
<dimen name="dp_260">270.40dp</dimen>
<dimen name="dp_261">271.44dp</dimen>
<dimen name="dp_262">272.48dp</dimen>
<dimen name="dp_263">273.52dp</dimen>
<dimen name="dp_264">274.56dp</dimen>
<dimen name="dp_265">275.60dp</dimen>
<dimen name="dp_266">276.64dp</dimen>
<dimen name="dp_267">277.68dp</dimen>
<dimen name="dp_268">278.72dp</dimen>
<dimen name="dp_269">279.76dp</dimen>
<dimen name="dp_270">280.80dp</dimen>
<dimen name="dp_271">281.84dp</dimen>
<dimen name="dp_272">282.88dp</dimen>
<dimen name="dp_273">283.92dp</dimen>
<dimen name="dp_274">284.96dp</dimen>
<dimen name="dp_275">286.00dp</dimen>
<dimen name="dp_276">287.04dp</dimen>
<dimen name="dp_277">288.08dp</dimen>
<dimen name="dp_278">289.12dp</dimen>
<dimen name="dp_279">290.16dp</dimen>
<dimen name="dp_280">291.20dp</dimen>
<dimen name="dp_281">292.24dp</dimen>
<dimen name="dp_282">293.28dp</dimen>
<dimen name="dp_283">294.32dp</dimen>
<dimen name="dp_284">295.36dp</dimen>
<dimen name="dp_285">296.40dp</dimen>
<dimen name="dp_286">297.44dp</dimen>
<dimen name="dp_287">298.48dp</dimen>
<dimen name="dp_288">299.52dp</dimen>
<dimen name="dp_289">300.56dp</dimen>
<dimen name="dp_290">301.60dp</dimen>
<dimen name="dp_291">302.64dp</dimen>
<dimen name="dp_292">303.68dp</dimen>
<dimen name="dp_293">304.72dp</dimen>
<dimen name="dp_294">305.76dp</dimen>
<dimen name="dp_295">306.80dp</dimen>
<dimen name="dp_296">307.84dp</dimen>
<dimen name="dp_297">308.88dp</dimen>
<dimen name="dp_298">309.92dp</dimen>
<dimen name="dp_299">310.96dp</dimen>
<dimen name="dp_300">312.00dp</dimen>
<dimen name="dp_301">313.04dp</dimen>
<dimen name="dp_302">314.08dp</dimen>
<dimen name="dp_303">315.12dp</dimen>
<dimen name="dp_304">316.16dp</dimen>
<dimen name="dp_305">317.20dp</dimen>
<dimen name="dp_306">318.24dp</dimen>
<dimen name="dp_307">319.28dp</dimen>
<dimen name="dp_308">320.32dp</dimen>
<dimen name="dp_309">321.36dp</dimen>
<dimen name="dp_310">322.40dp</dimen>
<dimen name="dp_311">323.44dp</dimen>
<dimen name="dp_312">324.48dp</dimen>
<dimen name="dp_313">325.52dp</dimen>
<dimen name="dp_314">326.56dp</dimen>
<dimen name="dp_315">327.60dp</dimen>
<dimen name="dp_316">328.64dp</dimen>
<dimen name="dp_317">329.68dp</dimen>
<dimen name="dp_318">330.72dp</dimen>
<dimen name="dp_319">331.76dp</dimen>
<dimen name="dp_320">332.80dp</dimen>
<dimen name="dp_321">333.84dp</dimen>
<dimen name="dp_322">334.88dp</dimen>
<dimen name="dp_323">335.92dp</dimen>
<dimen name="dp_324">336.96dp</dimen>
<dimen name="dp_325">338.00dp</dimen>
<dimen name="dp_326">339.04dp</dimen>
<dimen name="dp_327">340.08dp</dimen>
<dimen name="dp_328">341.12dp</dimen>
<dimen name="dp_329">342.16dp</dimen>
<dimen name="dp_330">343.20dp</dimen>
<dimen name="dp_331">344.24dp</dimen>
<dimen name="dp_332">345.28dp</dimen>
<dimen name="dp_333">346.32dp</dimen>
<dimen name="dp_334">347.36dp</dimen>
<dimen name="dp_335">348.40dp</dimen>
<dimen name="dp_336">349.44dp</dimen>
<dimen name="dp_337">350.48dp</dimen>
<dimen name="dp_338">351.52dp</dimen>
<dimen name="dp_339">352.56dp</dimen>
<dimen name="dp_340">353.60dp</dimen>
<dimen name="dp_341">354.64dp</dimen>
<dimen name="dp_342">355.68dp</dimen>
<dimen name="dp_343">356.72dp</dimen>
<dimen name="dp_344">357.76dp</dimen>
<dimen name="dp_345">358.80dp</dimen>
<dimen name="dp_346">359.84dp</dimen>
<dimen name="dp_347">360.88dp</dimen>
<dimen name="dp_348">361.92dp</dimen>
<dimen name="dp_349">362.96dp</dimen>
<dimen name="dp_350">364.00dp</dimen>
<dimen name="dp_351">365.04dp</dimen>
<dimen name="dp_352">366.08dp</dimen>
<dimen name="dp_353">367.12dp</dimen>
<dimen name="dp_354">368.16dp</dimen>
<dimen name="dp_355">369.20dp</dimen>
<dimen name="dp_356">370.24dp</dimen>
<dimen name="dp_357">371.28dp</dimen>
<dimen name="dp_358">372.32dp</dimen>
<dimen name="dp_359">373.36dp</dimen>
<dimen name="dp_360">374.40dp</dimen>
<dimen name="dp_361">375.44dp</dimen>
<dimen name="dp_362">376.48dp</dimen>
<dimen name="dp_363">377.52dp</dimen>
<dimen name="dp_364">378.56dp</dimen>
<dimen name="dp_365">379.60dp</dimen>
<dimen name="dp_366">380.64dp</dimen>
<dimen name="dp_367">381.68dp</dimen>
<dimen name="dp_368">382.72dp</dimen>
<dimen name="dp_369">383.76dp</dimen>
<dimen name="dp_370">384.80dp</dimen>
<dimen name="dp_371">385.84dp</dimen>
<dimen name="dp_372">386.88dp</dimen>
<dimen name="dp_373">387.92dp</dimen>
<dimen name="dp_374">388.96dp</dimen>
<dimen name="dp_375">390.00dp</dimen>
<dimen name="dp_376">391.04dp</dimen>
<dimen name="dp_377">392.08dp</dimen>
<dimen name="dp_378">393.12dp</dimen>
<dimen name="dp_379">394.16dp</dimen>
<dimen name="dp_380">395.20dp</dimen>
<dimen name="dp_381">396.24dp</dimen>
<dimen name="dp_382">397.28dp</dimen>
<dimen name="dp_383">398.32dp</dimen>
<dimen name="dp_384">399.36dp</dimen>
<dimen name="dp_385">400.40dp</dimen>
<dimen name="dp_386">401.44dp</dimen>
<dimen name="dp_387">402.48dp</dimen>
<dimen name="dp_388">403.52dp</dimen>
<dimen name="dp_389">404.56dp</dimen>
<dimen name="dp_390">405.60dp</dimen>
<dimen name="dp_391">406.64dp</dimen>
<dimen name="dp_392">407.68dp</dimen>
<dimen name="dp_393">408.72dp</dimen>
<dimen name="dp_394">409.76dp</dimen>
<dimen name="dp_395">410.80dp</dimen>
<dimen name="dp_396">411.84dp</dimen>
<dimen name="dp_397">412.88dp</dimen>
<dimen name="dp_398">413.92dp</dimen>
<dimen name="dp_399">414.96dp</dimen>
<dimen name="dp_400">416.00dp</dimen>
<dimen name="dp_401">417.04dp</dimen>
<dimen name="dp_402">418.08dp</dimen>
<dimen name="dp_403">419.12dp</dimen>
<dimen name="dp_404">420.16dp</dimen>
<dimen name="dp_405">421.20dp</dimen>
<dimen name="dp_406">422.24dp</dimen>
<dimen name="dp_407">423.28dp</dimen>
<dimen name="dp_408">424.32dp</dimen>
<dimen name="dp_409">425.36dp</dimen>
<dimen name="dp_410">426.40dp</dimen>
<dimen name="dp_411">427.44dp</dimen>
<dimen name="dp_412">428.48dp</dimen>
<dimen name="dp_413">429.52dp</dimen>
<dimen name="dp_414">430.56dp</dimen>
<dimen name="dp_415">431.60dp</dimen>
<dimen name="dp_416">432.64dp</dimen>
<dimen name="dp_417">433.68dp</dimen>
<dimen name="dp_418">434.72dp</dimen>
<dimen name="dp_419">435.76dp</dimen>
<dimen name="dp_420">436.80dp</dimen>
<dimen name="dp_421">437.84dp</dimen>
<dimen name="dp_422">438.88dp</dimen>
<dimen name="dp_423">439.92dp</dimen>
<dimen name="dp_424">440.96dp</dimen>
<dimen name="dp_425">442.00dp</dimen>
<dimen name="dp_426">443.04dp</dimen>
<dimen name="dp_427">444.08dp</dimen>
<dimen name="dp_428">445.12dp</dimen>
<dimen name="dp_429">446.16dp</dimen>
<dimen name="dp_430">447.20dp</dimen>
<dimen name="dp_431">448.24dp</dimen>
<dimen name="dp_432">449.28dp</dimen>
<dimen name="dp_433">450.32dp</dimen>
<dimen name="dp_434">451.36dp</dimen>
<dimen name="dp_435">452.40dp</dimen>
<dimen name="dp_436">453.44dp</dimen>
<dimen name="dp_437">454.48dp</dimen>
<dimen name="dp_438">455.52dp</dimen>
<dimen name="dp_439">456.56dp</dimen>
<dimen name="dp_440">457.60dp</dimen>
<dimen name="dp_441">458.64dp</dimen>
<dimen name="dp_442">459.68dp</dimen>
<dimen name="dp_443">460.72dp</dimen>
<dimen name="dp_444">461.76dp</dimen>
<dimen name="dp_445">462.80dp</dimen>
<dimen name="dp_446">463.84dp</dimen>
<dimen name="dp_447">464.88dp</dimen>
<dimen name="dp_448">465.92dp</dimen>
<dimen name="dp_449">466.96dp</dimen>
<dimen name="dp_450">468.00dp</dimen>
<dimen name="dp_451">469.04dp</dimen>
<dimen name="dp_452">470.08dp</dimen>
<dimen name="dp_453">471.12dp</dimen>
<dimen name="dp_454">472.16dp</dimen>
<dimen name="dp_455">473.20dp</dimen>
<dimen name="dp_456">474.24dp</dimen>
<dimen name="dp_457">475.28dp</dimen>
<dimen name="dp_458">476.32dp</dimen>
<dimen name="dp_459">477.36dp</dimen>
<dimen name="dp_460">478.40dp</dimen>
<dimen name="dp_461">479.44dp</dimen>
<dimen name="dp_462">480.48dp</dimen>
<dimen name="dp_463">481.52dp</dimen>
<dimen name="dp_464">482.56dp</dimen>
<dimen name="dp_465">483.60dp</dimen>
<dimen name="dp_466">484.64dp</dimen>
<dimen name="dp_467">485.68dp</dimen>
<dimen name="dp_468">486.72dp</dimen>
<dimen name="dp_469">487.76dp</dimen>
<dimen name="dp_470">488.80dp</dimen>
<dimen name="dp_471">489.84dp</dimen>
<dimen name="dp_472">490.88dp</dimen>
<dimen name="dp_473">491.92dp</dimen>
<dimen name="dp_474">492.96dp</dimen>
<dimen name="dp_475">494.00dp</dimen>
<dimen name="dp_476">495.04dp</dimen>
<dimen name="dp_477">496.08dp</dimen>
<dimen name="dp_478">497.12dp</dimen>
<dimen name="dp_479">498.16dp</dimen>
<dimen name="dp_480">499.20dp</dimen>
<dimen name="dp_481">500.24dp</dimen>
<dimen name="dp_482">501.28dp</dimen>
<dimen name="dp_483">502.32dp</dimen>
<dimen name="dp_484">503.36dp</dimen>
<dimen name="dp_485">504.40dp</dimen>
<dimen name="dp_486">505.44dp</dimen>
<dimen name="dp_487">506.48dp</dimen>
<dimen name="dp_488">507.52dp</dimen>
<dimen name="dp_489">508.56dp</dimen>
<dimen name="dp_490">509.60dp</dimen>
<dimen name="dp_491">510.64dp</dimen>
<dimen name="dp_492">511.68dp</dimen>
<dimen name="dp_493">512.72dp</dimen>
<dimen name="dp_494">513.76dp</dimen>
<dimen name="dp_495">514.80dp</dimen>
<dimen name="dp_496">515.84dp</dimen>
<dimen name="dp_497">516.88dp</dimen>
<dimen name="dp_498">517.92dp</dimen>
<dimen name="dp_499">518.96dp</dimen>
<dimen name="dp_500">520.00dp</dimen>
<dimen name="dp_501">521.04dp</dimen>
<dimen name="dp_502">522.08dp</dimen>
<dimen name="dp_503">523.12dp</dimen>
<dimen name="dp_504">524.16dp</dimen>
<dimen name="dp_505">525.20dp</dimen>
<dimen name="dp_506">526.24dp</dimen>
<dimen name="dp_507">527.28dp</dimen>
<dimen name="dp_508">528.32dp</dimen>
<dimen name="dp_509">529.36dp</dimen>
<dimen name="dp_510">530.40dp</dimen>
<dimen name="dp_511">531.44dp</dimen>
<dimen name="dp_512">532.48dp</dimen>
<dimen name="dp_513">533.52dp</dimen>
<dimen name="dp_514">534.56dp</dimen>
<dimen name="dp_515">535.60dp</dimen>
<dimen name="dp_516">536.64dp</dimen>
<dimen name="dp_517">537.68dp</dimen>
<dimen name="dp_518">538.72dp</dimen>
<dimen name="dp_519">539.76dp</dimen>
<dimen name="dp_520">540.80dp</dimen>
<dimen name="dp_521">541.84dp</dimen>
<dimen name="dp_522">542.88dp</dimen>
<dimen name="dp_523">543.92dp</dimen>
<dimen name="dp_524">544.96dp</dimen>
<dimen name="dp_525">546.00dp</dimen>
<dimen name="dp_526">547.04dp</dimen>
<dimen name="dp_527">548.08dp</dimen>
<dimen name="dp_528">549.12dp</dimen>
<dimen name="dp_529">550.16dp</dimen>
<dimen name="dp_530">551.20dp</dimen>
<dimen name="dp_531">552.24dp</dimen>
<dimen name="dp_532">553.28dp</dimen>
<dimen name="dp_533">554.32dp</dimen>
<dimen name="dp_534">555.36dp</dimen>
<dimen name="dp_535">556.40dp</dimen>
<dimen name="dp_536">557.44dp</dimen>
<dimen name="dp_537">558.48dp</dimen>
<dimen name="dp_538">559.52dp</dimen>
<dimen name="dp_539">560.56dp</dimen>
<dimen name="dp_540">561.60dp</dimen>
<dimen name="dp_541">562.64dp</dimen>
<dimen name="dp_542">563.68dp</dimen>
<dimen name="dp_543">564.72dp</dimen>
<dimen name="dp_544">565.76dp</dimen>
<dimen name="dp_545">566.80dp</dimen>
<dimen name="dp_546">567.84dp</dimen>
<dimen name="dp_547">568.88dp</dimen>
<dimen name="dp_548">569.92dp</dimen>
<dimen name="dp_549">570.96dp</dimen>
<dimen name="dp_550">572.00dp</dimen>
<dimen name="dp_551">573.04dp</dimen>
<dimen name="dp_552">574.08dp</dimen>
<dimen name="dp_553">575.12dp</dimen>
<dimen name="dp_554">576.16dp</dimen>
<dimen name="dp_555">577.20dp</dimen>
<dimen name="dp_556">578.24dp</dimen>
<dimen name="dp_557">579.28dp</dimen>
<dimen name="dp_558">580.32dp</dimen>
<dimen name="dp_559">581.36dp</dimen>
<dimen name="dp_560">582.40dp</dimen>
<dimen name="dp_561">583.44dp</dimen>
<dimen name="dp_562">584.48dp</dimen>
<dimen name="dp_563">585.52dp</dimen>
<dimen name="dp_564">586.56dp</dimen>
<dimen name="dp_565">587.60dp</dimen>
<dimen name="dp_566">588.64dp</dimen>
<dimen name="dp_567">589.68dp</dimen>
<dimen name="dp_568">590.72dp</dimen>
<dimen name="dp_569">591.76dp</dimen>
<dimen name="dp_570">592.80dp</dimen>
<dimen name="dp_571">593.84dp</dimen>
<dimen name="dp_572">594.88dp</dimen>
<dimen name="dp_573">595.92dp</dimen>
<dimen name="dp_574">596.96dp</dimen>
<dimen name="dp_575">598.00dp</dimen>
<dimen name="dp_576">599.04dp</dimen>
<dimen name="dp_577">600.08dp</dimen>
<dimen name="dp_578">601.12dp</dimen>
<dimen name="dp_579">602.16dp</dimen>
<dimen name="dp_580">603.20dp</dimen>
<dimen name="dp_581">604.24dp</dimen>
<dimen name="dp_582">605.28dp</dimen>
<dimen name="dp_583">606.32dp</dimen>
<dimen name="dp_584">607.36dp</dimen>
<dimen name="dp_585">608.40dp</dimen>
<dimen name="dp_586">609.44dp</dimen>
<dimen name="dp_587">610.48dp</dimen>
<dimen name="dp_588">611.52dp</dimen>
<dimen name="dp_589">612.56dp</dimen>
<dimen name="dp_590">613.60dp</dimen>
<dimen name="dp_591">614.64dp</dimen>
<dimen name="dp_592">615.68dp</dimen>
<dimen name="dp_593">616.72dp</dimen>
<dimen name="dp_594">617.76dp</dimen>
<dimen name="dp_595">618.80dp</dimen>
<dimen name="dp_596">619.84dp</dimen>
<dimen name="dp_597">620.88dp</dimen>
<dimen name="dp_598">621.92dp</dimen>
<dimen name="dp_599">622.96dp</dimen>
<dimen name="dp_600">624.00dp</dimen>
<dimen name="dp_601">625.04dp</dimen>
<dimen name="dp_602">626.08dp</dimen>
<dimen name="dp_603">627.12dp</dimen>
<dimen name="dp_604">628.16dp</dimen>
<dimen name="dp_605">629.20dp</dimen>
<dimen name="dp_606">630.24dp</dimen>
<dimen name="dp_607">631.28dp</dimen>
<dimen name="dp_608">632.32dp</dimen>
<dimen name="dp_609">633.36dp</dimen>
<dimen name="dp_610">634.40dp</dimen>
<dimen name="dp_611">635.44dp</dimen>
<dimen name="dp_612">636.48dp</dimen>
<dimen name="dp_613">637.52dp</dimen>
<dimen name="dp_614">638.56dp</dimen>
<dimen name="dp_615">639.60dp</dimen>
<dimen name="dp_616">640.64dp</dimen>
<dimen name="dp_617">641.68dp</dimen>
<dimen name="dp_618">642.72dp</dimen>
<dimen name="dp_619">643.76dp</dimen>
<dimen name="dp_620">644.80dp</dimen>
<dimen name="dp_621">645.84dp</dimen>
<dimen name="dp_622">646.88dp</dimen>
<dimen name="dp_623">647.92dp</dimen>
<dimen name="dp_624">648.96dp</dimen>
<dimen name="dp_625">650.00dp</dimen>
<dimen name="dp_626">651.04dp</dimen>
<dimen name="dp_627">652.08dp</dimen>
<dimen name="dp_628">653.12dp</dimen>
<dimen name="dp_629">654.16dp</dimen>
<dimen name="dp_630">655.20dp</dimen>
<dimen name="dp_631">656.24dp</dimen>
<dimen name="dp_632">657.28dp</dimen>
<dimen name="dp_633">658.32dp</dimen>
<dimen name="dp_634">659.36dp</dimen>
<dimen name="dp_635">660.40dp</dimen>
<dimen name="dp_636">661.44dp</dimen>
<dimen name="dp_637">662.48dp</dimen>
<dimen name="dp_638">663.52dp</dimen>
<dimen name="dp_639">664.56dp</dimen>
<dimen name="dp_640">665.60dp</dimen>
<dimen name="dp_641">666.64dp</dimen>
<dimen name="dp_642">667.68dp</dimen>
<dimen name="dp_643">668.72dp</dimen>
<dimen name="dp_644">669.76dp</dimen>
<dimen name="dp_645">670.80dp</dimen>
<dimen name="dp_646">671.84dp</dimen>
<dimen name="dp_647">672.88dp</dimen>
<dimen name="dp_648">673.92dp</dimen>
<dimen name="dp_649">674.96dp</dimen>
<dimen name="dp_650">676.00dp</dimen>
<dimen name="dp_651">677.04dp</dimen>
<dimen name="dp_652">678.08dp</dimen>
<dimen name="dp_653">679.12dp</dimen>
<dimen name="dp_654">680.16dp</dimen>
<dimen name="dp_655">681.20dp</dimen>
<dimen name="dp_656">682.24dp</dimen>
<dimen name="dp_657">683.28dp</dimen>
<dimen name="dp_658">684.32dp</dimen>
<dimen name="dp_659">685.36dp</dimen>
<dimen name="dp_660">686.40dp</dimen>
<dimen name="dp_661">687.44dp</dimen>
<dimen name="dp_662">688.48dp</dimen>
<dimen name="dp_663">689.52dp</dimen>
<dimen name="dp_664">690.56dp</dimen>
<dimen name="dp_665">691.60dp</dimen>
<dimen name="dp_666">692.64dp</dimen>
<dimen name="dp_667">693.68dp</dimen>
<dimen name="dp_668">694.72dp</dimen>
<dimen name="dp_669">695.76dp</dimen>
<dimen name="dp_670">696.80dp</dimen>
<dimen name="dp_671">697.84dp</dimen>
<dimen name="dp_672">698.88dp</dimen>
<dimen name="dp_673">699.92dp</dimen>
<dimen name="dp_674">700.96dp</dimen>
<dimen name="dp_675">702.00dp</dimen>
<dimen name="dp_676">703.04dp</dimen>
<dimen name="dp_677">704.08dp</dimen>
<dimen name="dp_678">705.12dp</dimen>
<dimen name="dp_679">706.16dp</dimen>
<dimen name="dp_680">707.20dp</dimen>
<dimen name="dp_681">708.24dp</dimen>
<dimen name="dp_682">709.28dp</dimen>
<dimen name="dp_683">710.32dp</dimen>
<dimen name="dp_684">711.36dp</dimen>
<dimen name="dp_685">712.40dp</dimen>
<dimen name="dp_686">713.44dp</dimen>
<dimen name="dp_687">714.48dp</dimen>
<dimen name="dp_688">715.52dp</dimen>
<dimen name="dp_689">716.56dp</dimen>
<dimen name="dp_690">717.60dp</dimen>
<dimen name="dp_691">718.64dp</dimen>
<dimen name="dp_692">719.68dp</dimen>
<dimen name="dp_693">720.72dp</dimen>
<dimen name="dp_694">721.76dp</dimen>
<dimen name="dp_695">722.80dp</dimen>
<dimen name="dp_696">723.84dp</dimen>
<dimen name="dp_697">724.88dp</dimen>
<dimen name="dp_698">725.92dp</dimen>
<dimen name="dp_699">726.96dp</dimen>
<dimen name="dp_700">728.00dp</dimen>
<dimen name="dp_701">729.04dp</dimen>
<dimen name="dp_702">730.08dp</dimen>
<dimen name="dp_703">731.12dp</dimen>
<dimen name="dp_704">732.16dp</dimen>
<dimen name="dp_705">733.20dp</dimen>
<dimen name="dp_706">734.24dp</dimen>
<dimen name="dp_707">735.28dp</dimen>
<dimen name="dp_708">736.32dp</dimen>
<dimen name="dp_709">737.36dp</dimen>
<dimen name="dp_710">738.40dp</dimen>
<dimen name="dp_711">739.44dp</dimen>
<dimen name="dp_712">740.48dp</dimen>
<dimen name="dp_713">741.52dp</dimen>
<dimen name="dp_714">742.56dp</dimen>
<dimen name="dp_715">743.60dp</dimen>
<dimen name="dp_716">744.64dp</dimen>
<dimen name="dp_717">745.68dp</dimen>
<dimen name="dp_718">746.72dp</dimen>
<dimen name="dp_719">747.76dp</dimen>
<dimen name="dp_720">748.80dp</dimen>
</resources>
