<?xml version="1.0" encoding="utf-8"?>
<resources>
<dimen name="base_dpi">380dp</dimen>
<dimen name="dp_0">0.00dp</dimen>
<dimen name="dp_1">1.01dp</dimen>
<dimen name="dp_2">2.03dp</dimen>
<dimen name="dp_3">3.04dp</dimen>
<dimen name="dp_4">4.05dp</dimen>
<dimen name="dp_5">5.07dp</dimen>
<dimen name="dp_6">6.08dp</dimen>
<dimen name="dp_7">7.09dp</dimen>
<dimen name="dp_8">8.11dp</dimen>
<dimen name="dp_9">9.12dp</dimen>
<dimen name="dp_10">10.13dp</dimen>
<dimen name="dp_11">11.15dp</dimen>
<dimen name="dp_12">12.16dp</dimen>
<dimen name="dp_13">13.17dp</dimen>
<dimen name="dp_14">14.19dp</dimen>
<dimen name="dp_15">15.20dp</dimen>
<dimen name="dp_16">16.21dp</dimen>
<dimen name="dp_17">17.23dp</dimen>
<dimen name="dp_18">18.24dp</dimen>
<dimen name="dp_19">19.25dp</dimen>
<dimen name="dp_20">20.27dp</dimen>
<dimen name="dp_21">21.28dp</dimen>
<dimen name="dp_22">22.29dp</dimen>
<dimen name="dp_23">23.31dp</dimen>
<dimen name="dp_24">24.32dp</dimen>
<dimen name="dp_25">25.33dp</dimen>
<dimen name="dp_26">26.35dp</dimen>
<dimen name="dp_27">27.36dp</dimen>
<dimen name="dp_28">28.37dp</dimen>
<dimen name="dp_29">29.39dp</dimen>
<dimen name="dp_30">30.40dp</dimen>
<dimen name="dp_31">31.41dp</dimen>
<dimen name="dp_32">32.43dp</dimen>
<dimen name="dp_33">33.44dp</dimen>
<dimen name="dp_34">34.45dp</dimen>
<dimen name="dp_35">35.47dp</dimen>
<dimen name="dp_36">36.48dp</dimen>
<dimen name="dp_37">37.49dp</dimen>
<dimen name="dp_38">38.51dp</dimen>
<dimen name="dp_39">39.52dp</dimen>
<dimen name="dp_40">40.53dp</dimen>
<dimen name="dp_41">41.55dp</dimen>
<dimen name="dp_42">42.56dp</dimen>
<dimen name="dp_43">43.57dp</dimen>
<dimen name="dp_44">44.59dp</dimen>
<dimen name="dp_45">45.60dp</dimen>
<dimen name="dp_46">46.61dp</dimen>
<dimen name="dp_47">47.63dp</dimen>
<dimen name="dp_48">48.64dp</dimen>
<dimen name="dp_49">49.65dp</dimen>
<dimen name="dp_50">50.67dp</dimen>
<dimen name="dp_51">51.68dp</dimen>
<dimen name="dp_52">52.69dp</dimen>
<dimen name="dp_53">53.71dp</dimen>
<dimen name="dp_54">54.72dp</dimen>
<dimen name="dp_55">55.73dp</dimen>
<dimen name="dp_56">56.75dp</dimen>
<dimen name="dp_57">57.76dp</dimen>
<dimen name="dp_58">58.77dp</dimen>
<dimen name="dp_59">59.79dp</dimen>
<dimen name="dp_60">60.80dp</dimen>
<dimen name="dp_61">61.81dp</dimen>
<dimen name="dp_62">62.83dp</dimen>
<dimen name="dp_63">63.84dp</dimen>
<dimen name="dp_64">64.85dp</dimen>
<dimen name="dp_65">65.87dp</dimen>
<dimen name="dp_66">66.88dp</dimen>
<dimen name="dp_67">67.89dp</dimen>
<dimen name="dp_68">68.91dp</dimen>
<dimen name="dp_69">69.92dp</dimen>
<dimen name="dp_70">70.93dp</dimen>
<dimen name="dp_71">71.95dp</dimen>
<dimen name="dp_72">72.96dp</dimen>
<dimen name="dp_73">73.97dp</dimen>
<dimen name="dp_74">74.99dp</dimen>
<dimen name="dp_75">76.00dp</dimen>
<dimen name="dp_76">77.01dp</dimen>
<dimen name="dp_77">78.03dp</dimen>
<dimen name="dp_78">79.04dp</dimen>
<dimen name="dp_79">80.05dp</dimen>
<dimen name="dp_80">81.07dp</dimen>
<dimen name="dp_81">82.08dp</dimen>
<dimen name="dp_82">83.09dp</dimen>
<dimen name="dp_83">84.11dp</dimen>
<dimen name="dp_84">85.12dp</dimen>
<dimen name="dp_85">86.13dp</dimen>
<dimen name="dp_86">87.15dp</dimen>
<dimen name="dp_87">88.16dp</dimen>
<dimen name="dp_88">89.17dp</dimen>
<dimen name="dp_89">90.19dp</dimen>
<dimen name="dp_90">91.20dp</dimen>
<dimen name="dp_91">92.21dp</dimen>
<dimen name="dp_92">93.23dp</dimen>
<dimen name="dp_93">94.24dp</dimen>
<dimen name="dp_94">95.25dp</dimen>
<dimen name="dp_95">96.27dp</dimen>
<dimen name="dp_96">97.28dp</dimen>
<dimen name="dp_97">98.29dp</dimen>
<dimen name="dp_98">99.31dp</dimen>
<dimen name="dp_99">100.32dp</dimen>
<dimen name="dp_100">101.33dp</dimen>
<dimen name="dp_101">102.35dp</dimen>
<dimen name="dp_102">103.36dp</dimen>
<dimen name="dp_103">104.37dp</dimen>
<dimen name="dp_104">105.39dp</dimen>
<dimen name="dp_105">106.40dp</dimen>
<dimen name="dp_106">107.41dp</dimen>
<dimen name="dp_107">108.43dp</dimen>
<dimen name="dp_108">109.44dp</dimen>
<dimen name="dp_109">110.45dp</dimen>
<dimen name="dp_110">111.47dp</dimen>
<dimen name="dp_111">112.48dp</dimen>
<dimen name="dp_112">113.49dp</dimen>
<dimen name="dp_113">114.51dp</dimen>
<dimen name="dp_114">115.52dp</dimen>
<dimen name="dp_115">116.53dp</dimen>
<dimen name="dp_116">117.55dp</dimen>
<dimen name="dp_117">118.56dp</dimen>
<dimen name="dp_118">119.57dp</dimen>
<dimen name="dp_119">120.59dp</dimen>
<dimen name="dp_120">121.60dp</dimen>
<dimen name="dp_121">122.61dp</dimen>
<dimen name="dp_122">123.63dp</dimen>
<dimen name="dp_123">124.64dp</dimen>
<dimen name="dp_124">125.65dp</dimen>
<dimen name="dp_125">126.67dp</dimen>
<dimen name="dp_126">127.68dp</dimen>
<dimen name="dp_127">128.69dp</dimen>
<dimen name="dp_128">129.71dp</dimen>
<dimen name="dp_129">130.72dp</dimen>
<dimen name="dp_130">131.73dp</dimen>
<dimen name="dp_131">132.75dp</dimen>
<dimen name="dp_132">133.76dp</dimen>
<dimen name="dp_133">134.77dp</dimen>
<dimen name="dp_134">135.79dp</dimen>
<dimen name="dp_135">136.80dp</dimen>
<dimen name="dp_136">137.81dp</dimen>
<dimen name="dp_137">138.83dp</dimen>
<dimen name="dp_138">139.84dp</dimen>
<dimen name="dp_139">140.85dp</dimen>
<dimen name="dp_140">141.87dp</dimen>
<dimen name="dp_141">142.88dp</dimen>
<dimen name="dp_142">143.89dp</dimen>
<dimen name="dp_143">144.91dp</dimen>
<dimen name="dp_144">145.92dp</dimen>
<dimen name="dp_145">146.93dp</dimen>
<dimen name="dp_146">147.95dp</dimen>
<dimen name="dp_147">148.96dp</dimen>
<dimen name="dp_148">149.97dp</dimen>
<dimen name="dp_149">150.99dp</dimen>
<dimen name="dp_150">152.00dp</dimen>
<dimen name="dp_151">153.01dp</dimen>
<dimen name="dp_152">154.03dp</dimen>
<dimen name="dp_153">155.04dp</dimen>
<dimen name="dp_154">156.05dp</dimen>
<dimen name="dp_155">157.07dp</dimen>
<dimen name="dp_156">158.08dp</dimen>
<dimen name="dp_157">159.09dp</dimen>
<dimen name="dp_158">160.11dp</dimen>
<dimen name="dp_159">161.12dp</dimen>
<dimen name="dp_160">162.13dp</dimen>
<dimen name="dp_161">163.15dp</dimen>
<dimen name="dp_162">164.16dp</dimen>
<dimen name="dp_163">165.17dp</dimen>
<dimen name="dp_164">166.19dp</dimen>
<dimen name="dp_165">167.20dp</dimen>
<dimen name="dp_166">168.21dp</dimen>
<dimen name="dp_167">169.23dp</dimen>
<dimen name="dp_168">170.24dp</dimen>
<dimen name="dp_169">171.25dp</dimen>
<dimen name="dp_170">172.27dp</dimen>
<dimen name="dp_171">173.28dp</dimen>
<dimen name="dp_172">174.29dp</dimen>
<dimen name="dp_173">175.31dp</dimen>
<dimen name="dp_174">176.32dp</dimen>
<dimen name="dp_175">177.33dp</dimen>
<dimen name="dp_176">178.35dp</dimen>
<dimen name="dp_177">179.36dp</dimen>
<dimen name="dp_178">180.37dp</dimen>
<dimen name="dp_179">181.39dp</dimen>
<dimen name="dp_180">182.40dp</dimen>
<dimen name="dp_181">183.41dp</dimen>
<dimen name="dp_182">184.43dp</dimen>
<dimen name="dp_183">185.44dp</dimen>
<dimen name="dp_184">186.45dp</dimen>
<dimen name="dp_185">187.47dp</dimen>
<dimen name="dp_186">188.48dp</dimen>
<dimen name="dp_187">189.49dp</dimen>
<dimen name="dp_188">190.51dp</dimen>
<dimen name="dp_189">191.52dp</dimen>
<dimen name="dp_190">192.53dp</dimen>
<dimen name="dp_191">193.55dp</dimen>
<dimen name="dp_192">194.56dp</dimen>
<dimen name="dp_193">195.57dp</dimen>
<dimen name="dp_194">196.59dp</dimen>
<dimen name="dp_195">197.60dp</dimen>
<dimen name="dp_196">198.61dp</dimen>
<dimen name="dp_197">199.63dp</dimen>
<dimen name="dp_198">200.64dp</dimen>
<dimen name="dp_199">201.65dp</dimen>
<dimen name="dp_200">202.67dp</dimen>
<dimen name="dp_201">203.68dp</dimen>
<dimen name="dp_202">204.69dp</dimen>
<dimen name="dp_203">205.71dp</dimen>
<dimen name="dp_204">206.72dp</dimen>
<dimen name="dp_205">207.73dp</dimen>
<dimen name="dp_206">208.75dp</dimen>
<dimen name="dp_207">209.76dp</dimen>
<dimen name="dp_208">210.77dp</dimen>
<dimen name="dp_209">211.79dp</dimen>
<dimen name="dp_210">212.80dp</dimen>
<dimen name="dp_211">213.81dp</dimen>
<dimen name="dp_212">214.83dp</dimen>
<dimen name="dp_213">215.84dp</dimen>
<dimen name="dp_214">216.85dp</dimen>
<dimen name="dp_215">217.87dp</dimen>
<dimen name="dp_216">218.88dp</dimen>
<dimen name="dp_217">219.89dp</dimen>
<dimen name="dp_218">220.91dp</dimen>
<dimen name="dp_219">221.92dp</dimen>
<dimen name="dp_220">222.93dp</dimen>
<dimen name="dp_221">223.95dp</dimen>
<dimen name="dp_222">224.96dp</dimen>
<dimen name="dp_223">225.97dp</dimen>
<dimen name="dp_224">226.99dp</dimen>
<dimen name="dp_225">228.00dp</dimen>
<dimen name="dp_226">229.01dp</dimen>
<dimen name="dp_227">230.03dp</dimen>
<dimen name="dp_228">231.04dp</dimen>
<dimen name="dp_229">232.05dp</dimen>
<dimen name="dp_230">233.07dp</dimen>
<dimen name="dp_231">234.08dp</dimen>
<dimen name="dp_232">235.09dp</dimen>
<dimen name="dp_233">236.11dp</dimen>
<dimen name="dp_234">237.12dp</dimen>
<dimen name="dp_235">238.13dp</dimen>
<dimen name="dp_236">239.15dp</dimen>
<dimen name="dp_237">240.16dp</dimen>
<dimen name="dp_238">241.17dp</dimen>
<dimen name="dp_239">242.19dp</dimen>
<dimen name="dp_240">243.20dp</dimen>
<dimen name="dp_241">244.21dp</dimen>
<dimen name="dp_242">245.23dp</dimen>
<dimen name="dp_243">246.24dp</dimen>
<dimen name="dp_244">247.25dp</dimen>
<dimen name="dp_245">248.27dp</dimen>
<dimen name="dp_246">249.28dp</dimen>
<dimen name="dp_247">250.29dp</dimen>
<dimen name="dp_248">251.31dp</dimen>
<dimen name="dp_249">252.32dp</dimen>
<dimen name="dp_250">253.33dp</dimen>
<dimen name="dp_251">254.35dp</dimen>
<dimen name="dp_252">255.36dp</dimen>
<dimen name="dp_253">256.37dp</dimen>
<dimen name="dp_254">257.39dp</dimen>
<dimen name="dp_255">258.40dp</dimen>
<dimen name="dp_256">259.41dp</dimen>
<dimen name="dp_257">260.43dp</dimen>
<dimen name="dp_258">261.44dp</dimen>
<dimen name="dp_259">262.45dp</dimen>
<dimen name="dp_260">263.47dp</dimen>
<dimen name="dp_261">264.48dp</dimen>
<dimen name="dp_262">265.49dp</dimen>
<dimen name="dp_263">266.51dp</dimen>
<dimen name="dp_264">267.52dp</dimen>
<dimen name="dp_265">268.53dp</dimen>
<dimen name="dp_266">269.55dp</dimen>
<dimen name="dp_267">270.56dp</dimen>
<dimen name="dp_268">271.57dp</dimen>
<dimen name="dp_269">272.59dp</dimen>
<dimen name="dp_270">273.60dp</dimen>
<dimen name="dp_271">274.61dp</dimen>
<dimen name="dp_272">275.63dp</dimen>
<dimen name="dp_273">276.64dp</dimen>
<dimen name="dp_274">277.65dp</dimen>
<dimen name="dp_275">278.67dp</dimen>
<dimen name="dp_276">279.68dp</dimen>
<dimen name="dp_277">280.69dp</dimen>
<dimen name="dp_278">281.71dp</dimen>
<dimen name="dp_279">282.72dp</dimen>
<dimen name="dp_280">283.73dp</dimen>
<dimen name="dp_281">284.75dp</dimen>
<dimen name="dp_282">285.76dp</dimen>
<dimen name="dp_283">286.77dp</dimen>
<dimen name="dp_284">287.79dp</dimen>
<dimen name="dp_285">288.80dp</dimen>
<dimen name="dp_286">289.81dp</dimen>
<dimen name="dp_287">290.83dp</dimen>
<dimen name="dp_288">291.84dp</dimen>
<dimen name="dp_289">292.85dp</dimen>
<dimen name="dp_290">293.87dp</dimen>
<dimen name="dp_291">294.88dp</dimen>
<dimen name="dp_292">295.89dp</dimen>
<dimen name="dp_293">296.91dp</dimen>
<dimen name="dp_294">297.92dp</dimen>
<dimen name="dp_295">298.93dp</dimen>
<dimen name="dp_296">299.95dp</dimen>
<dimen name="dp_297">300.96dp</dimen>
<dimen name="dp_298">301.97dp</dimen>
<dimen name="dp_299">302.99dp</dimen>
<dimen name="dp_300">304.00dp</dimen>
<dimen name="dp_301">305.01dp</dimen>
<dimen name="dp_302">306.03dp</dimen>
<dimen name="dp_303">307.04dp</dimen>
<dimen name="dp_304">308.05dp</dimen>
<dimen name="dp_305">309.07dp</dimen>
<dimen name="dp_306">310.08dp</dimen>
<dimen name="dp_307">311.09dp</dimen>
<dimen name="dp_308">312.11dp</dimen>
<dimen name="dp_309">313.12dp</dimen>
<dimen name="dp_310">314.13dp</dimen>
<dimen name="dp_311">315.15dp</dimen>
<dimen name="dp_312">316.16dp</dimen>
<dimen name="dp_313">317.17dp</dimen>
<dimen name="dp_314">318.19dp</dimen>
<dimen name="dp_315">319.20dp</dimen>
<dimen name="dp_316">320.21dp</dimen>
<dimen name="dp_317">321.23dp</dimen>
<dimen name="dp_318">322.24dp</dimen>
<dimen name="dp_319">323.25dp</dimen>
<dimen name="dp_320">324.27dp</dimen>
<dimen name="dp_321">325.28dp</dimen>
<dimen name="dp_322">326.29dp</dimen>
<dimen name="dp_323">327.31dp</dimen>
<dimen name="dp_324">328.32dp</dimen>
<dimen name="dp_325">329.33dp</dimen>
<dimen name="dp_326">330.35dp</dimen>
<dimen name="dp_327">331.36dp</dimen>
<dimen name="dp_328">332.37dp</dimen>
<dimen name="dp_329">333.39dp</dimen>
<dimen name="dp_330">334.40dp</dimen>
<dimen name="dp_331">335.41dp</dimen>
<dimen name="dp_332">336.43dp</dimen>
<dimen name="dp_333">337.44dp</dimen>
<dimen name="dp_334">338.45dp</dimen>
<dimen name="dp_335">339.47dp</dimen>
<dimen name="dp_336">340.48dp</dimen>
<dimen name="dp_337">341.49dp</dimen>
<dimen name="dp_338">342.51dp</dimen>
<dimen name="dp_339">343.52dp</dimen>
<dimen name="dp_340">344.53dp</dimen>
<dimen name="dp_341">345.55dp</dimen>
<dimen name="dp_342">346.56dp</dimen>
<dimen name="dp_343">347.57dp</dimen>
<dimen name="dp_344">348.59dp</dimen>
<dimen name="dp_345">349.60dp</dimen>
<dimen name="dp_346">350.61dp</dimen>
<dimen name="dp_347">351.63dp</dimen>
<dimen name="dp_348">352.64dp</dimen>
<dimen name="dp_349">353.65dp</dimen>
<dimen name="dp_350">354.67dp</dimen>
<dimen name="dp_351">355.68dp</dimen>
<dimen name="dp_352">356.69dp</dimen>
<dimen name="dp_353">357.71dp</dimen>
<dimen name="dp_354">358.72dp</dimen>
<dimen name="dp_355">359.73dp</dimen>
<dimen name="dp_356">360.75dp</dimen>
<dimen name="dp_357">361.76dp</dimen>
<dimen name="dp_358">362.77dp</dimen>
<dimen name="dp_359">363.79dp</dimen>
<dimen name="dp_360">364.80dp</dimen>
<dimen name="dp_361">365.81dp</dimen>
<dimen name="dp_362">366.83dp</dimen>
<dimen name="dp_363">367.84dp</dimen>
<dimen name="dp_364">368.85dp</dimen>
<dimen name="dp_365">369.87dp</dimen>
<dimen name="dp_366">370.88dp</dimen>
<dimen name="dp_367">371.89dp</dimen>
<dimen name="dp_368">372.91dp</dimen>
<dimen name="dp_369">373.92dp</dimen>
<dimen name="dp_370">374.93dp</dimen>
<dimen name="dp_371">375.95dp</dimen>
<dimen name="dp_372">376.96dp</dimen>
<dimen name="dp_373">377.97dp</dimen>
<dimen name="dp_374">378.99dp</dimen>
<dimen name="dp_375">380.00dp</dimen>
<dimen name="dp_376">381.01dp</dimen>
<dimen name="dp_377">382.03dp</dimen>
<dimen name="dp_378">383.04dp</dimen>
<dimen name="dp_379">384.05dp</dimen>
<dimen name="dp_380">385.07dp</dimen>
<dimen name="dp_381">386.08dp</dimen>
<dimen name="dp_382">387.09dp</dimen>
<dimen name="dp_383">388.11dp</dimen>
<dimen name="dp_384">389.12dp</dimen>
<dimen name="dp_385">390.13dp</dimen>
<dimen name="dp_386">391.15dp</dimen>
<dimen name="dp_387">392.16dp</dimen>
<dimen name="dp_388">393.17dp</dimen>
<dimen name="dp_389">394.19dp</dimen>
<dimen name="dp_390">395.20dp</dimen>
<dimen name="dp_391">396.21dp</dimen>
<dimen name="dp_392">397.23dp</dimen>
<dimen name="dp_393">398.24dp</dimen>
<dimen name="dp_394">399.25dp</dimen>
<dimen name="dp_395">400.27dp</dimen>
<dimen name="dp_396">401.28dp</dimen>
<dimen name="dp_397">402.29dp</dimen>
<dimen name="dp_398">403.31dp</dimen>
<dimen name="dp_399">404.32dp</dimen>
<dimen name="dp_400">405.33dp</dimen>
<dimen name="dp_401">406.35dp</dimen>
<dimen name="dp_402">407.36dp</dimen>
<dimen name="dp_403">408.37dp</dimen>
<dimen name="dp_404">409.39dp</dimen>
<dimen name="dp_405">410.40dp</dimen>
<dimen name="dp_406">411.41dp</dimen>
<dimen name="dp_407">412.43dp</dimen>
<dimen name="dp_408">413.44dp</dimen>
<dimen name="dp_409">414.45dp</dimen>
<dimen name="dp_410">415.47dp</dimen>
<dimen name="dp_411">416.48dp</dimen>
<dimen name="dp_412">417.49dp</dimen>
<dimen name="dp_413">418.51dp</dimen>
<dimen name="dp_414">419.52dp</dimen>
<dimen name="dp_415">420.53dp</dimen>
<dimen name="dp_416">421.55dp</dimen>
<dimen name="dp_417">422.56dp</dimen>
<dimen name="dp_418">423.57dp</dimen>
<dimen name="dp_419">424.59dp</dimen>
<dimen name="dp_420">425.60dp</dimen>
<dimen name="dp_421">426.61dp</dimen>
<dimen name="dp_422">427.63dp</dimen>
<dimen name="dp_423">428.64dp</dimen>
<dimen name="dp_424">429.65dp</dimen>
<dimen name="dp_425">430.67dp</dimen>
<dimen name="dp_426">431.68dp</dimen>
<dimen name="dp_427">432.69dp</dimen>
<dimen name="dp_428">433.71dp</dimen>
<dimen name="dp_429">434.72dp</dimen>
<dimen name="dp_430">435.73dp</dimen>
<dimen name="dp_431">436.75dp</dimen>
<dimen name="dp_432">437.76dp</dimen>
<dimen name="dp_433">438.77dp</dimen>
<dimen name="dp_434">439.79dp</dimen>
<dimen name="dp_435">440.80dp</dimen>
<dimen name="dp_436">441.81dp</dimen>
<dimen name="dp_437">442.83dp</dimen>
<dimen name="dp_438">443.84dp</dimen>
<dimen name="dp_439">444.85dp</dimen>
<dimen name="dp_440">445.87dp</dimen>
<dimen name="dp_441">446.88dp</dimen>
<dimen name="dp_442">447.89dp</dimen>
<dimen name="dp_443">448.91dp</dimen>
<dimen name="dp_444">449.92dp</dimen>
<dimen name="dp_445">450.93dp</dimen>
<dimen name="dp_446">451.95dp</dimen>
<dimen name="dp_447">452.96dp</dimen>
<dimen name="dp_448">453.97dp</dimen>
<dimen name="dp_449">454.99dp</dimen>
<dimen name="dp_450">456.00dp</dimen>
<dimen name="dp_451">457.01dp</dimen>
<dimen name="dp_452">458.03dp</dimen>
<dimen name="dp_453">459.04dp</dimen>
<dimen name="dp_454">460.05dp</dimen>
<dimen name="dp_455">461.07dp</dimen>
<dimen name="dp_456">462.08dp</dimen>
<dimen name="dp_457">463.09dp</dimen>
<dimen name="dp_458">464.11dp</dimen>
<dimen name="dp_459">465.12dp</dimen>
<dimen name="dp_460">466.13dp</dimen>
<dimen name="dp_461">467.15dp</dimen>
<dimen name="dp_462">468.16dp</dimen>
<dimen name="dp_463">469.17dp</dimen>
<dimen name="dp_464">470.19dp</dimen>
<dimen name="dp_465">471.20dp</dimen>
<dimen name="dp_466">472.21dp</dimen>
<dimen name="dp_467">473.23dp</dimen>
<dimen name="dp_468">474.24dp</dimen>
<dimen name="dp_469">475.25dp</dimen>
<dimen name="dp_470">476.27dp</dimen>
<dimen name="dp_471">477.28dp</dimen>
<dimen name="dp_472">478.29dp</dimen>
<dimen name="dp_473">479.31dp</dimen>
<dimen name="dp_474">480.32dp</dimen>
<dimen name="dp_475">481.33dp</dimen>
<dimen name="dp_476">482.35dp</dimen>
<dimen name="dp_477">483.36dp</dimen>
<dimen name="dp_478">484.37dp</dimen>
<dimen name="dp_479">485.39dp</dimen>
<dimen name="dp_480">486.40dp</dimen>
<dimen name="dp_481">487.41dp</dimen>
<dimen name="dp_482">488.43dp</dimen>
<dimen name="dp_483">489.44dp</dimen>
<dimen name="dp_484">490.45dp</dimen>
<dimen name="dp_485">491.47dp</dimen>
<dimen name="dp_486">492.48dp</dimen>
<dimen name="dp_487">493.49dp</dimen>
<dimen name="dp_488">494.51dp</dimen>
<dimen name="dp_489">495.52dp</dimen>
<dimen name="dp_490">496.53dp</dimen>
<dimen name="dp_491">497.55dp</dimen>
<dimen name="dp_492">498.56dp</dimen>
<dimen name="dp_493">499.57dp</dimen>
<dimen name="dp_494">500.59dp</dimen>
<dimen name="dp_495">501.60dp</dimen>
<dimen name="dp_496">502.61dp</dimen>
<dimen name="dp_497">503.63dp</dimen>
<dimen name="dp_498">504.64dp</dimen>
<dimen name="dp_499">505.65dp</dimen>
<dimen name="dp_500">506.67dp</dimen>
<dimen name="dp_501">507.68dp</dimen>
<dimen name="dp_502">508.69dp</dimen>
<dimen name="dp_503">509.71dp</dimen>
<dimen name="dp_504">510.72dp</dimen>
<dimen name="dp_505">511.73dp</dimen>
<dimen name="dp_506">512.75dp</dimen>
<dimen name="dp_507">513.76dp</dimen>
<dimen name="dp_508">514.77dp</dimen>
<dimen name="dp_509">515.79dp</dimen>
<dimen name="dp_510">516.80dp</dimen>
<dimen name="dp_511">517.81dp</dimen>
<dimen name="dp_512">518.83dp</dimen>
<dimen name="dp_513">519.84dp</dimen>
<dimen name="dp_514">520.85dp</dimen>
<dimen name="dp_515">521.87dp</dimen>
<dimen name="dp_516">522.88dp</dimen>
<dimen name="dp_517">523.89dp</dimen>
<dimen name="dp_518">524.91dp</dimen>
<dimen name="dp_519">525.92dp</dimen>
<dimen name="dp_520">526.93dp</dimen>
<dimen name="dp_521">527.95dp</dimen>
<dimen name="dp_522">528.96dp</dimen>
<dimen name="dp_523">529.97dp</dimen>
<dimen name="dp_524">530.99dp</dimen>
<dimen name="dp_525">532.00dp</dimen>
<dimen name="dp_526">533.01dp</dimen>
<dimen name="dp_527">534.03dp</dimen>
<dimen name="dp_528">535.04dp</dimen>
<dimen name="dp_529">536.05dp</dimen>
<dimen name="dp_530">537.07dp</dimen>
<dimen name="dp_531">538.08dp</dimen>
<dimen name="dp_532">539.09dp</dimen>
<dimen name="dp_533">540.11dp</dimen>
<dimen name="dp_534">541.12dp</dimen>
<dimen name="dp_535">542.13dp</dimen>
<dimen name="dp_536">543.15dp</dimen>
<dimen name="dp_537">544.16dp</dimen>
<dimen name="dp_538">545.17dp</dimen>
<dimen name="dp_539">546.19dp</dimen>
<dimen name="dp_540">547.20dp</dimen>
<dimen name="dp_541">548.21dp</dimen>
<dimen name="dp_542">549.23dp</dimen>
<dimen name="dp_543">550.24dp</dimen>
<dimen name="dp_544">551.25dp</dimen>
<dimen name="dp_545">552.27dp</dimen>
<dimen name="dp_546">553.28dp</dimen>
<dimen name="dp_547">554.29dp</dimen>
<dimen name="dp_548">555.31dp</dimen>
<dimen name="dp_549">556.32dp</dimen>
<dimen name="dp_550">557.33dp</dimen>
<dimen name="dp_551">558.35dp</dimen>
<dimen name="dp_552">559.36dp</dimen>
<dimen name="dp_553">560.37dp</dimen>
<dimen name="dp_554">561.39dp</dimen>
<dimen name="dp_555">562.40dp</dimen>
<dimen name="dp_556">563.41dp</dimen>
<dimen name="dp_557">564.43dp</dimen>
<dimen name="dp_558">565.44dp</dimen>
<dimen name="dp_559">566.45dp</dimen>
<dimen name="dp_560">567.47dp</dimen>
<dimen name="dp_561">568.48dp</dimen>
<dimen name="dp_562">569.49dp</dimen>
<dimen name="dp_563">570.51dp</dimen>
<dimen name="dp_564">571.52dp</dimen>
<dimen name="dp_565">572.53dp</dimen>
<dimen name="dp_566">573.55dp</dimen>
<dimen name="dp_567">574.56dp</dimen>
<dimen name="dp_568">575.57dp</dimen>
<dimen name="dp_569">576.59dp</dimen>
<dimen name="dp_570">577.60dp</dimen>
<dimen name="dp_571">578.61dp</dimen>
<dimen name="dp_572">579.63dp</dimen>
<dimen name="dp_573">580.64dp</dimen>
<dimen name="dp_574">581.65dp</dimen>
<dimen name="dp_575">582.67dp</dimen>
<dimen name="dp_576">583.68dp</dimen>
<dimen name="dp_577">584.69dp</dimen>
<dimen name="dp_578">585.71dp</dimen>
<dimen name="dp_579">586.72dp</dimen>
<dimen name="dp_580">587.73dp</dimen>
<dimen name="dp_581">588.75dp</dimen>
<dimen name="dp_582">589.76dp</dimen>
<dimen name="dp_583">590.77dp</dimen>
<dimen name="dp_584">591.79dp</dimen>
<dimen name="dp_585">592.80dp</dimen>
<dimen name="dp_586">593.81dp</dimen>
<dimen name="dp_587">594.83dp</dimen>
<dimen name="dp_588">595.84dp</dimen>
<dimen name="dp_589">596.85dp</dimen>
<dimen name="dp_590">597.87dp</dimen>
<dimen name="dp_591">598.88dp</dimen>
<dimen name="dp_592">599.89dp</dimen>
<dimen name="dp_593">600.91dp</dimen>
<dimen name="dp_594">601.92dp</dimen>
<dimen name="dp_595">602.93dp</dimen>
<dimen name="dp_596">603.95dp</dimen>
<dimen name="dp_597">604.96dp</dimen>
<dimen name="dp_598">605.97dp</dimen>
<dimen name="dp_599">606.99dp</dimen>
<dimen name="dp_600">608.00dp</dimen>
<dimen name="dp_601">609.01dp</dimen>
<dimen name="dp_602">610.03dp</dimen>
<dimen name="dp_603">611.04dp</dimen>
<dimen name="dp_604">612.05dp</dimen>
<dimen name="dp_605">613.07dp</dimen>
<dimen name="dp_606">614.08dp</dimen>
<dimen name="dp_607">615.09dp</dimen>
<dimen name="dp_608">616.11dp</dimen>
<dimen name="dp_609">617.12dp</dimen>
<dimen name="dp_610">618.13dp</dimen>
<dimen name="dp_611">619.15dp</dimen>
<dimen name="dp_612">620.16dp</dimen>
<dimen name="dp_613">621.17dp</dimen>
<dimen name="dp_614">622.19dp</dimen>
<dimen name="dp_615">623.20dp</dimen>
<dimen name="dp_616">624.21dp</dimen>
<dimen name="dp_617">625.23dp</dimen>
<dimen name="dp_618">626.24dp</dimen>
<dimen name="dp_619">627.25dp</dimen>
<dimen name="dp_620">628.27dp</dimen>
<dimen name="dp_621">629.28dp</dimen>
<dimen name="dp_622">630.29dp</dimen>
<dimen name="dp_623">631.31dp</dimen>
<dimen name="dp_624">632.32dp</dimen>
<dimen name="dp_625">633.33dp</dimen>
<dimen name="dp_626">634.35dp</dimen>
<dimen name="dp_627">635.36dp</dimen>
<dimen name="dp_628">636.37dp</dimen>
<dimen name="dp_629">637.39dp</dimen>
<dimen name="dp_630">638.40dp</dimen>
<dimen name="dp_631">639.41dp</dimen>
<dimen name="dp_632">640.43dp</dimen>
<dimen name="dp_633">641.44dp</dimen>
<dimen name="dp_634">642.45dp</dimen>
<dimen name="dp_635">643.47dp</dimen>
<dimen name="dp_636">644.48dp</dimen>
<dimen name="dp_637">645.49dp</dimen>
<dimen name="dp_638">646.51dp</dimen>
<dimen name="dp_639">647.52dp</dimen>
<dimen name="dp_640">648.53dp</dimen>
<dimen name="dp_641">649.55dp</dimen>
<dimen name="dp_642">650.56dp</dimen>
<dimen name="dp_643">651.57dp</dimen>
<dimen name="dp_644">652.59dp</dimen>
<dimen name="dp_645">653.60dp</dimen>
<dimen name="dp_646">654.61dp</dimen>
<dimen name="dp_647">655.63dp</dimen>
<dimen name="dp_648">656.64dp</dimen>
<dimen name="dp_649">657.65dp</dimen>
<dimen name="dp_650">658.67dp</dimen>
<dimen name="dp_651">659.68dp</dimen>
<dimen name="dp_652">660.69dp</dimen>
<dimen name="dp_653">661.71dp</dimen>
<dimen name="dp_654">662.72dp</dimen>
<dimen name="dp_655">663.73dp</dimen>
<dimen name="dp_656">664.75dp</dimen>
<dimen name="dp_657">665.76dp</dimen>
<dimen name="dp_658">666.77dp</dimen>
<dimen name="dp_659">667.79dp</dimen>
<dimen name="dp_660">668.80dp</dimen>
<dimen name="dp_661">669.81dp</dimen>
<dimen name="dp_662">670.83dp</dimen>
<dimen name="dp_663">671.84dp</dimen>
<dimen name="dp_664">672.85dp</dimen>
<dimen name="dp_665">673.87dp</dimen>
<dimen name="dp_666">674.88dp</dimen>
<dimen name="dp_667">675.89dp</dimen>
<dimen name="dp_668">676.91dp</dimen>
<dimen name="dp_669">677.92dp</dimen>
<dimen name="dp_670">678.93dp</dimen>
<dimen name="dp_671">679.95dp</dimen>
<dimen name="dp_672">680.96dp</dimen>
<dimen name="dp_673">681.97dp</dimen>
<dimen name="dp_674">682.99dp</dimen>
<dimen name="dp_675">684.00dp</dimen>
<dimen name="dp_676">685.01dp</dimen>
<dimen name="dp_677">686.03dp</dimen>
<dimen name="dp_678">687.04dp</dimen>
<dimen name="dp_679">688.05dp</dimen>
<dimen name="dp_680">689.07dp</dimen>
<dimen name="dp_681">690.08dp</dimen>
<dimen name="dp_682">691.09dp</dimen>
<dimen name="dp_683">692.11dp</dimen>
<dimen name="dp_684">693.12dp</dimen>
<dimen name="dp_685">694.13dp</dimen>
<dimen name="dp_686">695.15dp</dimen>
<dimen name="dp_687">696.16dp</dimen>
<dimen name="dp_688">697.17dp</dimen>
<dimen name="dp_689">698.19dp</dimen>
<dimen name="dp_690">699.20dp</dimen>
<dimen name="dp_691">700.21dp</dimen>
<dimen name="dp_692">701.23dp</dimen>
<dimen name="dp_693">702.24dp</dimen>
<dimen name="dp_694">703.25dp</dimen>
<dimen name="dp_695">704.27dp</dimen>
<dimen name="dp_696">705.28dp</dimen>
<dimen name="dp_697">706.29dp</dimen>
<dimen name="dp_698">707.31dp</dimen>
<dimen name="dp_699">708.32dp</dimen>
<dimen name="dp_700">709.33dp</dimen>
<dimen name="dp_701">710.35dp</dimen>
<dimen name="dp_702">711.36dp</dimen>
<dimen name="dp_703">712.37dp</dimen>
<dimen name="dp_704">713.39dp</dimen>
<dimen name="dp_705">714.40dp</dimen>
<dimen name="dp_706">715.41dp</dimen>
<dimen name="dp_707">716.43dp</dimen>
<dimen name="dp_708">717.44dp</dimen>
<dimen name="dp_709">718.45dp</dimen>
<dimen name="dp_710">719.47dp</dimen>
<dimen name="dp_711">720.48dp</dimen>
<dimen name="dp_712">721.49dp</dimen>
<dimen name="dp_713">722.51dp</dimen>
<dimen name="dp_714">723.52dp</dimen>
<dimen name="dp_715">724.53dp</dimen>
<dimen name="dp_716">725.55dp</dimen>
<dimen name="dp_717">726.56dp</dimen>
<dimen name="dp_718">727.57dp</dimen>
<dimen name="dp_719">728.59dp</dimen>
<dimen name="dp_720">729.60dp</dimen>
</resources>
