<?xml version="1.0" encoding="utf-8"?>
<resources>
<dimen name="base_dpi">440dp</dimen>
<dimen name="dp_0">0.00dp</dimen>
<dimen name="dp_1">1.17dp</dimen>
<dimen name="dp_2">2.35dp</dimen>
<dimen name="dp_3">3.52dp</dimen>
<dimen name="dp_4">4.69dp</dimen>
<dimen name="dp_5">5.87dp</dimen>
<dimen name="dp_6">7.04dp</dimen>
<dimen name="dp_7">8.21dp</dimen>
<dimen name="dp_8">9.39dp</dimen>
<dimen name="dp_9">10.56dp</dimen>
<dimen name="dp_10">11.73dp</dimen>
<dimen name="dp_11">12.91dp</dimen>
<dimen name="dp_12">14.08dp</dimen>
<dimen name="dp_13">15.25dp</dimen>
<dimen name="dp_14">16.43dp</dimen>
<dimen name="dp_15">17.60dp</dimen>
<dimen name="dp_16">18.77dp</dimen>
<dimen name="dp_17">19.95dp</dimen>
<dimen name="dp_18">21.12dp</dimen>
<dimen name="dp_19">22.29dp</dimen>
<dimen name="dp_20">23.47dp</dimen>
<dimen name="dp_21">24.64dp</dimen>
<dimen name="dp_22">25.81dp</dimen>
<dimen name="dp_23">26.99dp</dimen>
<dimen name="dp_24">28.16dp</dimen>
<dimen name="dp_25">29.33dp</dimen>
<dimen name="dp_26">30.51dp</dimen>
<dimen name="dp_27">31.68dp</dimen>
<dimen name="dp_28">32.85dp</dimen>
<dimen name="dp_29">34.03dp</dimen>
<dimen name="dp_30">35.20dp</dimen>
<dimen name="dp_31">36.37dp</dimen>
<dimen name="dp_32">37.55dp</dimen>
<dimen name="dp_33">38.72dp</dimen>
<dimen name="dp_34">39.89dp</dimen>
<dimen name="dp_35">41.07dp</dimen>
<dimen name="dp_36">42.24dp</dimen>
<dimen name="dp_37">43.41dp</dimen>
<dimen name="dp_38">44.59dp</dimen>
<dimen name="dp_39">45.76dp</dimen>
<dimen name="dp_40">46.93dp</dimen>
<dimen name="dp_41">48.11dp</dimen>
<dimen name="dp_42">49.28dp</dimen>
<dimen name="dp_43">50.45dp</dimen>
<dimen name="dp_44">51.63dp</dimen>
<dimen name="dp_45">52.80dp</dimen>
<dimen name="dp_46">53.97dp</dimen>
<dimen name="dp_47">55.15dp</dimen>
<dimen name="dp_48">56.32dp</dimen>
<dimen name="dp_49">57.49dp</dimen>
<dimen name="dp_50">58.67dp</dimen>
<dimen name="dp_51">59.84dp</dimen>
<dimen name="dp_52">61.01dp</dimen>
<dimen name="dp_53">62.19dp</dimen>
<dimen name="dp_54">63.36dp</dimen>
<dimen name="dp_55">64.53dp</dimen>
<dimen name="dp_56">65.71dp</dimen>
<dimen name="dp_57">66.88dp</dimen>
<dimen name="dp_58">68.05dp</dimen>
<dimen name="dp_59">69.23dp</dimen>
<dimen name="dp_60">70.40dp</dimen>
<dimen name="dp_61">71.57dp</dimen>
<dimen name="dp_62">72.75dp</dimen>
<dimen name="dp_63">73.92dp</dimen>
<dimen name="dp_64">75.09dp</dimen>
<dimen name="dp_65">76.27dp</dimen>
<dimen name="dp_66">77.44dp</dimen>
<dimen name="dp_67">78.61dp</dimen>
<dimen name="dp_68">79.79dp</dimen>
<dimen name="dp_69">80.96dp</dimen>
<dimen name="dp_70">82.13dp</dimen>
<dimen name="dp_71">83.31dp</dimen>
<dimen name="dp_72">84.48dp</dimen>
<dimen name="dp_73">85.65dp</dimen>
<dimen name="dp_74">86.83dp</dimen>
<dimen name="dp_75">88.00dp</dimen>
<dimen name="dp_76">89.17dp</dimen>
<dimen name="dp_77">90.35dp</dimen>
<dimen name="dp_78">91.52dp</dimen>
<dimen name="dp_79">92.69dp</dimen>
<dimen name="dp_80">93.87dp</dimen>
<dimen name="dp_81">95.04dp</dimen>
<dimen name="dp_82">96.21dp</dimen>
<dimen name="dp_83">97.39dp</dimen>
<dimen name="dp_84">98.56dp</dimen>
<dimen name="dp_85">99.73dp</dimen>
<dimen name="dp_86">100.91dp</dimen>
<dimen name="dp_87">102.08dp</dimen>
<dimen name="dp_88">103.25dp</dimen>
<dimen name="dp_89">104.43dp</dimen>
<dimen name="dp_90">105.60dp</dimen>
<dimen name="dp_91">106.77dp</dimen>
<dimen name="dp_92">107.95dp</dimen>
<dimen name="dp_93">109.12dp</dimen>
<dimen name="dp_94">110.29dp</dimen>
<dimen name="dp_95">111.47dp</dimen>
<dimen name="dp_96">112.64dp</dimen>
<dimen name="dp_97">113.81dp</dimen>
<dimen name="dp_98">114.99dp</dimen>
<dimen name="dp_99">116.16dp</dimen>
<dimen name="dp_100">117.33dp</dimen>
<dimen name="dp_101">118.51dp</dimen>
<dimen name="dp_102">119.68dp</dimen>
<dimen name="dp_103">120.85dp</dimen>
<dimen name="dp_104">122.03dp</dimen>
<dimen name="dp_105">123.20dp</dimen>
<dimen name="dp_106">124.37dp</dimen>
<dimen name="dp_107">125.55dp</dimen>
<dimen name="dp_108">126.72dp</dimen>
<dimen name="dp_109">127.89dp</dimen>
<dimen name="dp_110">129.07dp</dimen>
<dimen name="dp_111">130.24dp</dimen>
<dimen name="dp_112">131.41dp</dimen>
<dimen name="dp_113">132.59dp</dimen>
<dimen name="dp_114">133.76dp</dimen>
<dimen name="dp_115">134.93dp</dimen>
<dimen name="dp_116">136.11dp</dimen>
<dimen name="dp_117">137.28dp</dimen>
<dimen name="dp_118">138.45dp</dimen>
<dimen name="dp_119">139.63dp</dimen>
<dimen name="dp_120">140.80dp</dimen>
<dimen name="dp_121">141.97dp</dimen>
<dimen name="dp_122">143.15dp</dimen>
<dimen name="dp_123">144.32dp</dimen>
<dimen name="dp_124">145.49dp</dimen>
<dimen name="dp_125">146.67dp</dimen>
<dimen name="dp_126">147.84dp</dimen>
<dimen name="dp_127">149.01dp</dimen>
<dimen name="dp_128">150.19dp</dimen>
<dimen name="dp_129">151.36dp</dimen>
<dimen name="dp_130">152.53dp</dimen>
<dimen name="dp_131">153.71dp</dimen>
<dimen name="dp_132">154.88dp</dimen>
<dimen name="dp_133">156.05dp</dimen>
<dimen name="dp_134">157.23dp</dimen>
<dimen name="dp_135">158.40dp</dimen>
<dimen name="dp_136">159.57dp</dimen>
<dimen name="dp_137">160.75dp</dimen>
<dimen name="dp_138">161.92dp</dimen>
<dimen name="dp_139">163.09dp</dimen>
<dimen name="dp_140">164.27dp</dimen>
<dimen name="dp_141">165.44dp</dimen>
<dimen name="dp_142">166.61dp</dimen>
<dimen name="dp_143">167.79dp</dimen>
<dimen name="dp_144">168.96dp</dimen>
<dimen name="dp_145">170.13dp</dimen>
<dimen name="dp_146">171.31dp</dimen>
<dimen name="dp_147">172.48dp</dimen>
<dimen name="dp_148">173.65dp</dimen>
<dimen name="dp_149">174.83dp</dimen>
<dimen name="dp_150">176.00dp</dimen>
<dimen name="dp_151">177.17dp</dimen>
<dimen name="dp_152">178.35dp</dimen>
<dimen name="dp_153">179.52dp</dimen>
<dimen name="dp_154">180.69dp</dimen>
<dimen name="dp_155">181.87dp</dimen>
<dimen name="dp_156">183.04dp</dimen>
<dimen name="dp_157">184.21dp</dimen>
<dimen name="dp_158">185.39dp</dimen>
<dimen name="dp_159">186.56dp</dimen>
<dimen name="dp_160">187.73dp</dimen>
<dimen name="dp_161">188.91dp</dimen>
<dimen name="dp_162">190.08dp</dimen>
<dimen name="dp_163">191.25dp</dimen>
<dimen name="dp_164">192.43dp</dimen>
<dimen name="dp_165">193.60dp</dimen>
<dimen name="dp_166">194.77dp</dimen>
<dimen name="dp_167">195.95dp</dimen>
<dimen name="dp_168">197.12dp</dimen>
<dimen name="dp_169">198.29dp</dimen>
<dimen name="dp_170">199.47dp</dimen>
<dimen name="dp_171">200.64dp</dimen>
<dimen name="dp_172">201.81dp</dimen>
<dimen name="dp_173">202.99dp</dimen>
<dimen name="dp_174">204.16dp</dimen>
<dimen name="dp_175">205.33dp</dimen>
<dimen name="dp_176">206.51dp</dimen>
<dimen name="dp_177">207.68dp</dimen>
<dimen name="dp_178">208.85dp</dimen>
<dimen name="dp_179">210.03dp</dimen>
<dimen name="dp_180">211.20dp</dimen>
<dimen name="dp_181">212.37dp</dimen>
<dimen name="dp_182">213.55dp</dimen>
<dimen name="dp_183">214.72dp</dimen>
<dimen name="dp_184">215.89dp</dimen>
<dimen name="dp_185">217.07dp</dimen>
<dimen name="dp_186">218.24dp</dimen>
<dimen name="dp_187">219.41dp</dimen>
<dimen name="dp_188">220.59dp</dimen>
<dimen name="dp_189">221.76dp</dimen>
<dimen name="dp_190">222.93dp</dimen>
<dimen name="dp_191">224.11dp</dimen>
<dimen name="dp_192">225.28dp</dimen>
<dimen name="dp_193">226.45dp</dimen>
<dimen name="dp_194">227.63dp</dimen>
<dimen name="dp_195">228.80dp</dimen>
<dimen name="dp_196">229.97dp</dimen>
<dimen name="dp_197">231.15dp</dimen>
<dimen name="dp_198">232.32dp</dimen>
<dimen name="dp_199">233.49dp</dimen>
<dimen name="dp_200">234.67dp</dimen>
<dimen name="dp_201">235.84dp</dimen>
<dimen name="dp_202">237.01dp</dimen>
<dimen name="dp_203">238.19dp</dimen>
<dimen name="dp_204">239.36dp</dimen>
<dimen name="dp_205">240.53dp</dimen>
<dimen name="dp_206">241.71dp</dimen>
<dimen name="dp_207">242.88dp</dimen>
<dimen name="dp_208">244.05dp</dimen>
<dimen name="dp_209">245.23dp</dimen>
<dimen name="dp_210">246.40dp</dimen>
<dimen name="dp_211">247.57dp</dimen>
<dimen name="dp_212">248.75dp</dimen>
<dimen name="dp_213">249.92dp</dimen>
<dimen name="dp_214">251.09dp</dimen>
<dimen name="dp_215">252.27dp</dimen>
<dimen name="dp_216">253.44dp</dimen>
<dimen name="dp_217">254.61dp</dimen>
<dimen name="dp_218">255.79dp</dimen>
<dimen name="dp_219">256.96dp</dimen>
<dimen name="dp_220">258.13dp</dimen>
<dimen name="dp_221">259.31dp</dimen>
<dimen name="dp_222">260.48dp</dimen>
<dimen name="dp_223">261.65dp</dimen>
<dimen name="dp_224">262.83dp</dimen>
<dimen name="dp_225">264.00dp</dimen>
<dimen name="dp_226">265.17dp</dimen>
<dimen name="dp_227">266.35dp</dimen>
<dimen name="dp_228">267.52dp</dimen>
<dimen name="dp_229">268.69dp</dimen>
<dimen name="dp_230">269.87dp</dimen>
<dimen name="dp_231">271.04dp</dimen>
<dimen name="dp_232">272.21dp</dimen>
<dimen name="dp_233">273.39dp</dimen>
<dimen name="dp_234">274.56dp</dimen>
<dimen name="dp_235">275.73dp</dimen>
<dimen name="dp_236">276.91dp</dimen>
<dimen name="dp_237">278.08dp</dimen>
<dimen name="dp_238">279.25dp</dimen>
<dimen name="dp_239">280.43dp</dimen>
<dimen name="dp_240">281.60dp</dimen>
<dimen name="dp_241">282.77dp</dimen>
<dimen name="dp_242">283.95dp</dimen>
<dimen name="dp_243">285.12dp</dimen>
<dimen name="dp_244">286.29dp</dimen>
<dimen name="dp_245">287.47dp</dimen>
<dimen name="dp_246">288.64dp</dimen>
<dimen name="dp_247">289.81dp</dimen>
<dimen name="dp_248">290.99dp</dimen>
<dimen name="dp_249">292.16dp</dimen>
<dimen name="dp_250">293.33dp</dimen>
<dimen name="dp_251">294.51dp</dimen>
<dimen name="dp_252">295.68dp</dimen>
<dimen name="dp_253">296.85dp</dimen>
<dimen name="dp_254">298.03dp</dimen>
<dimen name="dp_255">299.20dp</dimen>
<dimen name="dp_256">300.37dp</dimen>
<dimen name="dp_257">301.55dp</dimen>
<dimen name="dp_258">302.72dp</dimen>
<dimen name="dp_259">303.89dp</dimen>
<dimen name="dp_260">305.07dp</dimen>
<dimen name="dp_261">306.24dp</dimen>
<dimen name="dp_262">307.41dp</dimen>
<dimen name="dp_263">308.59dp</dimen>
<dimen name="dp_264">309.76dp</dimen>
<dimen name="dp_265">310.93dp</dimen>
<dimen name="dp_266">312.11dp</dimen>
<dimen name="dp_267">313.28dp</dimen>
<dimen name="dp_268">314.45dp</dimen>
<dimen name="dp_269">315.63dp</dimen>
<dimen name="dp_270">316.80dp</dimen>
<dimen name="dp_271">317.97dp</dimen>
<dimen name="dp_272">319.15dp</dimen>
<dimen name="dp_273">320.32dp</dimen>
<dimen name="dp_274">321.49dp</dimen>
<dimen name="dp_275">322.67dp</dimen>
<dimen name="dp_276">323.84dp</dimen>
<dimen name="dp_277">325.01dp</dimen>
<dimen name="dp_278">326.19dp</dimen>
<dimen name="dp_279">327.36dp</dimen>
<dimen name="dp_280">328.53dp</dimen>
<dimen name="dp_281">329.71dp</dimen>
<dimen name="dp_282">330.88dp</dimen>
<dimen name="dp_283">332.05dp</dimen>
<dimen name="dp_284">333.23dp</dimen>
<dimen name="dp_285">334.40dp</dimen>
<dimen name="dp_286">335.57dp</dimen>
<dimen name="dp_287">336.75dp</dimen>
<dimen name="dp_288">337.92dp</dimen>
<dimen name="dp_289">339.09dp</dimen>
<dimen name="dp_290">340.27dp</dimen>
<dimen name="dp_291">341.44dp</dimen>
<dimen name="dp_292">342.61dp</dimen>
<dimen name="dp_293">343.79dp</dimen>
<dimen name="dp_294">344.96dp</dimen>
<dimen name="dp_295">346.13dp</dimen>
<dimen name="dp_296">347.31dp</dimen>
<dimen name="dp_297">348.48dp</dimen>
<dimen name="dp_298">349.65dp</dimen>
<dimen name="dp_299">350.83dp</dimen>
<dimen name="dp_300">352.00dp</dimen>
<dimen name="dp_301">353.17dp</dimen>
<dimen name="dp_302">354.35dp</dimen>
<dimen name="dp_303">355.52dp</dimen>
<dimen name="dp_304">356.69dp</dimen>
<dimen name="dp_305">357.87dp</dimen>
<dimen name="dp_306">359.04dp</dimen>
<dimen name="dp_307">360.21dp</dimen>
<dimen name="dp_308">361.39dp</dimen>
<dimen name="dp_309">362.56dp</dimen>
<dimen name="dp_310">363.73dp</dimen>
<dimen name="dp_311">364.91dp</dimen>
<dimen name="dp_312">366.08dp</dimen>
<dimen name="dp_313">367.25dp</dimen>
<dimen name="dp_314">368.43dp</dimen>
<dimen name="dp_315">369.60dp</dimen>
<dimen name="dp_316">370.77dp</dimen>
<dimen name="dp_317">371.95dp</dimen>
<dimen name="dp_318">373.12dp</dimen>
<dimen name="dp_319">374.29dp</dimen>
<dimen name="dp_320">375.47dp</dimen>
<dimen name="dp_321">376.64dp</dimen>
<dimen name="dp_322">377.81dp</dimen>
<dimen name="dp_323">378.99dp</dimen>
<dimen name="dp_324">380.16dp</dimen>
<dimen name="dp_325">381.33dp</dimen>
<dimen name="dp_326">382.51dp</dimen>
<dimen name="dp_327">383.68dp</dimen>
<dimen name="dp_328">384.85dp</dimen>
<dimen name="dp_329">386.03dp</dimen>
<dimen name="dp_330">387.20dp</dimen>
<dimen name="dp_331">388.37dp</dimen>
<dimen name="dp_332">389.55dp</dimen>
<dimen name="dp_333">390.72dp</dimen>
<dimen name="dp_334">391.89dp</dimen>
<dimen name="dp_335">393.07dp</dimen>
<dimen name="dp_336">394.24dp</dimen>
<dimen name="dp_337">395.41dp</dimen>
<dimen name="dp_338">396.59dp</dimen>
<dimen name="dp_339">397.76dp</dimen>
<dimen name="dp_340">398.93dp</dimen>
<dimen name="dp_341">400.11dp</dimen>
<dimen name="dp_342">401.28dp</dimen>
<dimen name="dp_343">402.45dp</dimen>
<dimen name="dp_344">403.63dp</dimen>
<dimen name="dp_345">404.80dp</dimen>
<dimen name="dp_346">405.97dp</dimen>
<dimen name="dp_347">407.15dp</dimen>
<dimen name="dp_348">408.32dp</dimen>
<dimen name="dp_349">409.49dp</dimen>
<dimen name="dp_350">410.67dp</dimen>
<dimen name="dp_351">411.84dp</dimen>
<dimen name="dp_352">413.01dp</dimen>
<dimen name="dp_353">414.19dp</dimen>
<dimen name="dp_354">415.36dp</dimen>
<dimen name="dp_355">416.53dp</dimen>
<dimen name="dp_356">417.71dp</dimen>
<dimen name="dp_357">418.88dp</dimen>
<dimen name="dp_358">420.05dp</dimen>
<dimen name="dp_359">421.23dp</dimen>
<dimen name="dp_360">422.40dp</dimen>
<dimen name="dp_361">423.57dp</dimen>
<dimen name="dp_362">424.75dp</dimen>
<dimen name="dp_363">425.92dp</dimen>
<dimen name="dp_364">427.09dp</dimen>
<dimen name="dp_365">428.27dp</dimen>
<dimen name="dp_366">429.44dp</dimen>
<dimen name="dp_367">430.61dp</dimen>
<dimen name="dp_368">431.79dp</dimen>
<dimen name="dp_369">432.96dp</dimen>
<dimen name="dp_370">434.13dp</dimen>
<dimen name="dp_371">435.31dp</dimen>
<dimen name="dp_372">436.48dp</dimen>
<dimen name="dp_373">437.65dp</dimen>
<dimen name="dp_374">438.83dp</dimen>
<dimen name="dp_375">440.00dp</dimen>
<dimen name="dp_376">441.17dp</dimen>
<dimen name="dp_377">442.35dp</dimen>
<dimen name="dp_378">443.52dp</dimen>
<dimen name="dp_379">444.69dp</dimen>
<dimen name="dp_380">445.87dp</dimen>
<dimen name="dp_381">447.04dp</dimen>
<dimen name="dp_382">448.21dp</dimen>
<dimen name="dp_383">449.39dp</dimen>
<dimen name="dp_384">450.56dp</dimen>
<dimen name="dp_385">451.73dp</dimen>
<dimen name="dp_386">452.91dp</dimen>
<dimen name="dp_387">454.08dp</dimen>
<dimen name="dp_388">455.25dp</dimen>
<dimen name="dp_389">456.43dp</dimen>
<dimen name="dp_390">457.60dp</dimen>
<dimen name="dp_391">458.77dp</dimen>
<dimen name="dp_392">459.95dp</dimen>
<dimen name="dp_393">461.12dp</dimen>
<dimen name="dp_394">462.29dp</dimen>
<dimen name="dp_395">463.47dp</dimen>
<dimen name="dp_396">464.64dp</dimen>
<dimen name="dp_397">465.81dp</dimen>
<dimen name="dp_398">466.99dp</dimen>
<dimen name="dp_399">468.16dp</dimen>
<dimen name="dp_400">469.33dp</dimen>
<dimen name="dp_401">470.51dp</dimen>
<dimen name="dp_402">471.68dp</dimen>
<dimen name="dp_403">472.85dp</dimen>
<dimen name="dp_404">474.03dp</dimen>
<dimen name="dp_405">475.20dp</dimen>
<dimen name="dp_406">476.37dp</dimen>
<dimen name="dp_407">477.55dp</dimen>
<dimen name="dp_408">478.72dp</dimen>
<dimen name="dp_409">479.89dp</dimen>
<dimen name="dp_410">481.07dp</dimen>
<dimen name="dp_411">482.24dp</dimen>
<dimen name="dp_412">483.41dp</dimen>
<dimen name="dp_413">484.59dp</dimen>
<dimen name="dp_414">485.76dp</dimen>
<dimen name="dp_415">486.93dp</dimen>
<dimen name="dp_416">488.11dp</dimen>
<dimen name="dp_417">489.28dp</dimen>
<dimen name="dp_418">490.45dp</dimen>
<dimen name="dp_419">491.63dp</dimen>
<dimen name="dp_420">492.80dp</dimen>
<dimen name="dp_421">493.97dp</dimen>
<dimen name="dp_422">495.15dp</dimen>
<dimen name="dp_423">496.32dp</dimen>
<dimen name="dp_424">497.49dp</dimen>
<dimen name="dp_425">498.67dp</dimen>
<dimen name="dp_426">499.84dp</dimen>
<dimen name="dp_427">501.01dp</dimen>
<dimen name="dp_428">502.19dp</dimen>
<dimen name="dp_429">503.36dp</dimen>
<dimen name="dp_430">504.53dp</dimen>
<dimen name="dp_431">505.71dp</dimen>
<dimen name="dp_432">506.88dp</dimen>
<dimen name="dp_433">508.05dp</dimen>
<dimen name="dp_434">509.23dp</dimen>
<dimen name="dp_435">510.40dp</dimen>
<dimen name="dp_436">511.57dp</dimen>
<dimen name="dp_437">512.75dp</dimen>
<dimen name="dp_438">513.92dp</dimen>
<dimen name="dp_439">515.09dp</dimen>
<dimen name="dp_440">516.27dp</dimen>
<dimen name="dp_441">517.44dp</dimen>
<dimen name="dp_442">518.61dp</dimen>
<dimen name="dp_443">519.79dp</dimen>
<dimen name="dp_444">520.96dp</dimen>
<dimen name="dp_445">522.13dp</dimen>
<dimen name="dp_446">523.31dp</dimen>
<dimen name="dp_447">524.48dp</dimen>
<dimen name="dp_448">525.65dp</dimen>
<dimen name="dp_449">526.83dp</dimen>
<dimen name="dp_450">528.00dp</dimen>
<dimen name="dp_451">529.17dp</dimen>
<dimen name="dp_452">530.35dp</dimen>
<dimen name="dp_453">531.52dp</dimen>
<dimen name="dp_454">532.69dp</dimen>
<dimen name="dp_455">533.87dp</dimen>
<dimen name="dp_456">535.04dp</dimen>
<dimen name="dp_457">536.21dp</dimen>
<dimen name="dp_458">537.39dp</dimen>
<dimen name="dp_459">538.56dp</dimen>
<dimen name="dp_460">539.73dp</dimen>
<dimen name="dp_461">540.91dp</dimen>
<dimen name="dp_462">542.08dp</dimen>
<dimen name="dp_463">543.25dp</dimen>
<dimen name="dp_464">544.43dp</dimen>
<dimen name="dp_465">545.60dp</dimen>
<dimen name="dp_466">546.77dp</dimen>
<dimen name="dp_467">547.95dp</dimen>
<dimen name="dp_468">549.12dp</dimen>
<dimen name="dp_469">550.29dp</dimen>
<dimen name="dp_470">551.47dp</dimen>
<dimen name="dp_471">552.64dp</dimen>
<dimen name="dp_472">553.81dp</dimen>
<dimen name="dp_473">554.99dp</dimen>
<dimen name="dp_474">556.16dp</dimen>
<dimen name="dp_475">557.33dp</dimen>
<dimen name="dp_476">558.51dp</dimen>
<dimen name="dp_477">559.68dp</dimen>
<dimen name="dp_478">560.85dp</dimen>
<dimen name="dp_479">562.03dp</dimen>
<dimen name="dp_480">563.20dp</dimen>
<dimen name="dp_481">564.37dp</dimen>
<dimen name="dp_482">565.55dp</dimen>
<dimen name="dp_483">566.72dp</dimen>
<dimen name="dp_484">567.89dp</dimen>
<dimen name="dp_485">569.07dp</dimen>
<dimen name="dp_486">570.24dp</dimen>
<dimen name="dp_487">571.41dp</dimen>
<dimen name="dp_488">572.59dp</dimen>
<dimen name="dp_489">573.76dp</dimen>
<dimen name="dp_490">574.93dp</dimen>
<dimen name="dp_491">576.11dp</dimen>
<dimen name="dp_492">577.28dp</dimen>
<dimen name="dp_493">578.45dp</dimen>
<dimen name="dp_494">579.63dp</dimen>
<dimen name="dp_495">580.80dp</dimen>
<dimen name="dp_496">581.97dp</dimen>
<dimen name="dp_497">583.15dp</dimen>
<dimen name="dp_498">584.32dp</dimen>
<dimen name="dp_499">585.49dp</dimen>
<dimen name="dp_500">586.67dp</dimen>
<dimen name="dp_501">587.84dp</dimen>
<dimen name="dp_502">589.01dp</dimen>
<dimen name="dp_503">590.19dp</dimen>
<dimen name="dp_504">591.36dp</dimen>
<dimen name="dp_505">592.53dp</dimen>
<dimen name="dp_506">593.71dp</dimen>
<dimen name="dp_507">594.88dp</dimen>
<dimen name="dp_508">596.05dp</dimen>
<dimen name="dp_509">597.23dp</dimen>
<dimen name="dp_510">598.40dp</dimen>
<dimen name="dp_511">599.57dp</dimen>
<dimen name="dp_512">600.75dp</dimen>
<dimen name="dp_513">601.92dp</dimen>
<dimen name="dp_514">603.09dp</dimen>
<dimen name="dp_515">604.27dp</dimen>
<dimen name="dp_516">605.44dp</dimen>
<dimen name="dp_517">606.61dp</dimen>
<dimen name="dp_518">607.79dp</dimen>
<dimen name="dp_519">608.96dp</dimen>
<dimen name="dp_520">610.13dp</dimen>
<dimen name="dp_521">611.31dp</dimen>
<dimen name="dp_522">612.48dp</dimen>
<dimen name="dp_523">613.65dp</dimen>
<dimen name="dp_524">614.83dp</dimen>
<dimen name="dp_525">616.00dp</dimen>
<dimen name="dp_526">617.17dp</dimen>
<dimen name="dp_527">618.35dp</dimen>
<dimen name="dp_528">619.52dp</dimen>
<dimen name="dp_529">620.69dp</dimen>
<dimen name="dp_530">621.87dp</dimen>
<dimen name="dp_531">623.04dp</dimen>
<dimen name="dp_532">624.21dp</dimen>
<dimen name="dp_533">625.39dp</dimen>
<dimen name="dp_534">626.56dp</dimen>
<dimen name="dp_535">627.73dp</dimen>
<dimen name="dp_536">628.91dp</dimen>
<dimen name="dp_537">630.08dp</dimen>
<dimen name="dp_538">631.25dp</dimen>
<dimen name="dp_539">632.43dp</dimen>
<dimen name="dp_540">633.60dp</dimen>
<dimen name="dp_541">634.77dp</dimen>
<dimen name="dp_542">635.95dp</dimen>
<dimen name="dp_543">637.12dp</dimen>
<dimen name="dp_544">638.29dp</dimen>
<dimen name="dp_545">639.47dp</dimen>
<dimen name="dp_546">640.64dp</dimen>
<dimen name="dp_547">641.81dp</dimen>
<dimen name="dp_548">642.99dp</dimen>
<dimen name="dp_549">644.16dp</dimen>
<dimen name="dp_550">645.33dp</dimen>
<dimen name="dp_551">646.51dp</dimen>
<dimen name="dp_552">647.68dp</dimen>
<dimen name="dp_553">648.85dp</dimen>
<dimen name="dp_554">650.03dp</dimen>
<dimen name="dp_555">651.20dp</dimen>
<dimen name="dp_556">652.37dp</dimen>
<dimen name="dp_557">653.55dp</dimen>
<dimen name="dp_558">654.72dp</dimen>
<dimen name="dp_559">655.89dp</dimen>
<dimen name="dp_560">657.07dp</dimen>
<dimen name="dp_561">658.24dp</dimen>
<dimen name="dp_562">659.41dp</dimen>
<dimen name="dp_563">660.59dp</dimen>
<dimen name="dp_564">661.76dp</dimen>
<dimen name="dp_565">662.93dp</dimen>
<dimen name="dp_566">664.11dp</dimen>
<dimen name="dp_567">665.28dp</dimen>
<dimen name="dp_568">666.45dp</dimen>
<dimen name="dp_569">667.63dp</dimen>
<dimen name="dp_570">668.80dp</dimen>
<dimen name="dp_571">669.97dp</dimen>
<dimen name="dp_572">671.15dp</dimen>
<dimen name="dp_573">672.32dp</dimen>
<dimen name="dp_574">673.49dp</dimen>
<dimen name="dp_575">674.67dp</dimen>
<dimen name="dp_576">675.84dp</dimen>
<dimen name="dp_577">677.01dp</dimen>
<dimen name="dp_578">678.19dp</dimen>
<dimen name="dp_579">679.36dp</dimen>
<dimen name="dp_580">680.53dp</dimen>
<dimen name="dp_581">681.71dp</dimen>
<dimen name="dp_582">682.88dp</dimen>
<dimen name="dp_583">684.05dp</dimen>
<dimen name="dp_584">685.23dp</dimen>
<dimen name="dp_585">686.40dp</dimen>
<dimen name="dp_586">687.57dp</dimen>
<dimen name="dp_587">688.75dp</dimen>
<dimen name="dp_588">689.92dp</dimen>
<dimen name="dp_589">691.09dp</dimen>
<dimen name="dp_590">692.27dp</dimen>
<dimen name="dp_591">693.44dp</dimen>
<dimen name="dp_592">694.61dp</dimen>
<dimen name="dp_593">695.79dp</dimen>
<dimen name="dp_594">696.96dp</dimen>
<dimen name="dp_595">698.13dp</dimen>
<dimen name="dp_596">699.31dp</dimen>
<dimen name="dp_597">700.48dp</dimen>
<dimen name="dp_598">701.65dp</dimen>
<dimen name="dp_599">702.83dp</dimen>
<dimen name="dp_600">704.00dp</dimen>
<dimen name="dp_601">705.17dp</dimen>
<dimen name="dp_602">706.35dp</dimen>
<dimen name="dp_603">707.52dp</dimen>
<dimen name="dp_604">708.69dp</dimen>
<dimen name="dp_605">709.87dp</dimen>
<dimen name="dp_606">711.04dp</dimen>
<dimen name="dp_607">712.21dp</dimen>
<dimen name="dp_608">713.39dp</dimen>
<dimen name="dp_609">714.56dp</dimen>
<dimen name="dp_610">715.73dp</dimen>
<dimen name="dp_611">716.91dp</dimen>
<dimen name="dp_612">718.08dp</dimen>
<dimen name="dp_613">719.25dp</dimen>
<dimen name="dp_614">720.43dp</dimen>
<dimen name="dp_615">721.60dp</dimen>
<dimen name="dp_616">722.77dp</dimen>
<dimen name="dp_617">723.95dp</dimen>
<dimen name="dp_618">725.12dp</dimen>
<dimen name="dp_619">726.29dp</dimen>
<dimen name="dp_620">727.47dp</dimen>
<dimen name="dp_621">728.64dp</dimen>
<dimen name="dp_622">729.81dp</dimen>
<dimen name="dp_623">730.99dp</dimen>
<dimen name="dp_624">732.16dp</dimen>
<dimen name="dp_625">733.33dp</dimen>
<dimen name="dp_626">734.51dp</dimen>
<dimen name="dp_627">735.68dp</dimen>
<dimen name="dp_628">736.85dp</dimen>
<dimen name="dp_629">738.03dp</dimen>
<dimen name="dp_630">739.20dp</dimen>
<dimen name="dp_631">740.37dp</dimen>
<dimen name="dp_632">741.55dp</dimen>
<dimen name="dp_633">742.72dp</dimen>
<dimen name="dp_634">743.89dp</dimen>
<dimen name="dp_635">745.07dp</dimen>
<dimen name="dp_636">746.24dp</dimen>
<dimen name="dp_637">747.41dp</dimen>
<dimen name="dp_638">748.59dp</dimen>
<dimen name="dp_639">749.76dp</dimen>
<dimen name="dp_640">750.93dp</dimen>
<dimen name="dp_641">752.11dp</dimen>
<dimen name="dp_642">753.28dp</dimen>
<dimen name="dp_643">754.45dp</dimen>
<dimen name="dp_644">755.63dp</dimen>
<dimen name="dp_645">756.80dp</dimen>
<dimen name="dp_646">757.97dp</dimen>
<dimen name="dp_647">759.15dp</dimen>
<dimen name="dp_648">760.32dp</dimen>
<dimen name="dp_649">761.49dp</dimen>
<dimen name="dp_650">762.67dp</dimen>
<dimen name="dp_651">763.84dp</dimen>
<dimen name="dp_652">765.01dp</dimen>
<dimen name="dp_653">766.19dp</dimen>
<dimen name="dp_654">767.36dp</dimen>
<dimen name="dp_655">768.53dp</dimen>
<dimen name="dp_656">769.71dp</dimen>
<dimen name="dp_657">770.88dp</dimen>
<dimen name="dp_658">772.05dp</dimen>
<dimen name="dp_659">773.23dp</dimen>
<dimen name="dp_660">774.40dp</dimen>
<dimen name="dp_661">775.57dp</dimen>
<dimen name="dp_662">776.75dp</dimen>
<dimen name="dp_663">777.92dp</dimen>
<dimen name="dp_664">779.09dp</dimen>
<dimen name="dp_665">780.27dp</dimen>
<dimen name="dp_666">781.44dp</dimen>
<dimen name="dp_667">782.61dp</dimen>
<dimen name="dp_668">783.79dp</dimen>
<dimen name="dp_669">784.96dp</dimen>
<dimen name="dp_670">786.13dp</dimen>
<dimen name="dp_671">787.31dp</dimen>
<dimen name="dp_672">788.48dp</dimen>
<dimen name="dp_673">789.65dp</dimen>
<dimen name="dp_674">790.83dp</dimen>
<dimen name="dp_675">792.00dp</dimen>
<dimen name="dp_676">793.17dp</dimen>
<dimen name="dp_677">794.35dp</dimen>
<dimen name="dp_678">795.52dp</dimen>
<dimen name="dp_679">796.69dp</dimen>
<dimen name="dp_680">797.87dp</dimen>
<dimen name="dp_681">799.04dp</dimen>
<dimen name="dp_682">800.21dp</dimen>
<dimen name="dp_683">801.39dp</dimen>
<dimen name="dp_684">802.56dp</dimen>
<dimen name="dp_685">803.73dp</dimen>
<dimen name="dp_686">804.91dp</dimen>
<dimen name="dp_687">806.08dp</dimen>
<dimen name="dp_688">807.25dp</dimen>
<dimen name="dp_689">808.43dp</dimen>
<dimen name="dp_690">809.60dp</dimen>
<dimen name="dp_691">810.77dp</dimen>
<dimen name="dp_692">811.95dp</dimen>
<dimen name="dp_693">813.12dp</dimen>
<dimen name="dp_694">814.29dp</dimen>
<dimen name="dp_695">815.47dp</dimen>
<dimen name="dp_696">816.64dp</dimen>
<dimen name="dp_697">817.81dp</dimen>
<dimen name="dp_698">818.99dp</dimen>
<dimen name="dp_699">820.16dp</dimen>
<dimen name="dp_700">821.33dp</dimen>
<dimen name="dp_701">822.51dp</dimen>
<dimen name="dp_702">823.68dp</dimen>
<dimen name="dp_703">824.85dp</dimen>
<dimen name="dp_704">826.03dp</dimen>
<dimen name="dp_705">827.20dp</dimen>
<dimen name="dp_706">828.37dp</dimen>
<dimen name="dp_707">829.55dp</dimen>
<dimen name="dp_708">830.72dp</dimen>
<dimen name="dp_709">831.89dp</dimen>
<dimen name="dp_710">833.07dp</dimen>
<dimen name="dp_711">834.24dp</dimen>
<dimen name="dp_712">835.41dp</dimen>
<dimen name="dp_713">836.59dp</dimen>
<dimen name="dp_714">837.76dp</dimen>
<dimen name="dp_715">838.93dp</dimen>
<dimen name="dp_716">840.11dp</dimen>
<dimen name="dp_717">841.28dp</dimen>
<dimen name="dp_718">842.45dp</dimen>
<dimen name="dp_719">843.63dp</dimen>
<dimen name="dp_720">844.80dp</dimen>
</resources>
