<?xml version="1.0" encoding="utf-8"?>
<resources>
<dimen name="base_dpi">370dp</dimen>
<dimen name="dp_0">0.00dp</dimen>
<dimen name="dp_1">0.99dp</dimen>
<dimen name="dp_2">1.97dp</dimen>
<dimen name="dp_3">2.96dp</dimen>
<dimen name="dp_4">3.95dp</dimen>
<dimen name="dp_5">4.93dp</dimen>
<dimen name="dp_6">5.92dp</dimen>
<dimen name="dp_7">6.91dp</dimen>
<dimen name="dp_8">7.89dp</dimen>
<dimen name="dp_9">8.88dp</dimen>
<dimen name="dp_10">9.87dp</dimen>
<dimen name="dp_11">10.85dp</dimen>
<dimen name="dp_12">11.84dp</dimen>
<dimen name="dp_13">12.83dp</dimen>
<dimen name="dp_14">13.81dp</dimen>
<dimen name="dp_15">14.80dp</dimen>
<dimen name="dp_16">15.79dp</dimen>
<dimen name="dp_17">16.77dp</dimen>
<dimen name="dp_18">17.76dp</dimen>
<dimen name="dp_19">18.75dp</dimen>
<dimen name="dp_20">19.73dp</dimen>
<dimen name="dp_21">20.72dp</dimen>
<dimen name="dp_22">21.71dp</dimen>
<dimen name="dp_23">22.69dp</dimen>
<dimen name="dp_24">23.68dp</dimen>
<dimen name="dp_25">24.67dp</dimen>
<dimen name="dp_26">25.65dp</dimen>
<dimen name="dp_27">26.64dp</dimen>
<dimen name="dp_28">27.63dp</dimen>
<dimen name="dp_29">28.61dp</dimen>
<dimen name="dp_30">29.60dp</dimen>
<dimen name="dp_31">30.59dp</dimen>
<dimen name="dp_32">31.57dp</dimen>
<dimen name="dp_33">32.56dp</dimen>
<dimen name="dp_34">33.55dp</dimen>
<dimen name="dp_35">34.53dp</dimen>
<dimen name="dp_36">35.52dp</dimen>
<dimen name="dp_37">36.51dp</dimen>
<dimen name="dp_38">37.49dp</dimen>
<dimen name="dp_39">38.48dp</dimen>
<dimen name="dp_40">39.47dp</dimen>
<dimen name="dp_41">40.45dp</dimen>
<dimen name="dp_42">41.44dp</dimen>
<dimen name="dp_43">42.43dp</dimen>
<dimen name="dp_44">43.41dp</dimen>
<dimen name="dp_45">44.40dp</dimen>
<dimen name="dp_46">45.39dp</dimen>
<dimen name="dp_47">46.37dp</dimen>
<dimen name="dp_48">47.36dp</dimen>
<dimen name="dp_49">48.35dp</dimen>
<dimen name="dp_50">49.33dp</dimen>
<dimen name="dp_51">50.32dp</dimen>
<dimen name="dp_52">51.31dp</dimen>
<dimen name="dp_53">52.29dp</dimen>
<dimen name="dp_54">53.28dp</dimen>
<dimen name="dp_55">54.27dp</dimen>
<dimen name="dp_56">55.25dp</dimen>
<dimen name="dp_57">56.24dp</dimen>
<dimen name="dp_58">57.23dp</dimen>
<dimen name="dp_59">58.21dp</dimen>
<dimen name="dp_60">59.20dp</dimen>
<dimen name="dp_61">60.19dp</dimen>
<dimen name="dp_62">61.17dp</dimen>
<dimen name="dp_63">62.16dp</dimen>
<dimen name="dp_64">63.15dp</dimen>
<dimen name="dp_65">64.13dp</dimen>
<dimen name="dp_66">65.12dp</dimen>
<dimen name="dp_67">66.11dp</dimen>
<dimen name="dp_68">67.09dp</dimen>
<dimen name="dp_69">68.08dp</dimen>
<dimen name="dp_70">69.07dp</dimen>
<dimen name="dp_71">70.05dp</dimen>
<dimen name="dp_72">71.04dp</dimen>
<dimen name="dp_73">72.03dp</dimen>
<dimen name="dp_74">73.01dp</dimen>
<dimen name="dp_75">74.00dp</dimen>
<dimen name="dp_76">74.99dp</dimen>
<dimen name="dp_77">75.97dp</dimen>
<dimen name="dp_78">76.96dp</dimen>
<dimen name="dp_79">77.95dp</dimen>
<dimen name="dp_80">78.93dp</dimen>
<dimen name="dp_81">79.92dp</dimen>
<dimen name="dp_82">80.91dp</dimen>
<dimen name="dp_83">81.89dp</dimen>
<dimen name="dp_84">82.88dp</dimen>
<dimen name="dp_85">83.87dp</dimen>
<dimen name="dp_86">84.85dp</dimen>
<dimen name="dp_87">85.84dp</dimen>
<dimen name="dp_88">86.83dp</dimen>
<dimen name="dp_89">87.81dp</dimen>
<dimen name="dp_90">88.80dp</dimen>
<dimen name="dp_91">89.79dp</dimen>
<dimen name="dp_92">90.77dp</dimen>
<dimen name="dp_93">91.76dp</dimen>
<dimen name="dp_94">92.75dp</dimen>
<dimen name="dp_95">93.73dp</dimen>
<dimen name="dp_96">94.72dp</dimen>
<dimen name="dp_97">95.71dp</dimen>
<dimen name="dp_98">96.69dp</dimen>
<dimen name="dp_99">97.68dp</dimen>
<dimen name="dp_100">98.67dp</dimen>
<dimen name="dp_101">99.65dp</dimen>
<dimen name="dp_102">100.64dp</dimen>
<dimen name="dp_103">101.63dp</dimen>
<dimen name="dp_104">102.61dp</dimen>
<dimen name="dp_105">103.60dp</dimen>
<dimen name="dp_106">104.59dp</dimen>
<dimen name="dp_107">105.57dp</dimen>
<dimen name="dp_108">106.56dp</dimen>
<dimen name="dp_109">107.55dp</dimen>
<dimen name="dp_110">108.53dp</dimen>
<dimen name="dp_111">109.52dp</dimen>
<dimen name="dp_112">110.51dp</dimen>
<dimen name="dp_113">111.49dp</dimen>
<dimen name="dp_114">112.48dp</dimen>
<dimen name="dp_115">113.47dp</dimen>
<dimen name="dp_116">114.45dp</dimen>
<dimen name="dp_117">115.44dp</dimen>
<dimen name="dp_118">116.43dp</dimen>
<dimen name="dp_119">117.41dp</dimen>
<dimen name="dp_120">118.40dp</dimen>
<dimen name="dp_121">119.39dp</dimen>
<dimen name="dp_122">120.37dp</dimen>
<dimen name="dp_123">121.36dp</dimen>
<dimen name="dp_124">122.35dp</dimen>
<dimen name="dp_125">123.33dp</dimen>
<dimen name="dp_126">124.32dp</dimen>
<dimen name="dp_127">125.31dp</dimen>
<dimen name="dp_128">126.29dp</dimen>
<dimen name="dp_129">127.28dp</dimen>
<dimen name="dp_130">128.27dp</dimen>
<dimen name="dp_131">129.25dp</dimen>
<dimen name="dp_132">130.24dp</dimen>
<dimen name="dp_133">131.23dp</dimen>
<dimen name="dp_134">132.21dp</dimen>
<dimen name="dp_135">133.20dp</dimen>
<dimen name="dp_136">134.19dp</dimen>
<dimen name="dp_137">135.17dp</dimen>
<dimen name="dp_138">136.16dp</dimen>
<dimen name="dp_139">137.15dp</dimen>
<dimen name="dp_140">138.13dp</dimen>
<dimen name="dp_141">139.12dp</dimen>
<dimen name="dp_142">140.11dp</dimen>
<dimen name="dp_143">141.09dp</dimen>
<dimen name="dp_144">142.08dp</dimen>
<dimen name="dp_145">143.07dp</dimen>
<dimen name="dp_146">144.05dp</dimen>
<dimen name="dp_147">145.04dp</dimen>
<dimen name="dp_148">146.03dp</dimen>
<dimen name="dp_149">147.01dp</dimen>
<dimen name="dp_150">148.00dp</dimen>
<dimen name="dp_151">148.99dp</dimen>
<dimen name="dp_152">149.97dp</dimen>
<dimen name="dp_153">150.96dp</dimen>
<dimen name="dp_154">151.95dp</dimen>
<dimen name="dp_155">152.93dp</dimen>
<dimen name="dp_156">153.92dp</dimen>
<dimen name="dp_157">154.91dp</dimen>
<dimen name="dp_158">155.89dp</dimen>
<dimen name="dp_159">156.88dp</dimen>
<dimen name="dp_160">157.87dp</dimen>
<dimen name="dp_161">158.85dp</dimen>
<dimen name="dp_162">159.84dp</dimen>
<dimen name="dp_163">160.83dp</dimen>
<dimen name="dp_164">161.81dp</dimen>
<dimen name="dp_165">162.80dp</dimen>
<dimen name="dp_166">163.79dp</dimen>
<dimen name="dp_167">164.77dp</dimen>
<dimen name="dp_168">165.76dp</dimen>
<dimen name="dp_169">166.75dp</dimen>
<dimen name="dp_170">167.73dp</dimen>
<dimen name="dp_171">168.72dp</dimen>
<dimen name="dp_172">169.71dp</dimen>
<dimen name="dp_173">170.69dp</dimen>
<dimen name="dp_174">171.68dp</dimen>
<dimen name="dp_175">172.67dp</dimen>
<dimen name="dp_176">173.65dp</dimen>
<dimen name="dp_177">174.64dp</dimen>
<dimen name="dp_178">175.63dp</dimen>
<dimen name="dp_179">176.61dp</dimen>
<dimen name="dp_180">177.60dp</dimen>
<dimen name="dp_181">178.59dp</dimen>
<dimen name="dp_182">179.57dp</dimen>
<dimen name="dp_183">180.56dp</dimen>
<dimen name="dp_184">181.55dp</dimen>
<dimen name="dp_185">182.53dp</dimen>
<dimen name="dp_186">183.52dp</dimen>
<dimen name="dp_187">184.51dp</dimen>
<dimen name="dp_188">185.49dp</dimen>
<dimen name="dp_189">186.48dp</dimen>
<dimen name="dp_190">187.47dp</dimen>
<dimen name="dp_191">188.45dp</dimen>
<dimen name="dp_192">189.44dp</dimen>
<dimen name="dp_193">190.43dp</dimen>
<dimen name="dp_194">191.41dp</dimen>
<dimen name="dp_195">192.40dp</dimen>
<dimen name="dp_196">193.39dp</dimen>
<dimen name="dp_197">194.37dp</dimen>
<dimen name="dp_198">195.36dp</dimen>
<dimen name="dp_199">196.35dp</dimen>
<dimen name="dp_200">197.33dp</dimen>
<dimen name="dp_201">198.32dp</dimen>
<dimen name="dp_202">199.31dp</dimen>
<dimen name="dp_203">200.29dp</dimen>
<dimen name="dp_204">201.28dp</dimen>
<dimen name="dp_205">202.27dp</dimen>
<dimen name="dp_206">203.25dp</dimen>
<dimen name="dp_207">204.24dp</dimen>
<dimen name="dp_208">205.23dp</dimen>
<dimen name="dp_209">206.21dp</dimen>
<dimen name="dp_210">207.20dp</dimen>
<dimen name="dp_211">208.19dp</dimen>
<dimen name="dp_212">209.17dp</dimen>
<dimen name="dp_213">210.16dp</dimen>
<dimen name="dp_214">211.15dp</dimen>
<dimen name="dp_215">212.13dp</dimen>
<dimen name="dp_216">213.12dp</dimen>
<dimen name="dp_217">214.11dp</dimen>
<dimen name="dp_218">215.09dp</dimen>
<dimen name="dp_219">216.08dp</dimen>
<dimen name="dp_220">217.07dp</dimen>
<dimen name="dp_221">218.05dp</dimen>
<dimen name="dp_222">219.04dp</dimen>
<dimen name="dp_223">220.03dp</dimen>
<dimen name="dp_224">221.01dp</dimen>
<dimen name="dp_225">222.00dp</dimen>
<dimen name="dp_226">222.99dp</dimen>
<dimen name="dp_227">223.97dp</dimen>
<dimen name="dp_228">224.96dp</dimen>
<dimen name="dp_229">225.95dp</dimen>
<dimen name="dp_230">226.93dp</dimen>
<dimen name="dp_231">227.92dp</dimen>
<dimen name="dp_232">228.91dp</dimen>
<dimen name="dp_233">229.89dp</dimen>
<dimen name="dp_234">230.88dp</dimen>
<dimen name="dp_235">231.87dp</dimen>
<dimen name="dp_236">232.85dp</dimen>
<dimen name="dp_237">233.84dp</dimen>
<dimen name="dp_238">234.83dp</dimen>
<dimen name="dp_239">235.81dp</dimen>
<dimen name="dp_240">236.80dp</dimen>
<dimen name="dp_241">237.79dp</dimen>
<dimen name="dp_242">238.77dp</dimen>
<dimen name="dp_243">239.76dp</dimen>
<dimen name="dp_244">240.75dp</dimen>
<dimen name="dp_245">241.73dp</dimen>
<dimen name="dp_246">242.72dp</dimen>
<dimen name="dp_247">243.71dp</dimen>
<dimen name="dp_248">244.69dp</dimen>
<dimen name="dp_249">245.68dp</dimen>
<dimen name="dp_250">246.67dp</dimen>
<dimen name="dp_251">247.65dp</dimen>
<dimen name="dp_252">248.64dp</dimen>
<dimen name="dp_253">249.63dp</dimen>
<dimen name="dp_254">250.61dp</dimen>
<dimen name="dp_255">251.60dp</dimen>
<dimen name="dp_256">252.59dp</dimen>
<dimen name="dp_257">253.57dp</dimen>
<dimen name="dp_258">254.56dp</dimen>
<dimen name="dp_259">255.55dp</dimen>
<dimen name="dp_260">256.53dp</dimen>
<dimen name="dp_261">257.52dp</dimen>
<dimen name="dp_262">258.51dp</dimen>
<dimen name="dp_263">259.49dp</dimen>
<dimen name="dp_264">260.48dp</dimen>
<dimen name="dp_265">261.47dp</dimen>
<dimen name="dp_266">262.45dp</dimen>
<dimen name="dp_267">263.44dp</dimen>
<dimen name="dp_268">264.43dp</dimen>
<dimen name="dp_269">265.41dp</dimen>
<dimen name="dp_270">266.40dp</dimen>
<dimen name="dp_271">267.39dp</dimen>
<dimen name="dp_272">268.37dp</dimen>
<dimen name="dp_273">269.36dp</dimen>
<dimen name="dp_274">270.35dp</dimen>
<dimen name="dp_275">271.33dp</dimen>
<dimen name="dp_276">272.32dp</dimen>
<dimen name="dp_277">273.31dp</dimen>
<dimen name="dp_278">274.29dp</dimen>
<dimen name="dp_279">275.28dp</dimen>
<dimen name="dp_280">276.27dp</dimen>
<dimen name="dp_281">277.25dp</dimen>
<dimen name="dp_282">278.24dp</dimen>
<dimen name="dp_283">279.23dp</dimen>
<dimen name="dp_284">280.21dp</dimen>
<dimen name="dp_285">281.20dp</dimen>
<dimen name="dp_286">282.19dp</dimen>
<dimen name="dp_287">283.17dp</dimen>
<dimen name="dp_288">284.16dp</dimen>
<dimen name="dp_289">285.15dp</dimen>
<dimen name="dp_290">286.13dp</dimen>
<dimen name="dp_291">287.12dp</dimen>
<dimen name="dp_292">288.11dp</dimen>
<dimen name="dp_293">289.09dp</dimen>
<dimen name="dp_294">290.08dp</dimen>
<dimen name="dp_295">291.07dp</dimen>
<dimen name="dp_296">292.05dp</dimen>
<dimen name="dp_297">293.04dp</dimen>
<dimen name="dp_298">294.03dp</dimen>
<dimen name="dp_299">295.01dp</dimen>
<dimen name="dp_300">296.00dp</dimen>
<dimen name="dp_301">296.99dp</dimen>
<dimen name="dp_302">297.97dp</dimen>
<dimen name="dp_303">298.96dp</dimen>
<dimen name="dp_304">299.95dp</dimen>
<dimen name="dp_305">300.93dp</dimen>
<dimen name="dp_306">301.92dp</dimen>
<dimen name="dp_307">302.91dp</dimen>
<dimen name="dp_308">303.89dp</dimen>
<dimen name="dp_309">304.88dp</dimen>
<dimen name="dp_310">305.87dp</dimen>
<dimen name="dp_311">306.85dp</dimen>
<dimen name="dp_312">307.84dp</dimen>
<dimen name="dp_313">308.83dp</dimen>
<dimen name="dp_314">309.81dp</dimen>
<dimen name="dp_315">310.80dp</dimen>
<dimen name="dp_316">311.79dp</dimen>
<dimen name="dp_317">312.77dp</dimen>
<dimen name="dp_318">313.76dp</dimen>
<dimen name="dp_319">314.75dp</dimen>
<dimen name="dp_320">315.73dp</dimen>
<dimen name="dp_321">316.72dp</dimen>
<dimen name="dp_322">317.71dp</dimen>
<dimen name="dp_323">318.69dp</dimen>
<dimen name="dp_324">319.68dp</dimen>
<dimen name="dp_325">320.67dp</dimen>
<dimen name="dp_326">321.65dp</dimen>
<dimen name="dp_327">322.64dp</dimen>
<dimen name="dp_328">323.63dp</dimen>
<dimen name="dp_329">324.61dp</dimen>
<dimen name="dp_330">325.60dp</dimen>
<dimen name="dp_331">326.59dp</dimen>
<dimen name="dp_332">327.57dp</dimen>
<dimen name="dp_333">328.56dp</dimen>
<dimen name="dp_334">329.55dp</dimen>
<dimen name="dp_335">330.53dp</dimen>
<dimen name="dp_336">331.52dp</dimen>
<dimen name="dp_337">332.51dp</dimen>
<dimen name="dp_338">333.49dp</dimen>
<dimen name="dp_339">334.48dp</dimen>
<dimen name="dp_340">335.47dp</dimen>
<dimen name="dp_341">336.45dp</dimen>
<dimen name="dp_342">337.44dp</dimen>
<dimen name="dp_343">338.43dp</dimen>
<dimen name="dp_344">339.41dp</dimen>
<dimen name="dp_345">340.40dp</dimen>
<dimen name="dp_346">341.39dp</dimen>
<dimen name="dp_347">342.37dp</dimen>
<dimen name="dp_348">343.36dp</dimen>
<dimen name="dp_349">344.35dp</dimen>
<dimen name="dp_350">345.33dp</dimen>
<dimen name="dp_351">346.32dp</dimen>
<dimen name="dp_352">347.31dp</dimen>
<dimen name="dp_353">348.29dp</dimen>
<dimen name="dp_354">349.28dp</dimen>
<dimen name="dp_355">350.27dp</dimen>
<dimen name="dp_356">351.25dp</dimen>
<dimen name="dp_357">352.24dp</dimen>
<dimen name="dp_358">353.23dp</dimen>
<dimen name="dp_359">354.21dp</dimen>
<dimen name="dp_360">355.20dp</dimen>
<dimen name="dp_361">356.19dp</dimen>
<dimen name="dp_362">357.17dp</dimen>
<dimen name="dp_363">358.16dp</dimen>
<dimen name="dp_364">359.15dp</dimen>
<dimen name="dp_365">360.13dp</dimen>
<dimen name="dp_366">361.12dp</dimen>
<dimen name="dp_367">362.11dp</dimen>
<dimen name="dp_368">363.09dp</dimen>
<dimen name="dp_369">364.08dp</dimen>
<dimen name="dp_370">365.07dp</dimen>
<dimen name="dp_371">366.05dp</dimen>
<dimen name="dp_372">367.04dp</dimen>
<dimen name="dp_373">368.03dp</dimen>
<dimen name="dp_374">369.01dp</dimen>
<dimen name="dp_375">370.00dp</dimen>
<dimen name="dp_376">370.99dp</dimen>
<dimen name="dp_377">371.97dp</dimen>
<dimen name="dp_378">372.96dp</dimen>
<dimen name="dp_379">373.95dp</dimen>
<dimen name="dp_380">374.93dp</dimen>
<dimen name="dp_381">375.92dp</dimen>
<dimen name="dp_382">376.91dp</dimen>
<dimen name="dp_383">377.89dp</dimen>
<dimen name="dp_384">378.88dp</dimen>
<dimen name="dp_385">379.87dp</dimen>
<dimen name="dp_386">380.85dp</dimen>
<dimen name="dp_387">381.84dp</dimen>
<dimen name="dp_388">382.83dp</dimen>
<dimen name="dp_389">383.81dp</dimen>
<dimen name="dp_390">384.80dp</dimen>
<dimen name="dp_391">385.79dp</dimen>
<dimen name="dp_392">386.77dp</dimen>
<dimen name="dp_393">387.76dp</dimen>
<dimen name="dp_394">388.75dp</dimen>
<dimen name="dp_395">389.73dp</dimen>
<dimen name="dp_396">390.72dp</dimen>
<dimen name="dp_397">391.71dp</dimen>
<dimen name="dp_398">392.69dp</dimen>
<dimen name="dp_399">393.68dp</dimen>
<dimen name="dp_400">394.67dp</dimen>
<dimen name="dp_401">395.65dp</dimen>
<dimen name="dp_402">396.64dp</dimen>
<dimen name="dp_403">397.63dp</dimen>
<dimen name="dp_404">398.61dp</dimen>
<dimen name="dp_405">399.60dp</dimen>
<dimen name="dp_406">400.59dp</dimen>
<dimen name="dp_407">401.57dp</dimen>
<dimen name="dp_408">402.56dp</dimen>
<dimen name="dp_409">403.55dp</dimen>
<dimen name="dp_410">404.53dp</dimen>
<dimen name="dp_411">405.52dp</dimen>
<dimen name="dp_412">406.51dp</dimen>
<dimen name="dp_413">407.49dp</dimen>
<dimen name="dp_414">408.48dp</dimen>
<dimen name="dp_415">409.47dp</dimen>
<dimen name="dp_416">410.45dp</dimen>
<dimen name="dp_417">411.44dp</dimen>
<dimen name="dp_418">412.43dp</dimen>
<dimen name="dp_419">413.41dp</dimen>
<dimen name="dp_420">414.40dp</dimen>
<dimen name="dp_421">415.39dp</dimen>
<dimen name="dp_422">416.37dp</dimen>
<dimen name="dp_423">417.36dp</dimen>
<dimen name="dp_424">418.35dp</dimen>
<dimen name="dp_425">419.33dp</dimen>
<dimen name="dp_426">420.32dp</dimen>
<dimen name="dp_427">421.31dp</dimen>
<dimen name="dp_428">422.29dp</dimen>
<dimen name="dp_429">423.28dp</dimen>
<dimen name="dp_430">424.27dp</dimen>
<dimen name="dp_431">425.25dp</dimen>
<dimen name="dp_432">426.24dp</dimen>
<dimen name="dp_433">427.23dp</dimen>
<dimen name="dp_434">428.21dp</dimen>
<dimen name="dp_435">429.20dp</dimen>
<dimen name="dp_436">430.19dp</dimen>
<dimen name="dp_437">431.17dp</dimen>
<dimen name="dp_438">432.16dp</dimen>
<dimen name="dp_439">433.15dp</dimen>
<dimen name="dp_440">434.13dp</dimen>
<dimen name="dp_441">435.12dp</dimen>
<dimen name="dp_442">436.11dp</dimen>
<dimen name="dp_443">437.09dp</dimen>
<dimen name="dp_444">438.08dp</dimen>
<dimen name="dp_445">439.07dp</dimen>
<dimen name="dp_446">440.05dp</dimen>
<dimen name="dp_447">441.04dp</dimen>
<dimen name="dp_448">442.03dp</dimen>
<dimen name="dp_449">443.01dp</dimen>
<dimen name="dp_450">444.00dp</dimen>
<dimen name="dp_451">444.99dp</dimen>
<dimen name="dp_452">445.97dp</dimen>
<dimen name="dp_453">446.96dp</dimen>
<dimen name="dp_454">447.95dp</dimen>
<dimen name="dp_455">448.93dp</dimen>
<dimen name="dp_456">449.92dp</dimen>
<dimen name="dp_457">450.91dp</dimen>
<dimen name="dp_458">451.89dp</dimen>
<dimen name="dp_459">452.88dp</dimen>
<dimen name="dp_460">453.87dp</dimen>
<dimen name="dp_461">454.85dp</dimen>
<dimen name="dp_462">455.84dp</dimen>
<dimen name="dp_463">456.83dp</dimen>
<dimen name="dp_464">457.81dp</dimen>
<dimen name="dp_465">458.80dp</dimen>
<dimen name="dp_466">459.79dp</dimen>
<dimen name="dp_467">460.77dp</dimen>
<dimen name="dp_468">461.76dp</dimen>
<dimen name="dp_469">462.75dp</dimen>
<dimen name="dp_470">463.73dp</dimen>
<dimen name="dp_471">464.72dp</dimen>
<dimen name="dp_472">465.71dp</dimen>
<dimen name="dp_473">466.69dp</dimen>
<dimen name="dp_474">467.68dp</dimen>
<dimen name="dp_475">468.67dp</dimen>
<dimen name="dp_476">469.65dp</dimen>
<dimen name="dp_477">470.64dp</dimen>
<dimen name="dp_478">471.63dp</dimen>
<dimen name="dp_479">472.61dp</dimen>
<dimen name="dp_480">473.60dp</dimen>
<dimen name="dp_481">474.59dp</dimen>
<dimen name="dp_482">475.57dp</dimen>
<dimen name="dp_483">476.56dp</dimen>
<dimen name="dp_484">477.55dp</dimen>
<dimen name="dp_485">478.53dp</dimen>
<dimen name="dp_486">479.52dp</dimen>
<dimen name="dp_487">480.51dp</dimen>
<dimen name="dp_488">481.49dp</dimen>
<dimen name="dp_489">482.48dp</dimen>
<dimen name="dp_490">483.47dp</dimen>
<dimen name="dp_491">484.45dp</dimen>
<dimen name="dp_492">485.44dp</dimen>
<dimen name="dp_493">486.43dp</dimen>
<dimen name="dp_494">487.41dp</dimen>
<dimen name="dp_495">488.40dp</dimen>
<dimen name="dp_496">489.39dp</dimen>
<dimen name="dp_497">490.37dp</dimen>
<dimen name="dp_498">491.36dp</dimen>
<dimen name="dp_499">492.35dp</dimen>
<dimen name="dp_500">493.33dp</dimen>
<dimen name="dp_501">494.32dp</dimen>
<dimen name="dp_502">495.31dp</dimen>
<dimen name="dp_503">496.29dp</dimen>
<dimen name="dp_504">497.28dp</dimen>
<dimen name="dp_505">498.27dp</dimen>
<dimen name="dp_506">499.25dp</dimen>
<dimen name="dp_507">500.24dp</dimen>
<dimen name="dp_508">501.23dp</dimen>
<dimen name="dp_509">502.21dp</dimen>
<dimen name="dp_510">503.20dp</dimen>
<dimen name="dp_511">504.19dp</dimen>
<dimen name="dp_512">505.17dp</dimen>
<dimen name="dp_513">506.16dp</dimen>
<dimen name="dp_514">507.15dp</dimen>
<dimen name="dp_515">508.13dp</dimen>
<dimen name="dp_516">509.12dp</dimen>
<dimen name="dp_517">510.11dp</dimen>
<dimen name="dp_518">511.09dp</dimen>
<dimen name="dp_519">512.08dp</dimen>
<dimen name="dp_520">513.07dp</dimen>
<dimen name="dp_521">514.05dp</dimen>
<dimen name="dp_522">515.04dp</dimen>
<dimen name="dp_523">516.03dp</dimen>
<dimen name="dp_524">517.01dp</dimen>
<dimen name="dp_525">518.00dp</dimen>
<dimen name="dp_526">518.99dp</dimen>
<dimen name="dp_527">519.97dp</dimen>
<dimen name="dp_528">520.96dp</dimen>
<dimen name="dp_529">521.95dp</dimen>
<dimen name="dp_530">522.93dp</dimen>
<dimen name="dp_531">523.92dp</dimen>
<dimen name="dp_532">524.91dp</dimen>
<dimen name="dp_533">525.89dp</dimen>
<dimen name="dp_534">526.88dp</dimen>
<dimen name="dp_535">527.87dp</dimen>
<dimen name="dp_536">528.85dp</dimen>
<dimen name="dp_537">529.84dp</dimen>
<dimen name="dp_538">530.83dp</dimen>
<dimen name="dp_539">531.81dp</dimen>
<dimen name="dp_540">532.80dp</dimen>
<dimen name="dp_541">533.79dp</dimen>
<dimen name="dp_542">534.77dp</dimen>
<dimen name="dp_543">535.76dp</dimen>
<dimen name="dp_544">536.75dp</dimen>
<dimen name="dp_545">537.73dp</dimen>
<dimen name="dp_546">538.72dp</dimen>
<dimen name="dp_547">539.71dp</dimen>
<dimen name="dp_548">540.69dp</dimen>
<dimen name="dp_549">541.68dp</dimen>
<dimen name="dp_550">542.67dp</dimen>
<dimen name="dp_551">543.65dp</dimen>
<dimen name="dp_552">544.64dp</dimen>
<dimen name="dp_553">545.63dp</dimen>
<dimen name="dp_554">546.61dp</dimen>
<dimen name="dp_555">547.60dp</dimen>
<dimen name="dp_556">548.59dp</dimen>
<dimen name="dp_557">549.57dp</dimen>
<dimen name="dp_558">550.56dp</dimen>
<dimen name="dp_559">551.55dp</dimen>
<dimen name="dp_560">552.53dp</dimen>
<dimen name="dp_561">553.52dp</dimen>
<dimen name="dp_562">554.51dp</dimen>
<dimen name="dp_563">555.49dp</dimen>
<dimen name="dp_564">556.48dp</dimen>
<dimen name="dp_565">557.47dp</dimen>
<dimen name="dp_566">558.45dp</dimen>
<dimen name="dp_567">559.44dp</dimen>
<dimen name="dp_568">560.43dp</dimen>
<dimen name="dp_569">561.41dp</dimen>
<dimen name="dp_570">562.40dp</dimen>
<dimen name="dp_571">563.39dp</dimen>
<dimen name="dp_572">564.37dp</dimen>
<dimen name="dp_573">565.36dp</dimen>
<dimen name="dp_574">566.35dp</dimen>
<dimen name="dp_575">567.33dp</dimen>
<dimen name="dp_576">568.32dp</dimen>
<dimen name="dp_577">569.31dp</dimen>
<dimen name="dp_578">570.29dp</dimen>
<dimen name="dp_579">571.28dp</dimen>
<dimen name="dp_580">572.27dp</dimen>
<dimen name="dp_581">573.25dp</dimen>
<dimen name="dp_582">574.24dp</dimen>
<dimen name="dp_583">575.23dp</dimen>
<dimen name="dp_584">576.21dp</dimen>
<dimen name="dp_585">577.20dp</dimen>
<dimen name="dp_586">578.19dp</dimen>
<dimen name="dp_587">579.17dp</dimen>
<dimen name="dp_588">580.16dp</dimen>
<dimen name="dp_589">581.15dp</dimen>
<dimen name="dp_590">582.13dp</dimen>
<dimen name="dp_591">583.12dp</dimen>
<dimen name="dp_592">584.11dp</dimen>
<dimen name="dp_593">585.09dp</dimen>
<dimen name="dp_594">586.08dp</dimen>
<dimen name="dp_595">587.07dp</dimen>
<dimen name="dp_596">588.05dp</dimen>
<dimen name="dp_597">589.04dp</dimen>
<dimen name="dp_598">590.03dp</dimen>
<dimen name="dp_599">591.01dp</dimen>
<dimen name="dp_600">592.00dp</dimen>
<dimen name="dp_601">592.99dp</dimen>
<dimen name="dp_602">593.97dp</dimen>
<dimen name="dp_603">594.96dp</dimen>
<dimen name="dp_604">595.95dp</dimen>
<dimen name="dp_605">596.93dp</dimen>
<dimen name="dp_606">597.92dp</dimen>
<dimen name="dp_607">598.91dp</dimen>
<dimen name="dp_608">599.89dp</dimen>
<dimen name="dp_609">600.88dp</dimen>
<dimen name="dp_610">601.87dp</dimen>
<dimen name="dp_611">602.85dp</dimen>
<dimen name="dp_612">603.84dp</dimen>
<dimen name="dp_613">604.83dp</dimen>
<dimen name="dp_614">605.81dp</dimen>
<dimen name="dp_615">606.80dp</dimen>
<dimen name="dp_616">607.79dp</dimen>
<dimen name="dp_617">608.77dp</dimen>
<dimen name="dp_618">609.76dp</dimen>
<dimen name="dp_619">610.75dp</dimen>
<dimen name="dp_620">611.73dp</dimen>
<dimen name="dp_621">612.72dp</dimen>
<dimen name="dp_622">613.71dp</dimen>
<dimen name="dp_623">614.69dp</dimen>
<dimen name="dp_624">615.68dp</dimen>
<dimen name="dp_625">616.67dp</dimen>
<dimen name="dp_626">617.65dp</dimen>
<dimen name="dp_627">618.64dp</dimen>
<dimen name="dp_628">619.63dp</dimen>
<dimen name="dp_629">620.61dp</dimen>
<dimen name="dp_630">621.60dp</dimen>
<dimen name="dp_631">622.59dp</dimen>
<dimen name="dp_632">623.57dp</dimen>
<dimen name="dp_633">624.56dp</dimen>
<dimen name="dp_634">625.55dp</dimen>
<dimen name="dp_635">626.53dp</dimen>
<dimen name="dp_636">627.52dp</dimen>
<dimen name="dp_637">628.51dp</dimen>
<dimen name="dp_638">629.49dp</dimen>
<dimen name="dp_639">630.48dp</dimen>
<dimen name="dp_640">631.47dp</dimen>
<dimen name="dp_641">632.45dp</dimen>
<dimen name="dp_642">633.44dp</dimen>
<dimen name="dp_643">634.43dp</dimen>
<dimen name="dp_644">635.41dp</dimen>
<dimen name="dp_645">636.40dp</dimen>
<dimen name="dp_646">637.39dp</dimen>
<dimen name="dp_647">638.37dp</dimen>
<dimen name="dp_648">639.36dp</dimen>
<dimen name="dp_649">640.35dp</dimen>
<dimen name="dp_650">641.33dp</dimen>
<dimen name="dp_651">642.32dp</dimen>
<dimen name="dp_652">643.31dp</dimen>
<dimen name="dp_653">644.29dp</dimen>
<dimen name="dp_654">645.28dp</dimen>
<dimen name="dp_655">646.27dp</dimen>
<dimen name="dp_656">647.25dp</dimen>
<dimen name="dp_657">648.24dp</dimen>
<dimen name="dp_658">649.23dp</dimen>
<dimen name="dp_659">650.21dp</dimen>
<dimen name="dp_660">651.20dp</dimen>
<dimen name="dp_661">652.19dp</dimen>
<dimen name="dp_662">653.17dp</dimen>
<dimen name="dp_663">654.16dp</dimen>
<dimen name="dp_664">655.15dp</dimen>
<dimen name="dp_665">656.13dp</dimen>
<dimen name="dp_666">657.12dp</dimen>
<dimen name="dp_667">658.11dp</dimen>
<dimen name="dp_668">659.09dp</dimen>
<dimen name="dp_669">660.08dp</dimen>
<dimen name="dp_670">661.07dp</dimen>
<dimen name="dp_671">662.05dp</dimen>
<dimen name="dp_672">663.04dp</dimen>
<dimen name="dp_673">664.03dp</dimen>
<dimen name="dp_674">665.01dp</dimen>
<dimen name="dp_675">666.00dp</dimen>
<dimen name="dp_676">666.99dp</dimen>
<dimen name="dp_677">667.97dp</dimen>
<dimen name="dp_678">668.96dp</dimen>
<dimen name="dp_679">669.95dp</dimen>
<dimen name="dp_680">670.93dp</dimen>
<dimen name="dp_681">671.92dp</dimen>
<dimen name="dp_682">672.91dp</dimen>
<dimen name="dp_683">673.89dp</dimen>
<dimen name="dp_684">674.88dp</dimen>
<dimen name="dp_685">675.87dp</dimen>
<dimen name="dp_686">676.85dp</dimen>
<dimen name="dp_687">677.84dp</dimen>
<dimen name="dp_688">678.83dp</dimen>
<dimen name="dp_689">679.81dp</dimen>
<dimen name="dp_690">680.80dp</dimen>
<dimen name="dp_691">681.79dp</dimen>
<dimen name="dp_692">682.77dp</dimen>
<dimen name="dp_693">683.76dp</dimen>
<dimen name="dp_694">684.75dp</dimen>
<dimen name="dp_695">685.73dp</dimen>
<dimen name="dp_696">686.72dp</dimen>
<dimen name="dp_697">687.71dp</dimen>
<dimen name="dp_698">688.69dp</dimen>
<dimen name="dp_699">689.68dp</dimen>
<dimen name="dp_700">690.67dp</dimen>
<dimen name="dp_701">691.65dp</dimen>
<dimen name="dp_702">692.64dp</dimen>
<dimen name="dp_703">693.63dp</dimen>
<dimen name="dp_704">694.61dp</dimen>
<dimen name="dp_705">695.60dp</dimen>
<dimen name="dp_706">696.59dp</dimen>
<dimen name="dp_707">697.57dp</dimen>
<dimen name="dp_708">698.56dp</dimen>
<dimen name="dp_709">699.55dp</dimen>
<dimen name="dp_710">700.53dp</dimen>
<dimen name="dp_711">701.52dp</dimen>
<dimen name="dp_712">702.51dp</dimen>
<dimen name="dp_713">703.49dp</dimen>
<dimen name="dp_714">704.48dp</dimen>
<dimen name="dp_715">705.47dp</dimen>
<dimen name="dp_716">706.45dp</dimen>
<dimen name="dp_717">707.44dp</dimen>
<dimen name="dp_718">708.43dp</dimen>
<dimen name="dp_719">709.41dp</dimen>
<dimen name="dp_720">710.40dp</dimen>
</resources>
