<?xml version="1.0" encoding="utf-8"?>
<resources>
<dimen name="base_dpi">480dp</dimen>
<dimen name="dp_0">0.00dp</dimen>
<dimen name="dp_1">1.28dp</dimen>
<dimen name="dp_2">2.56dp</dimen>
<dimen name="dp_3">3.84dp</dimen>
<dimen name="dp_4">5.12dp</dimen>
<dimen name="dp_5">6.40dp</dimen>
<dimen name="dp_6">7.68dp</dimen>
<dimen name="dp_7">8.96dp</dimen>
<dimen name="dp_8">10.24dp</dimen>
<dimen name="dp_9">11.52dp</dimen>
<dimen name="dp_10">12.80dp</dimen>
<dimen name="dp_11">14.08dp</dimen>
<dimen name="dp_12">15.36dp</dimen>
<dimen name="dp_13">16.64dp</dimen>
<dimen name="dp_14">17.92dp</dimen>
<dimen name="dp_15">19.20dp</dimen>
<dimen name="dp_16">20.48dp</dimen>
<dimen name="dp_17">21.76dp</dimen>
<dimen name="dp_18">23.04dp</dimen>
<dimen name="dp_19">24.32dp</dimen>
<dimen name="dp_20">25.60dp</dimen>
<dimen name="dp_21">26.88dp</dimen>
<dimen name="dp_22">28.16dp</dimen>
<dimen name="dp_23">29.44dp</dimen>
<dimen name="dp_24">30.72dp</dimen>
<dimen name="dp_25">32.00dp</dimen>
<dimen name="dp_26">33.28dp</dimen>
<dimen name="dp_27">34.56dp</dimen>
<dimen name="dp_28">35.84dp</dimen>
<dimen name="dp_29">37.12dp</dimen>
<dimen name="dp_30">38.40dp</dimen>
<dimen name="dp_31">39.68dp</dimen>
<dimen name="dp_32">40.96dp</dimen>
<dimen name="dp_33">42.24dp</dimen>
<dimen name="dp_34">43.52dp</dimen>
<dimen name="dp_35">44.80dp</dimen>
<dimen name="dp_36">46.08dp</dimen>
<dimen name="dp_37">47.36dp</dimen>
<dimen name="dp_38">48.64dp</dimen>
<dimen name="dp_39">49.92dp</dimen>
<dimen name="dp_40">51.20dp</dimen>
<dimen name="dp_41">52.48dp</dimen>
<dimen name="dp_42">53.76dp</dimen>
<dimen name="dp_43">55.04dp</dimen>
<dimen name="dp_44">56.32dp</dimen>
<dimen name="dp_45">57.60dp</dimen>
<dimen name="dp_46">58.88dp</dimen>
<dimen name="dp_47">60.16dp</dimen>
<dimen name="dp_48">61.44dp</dimen>
<dimen name="dp_49">62.72dp</dimen>
<dimen name="dp_50">64.00dp</dimen>
<dimen name="dp_51">65.28dp</dimen>
<dimen name="dp_52">66.56dp</dimen>
<dimen name="dp_53">67.84dp</dimen>
<dimen name="dp_54">69.12dp</dimen>
<dimen name="dp_55">70.40dp</dimen>
<dimen name="dp_56">71.68dp</dimen>
<dimen name="dp_57">72.96dp</dimen>
<dimen name="dp_58">74.24dp</dimen>
<dimen name="dp_59">75.52dp</dimen>
<dimen name="dp_60">76.80dp</dimen>
<dimen name="dp_61">78.08dp</dimen>
<dimen name="dp_62">79.36dp</dimen>
<dimen name="dp_63">80.64dp</dimen>
<dimen name="dp_64">81.92dp</dimen>
<dimen name="dp_65">83.20dp</dimen>
<dimen name="dp_66">84.48dp</dimen>
<dimen name="dp_67">85.76dp</dimen>
<dimen name="dp_68">87.04dp</dimen>
<dimen name="dp_69">88.32dp</dimen>
<dimen name="dp_70">89.60dp</dimen>
<dimen name="dp_71">90.88dp</dimen>
<dimen name="dp_72">92.16dp</dimen>
<dimen name="dp_73">93.44dp</dimen>
<dimen name="dp_74">94.72dp</dimen>
<dimen name="dp_75">96.00dp</dimen>
<dimen name="dp_76">97.28dp</dimen>
<dimen name="dp_77">98.56dp</dimen>
<dimen name="dp_78">99.84dp</dimen>
<dimen name="dp_79">101.12dp</dimen>
<dimen name="dp_80">102.40dp</dimen>
<dimen name="dp_81">103.68dp</dimen>
<dimen name="dp_82">104.96dp</dimen>
<dimen name="dp_83">106.24dp</dimen>
<dimen name="dp_84">107.52dp</dimen>
<dimen name="dp_85">108.80dp</dimen>
<dimen name="dp_86">110.08dp</dimen>
<dimen name="dp_87">111.36dp</dimen>
<dimen name="dp_88">112.64dp</dimen>
<dimen name="dp_89">113.92dp</dimen>
<dimen name="dp_90">115.20dp</dimen>
<dimen name="dp_91">116.48dp</dimen>
<dimen name="dp_92">117.76dp</dimen>
<dimen name="dp_93">119.04dp</dimen>
<dimen name="dp_94">120.32dp</dimen>
<dimen name="dp_95">121.60dp</dimen>
<dimen name="dp_96">122.88dp</dimen>
<dimen name="dp_97">124.16dp</dimen>
<dimen name="dp_98">125.44dp</dimen>
<dimen name="dp_99">126.72dp</dimen>
<dimen name="dp_100">128.00dp</dimen>
<dimen name="dp_101">129.28dp</dimen>
<dimen name="dp_102">130.56dp</dimen>
<dimen name="dp_103">131.84dp</dimen>
<dimen name="dp_104">133.12dp</dimen>
<dimen name="dp_105">134.40dp</dimen>
<dimen name="dp_106">135.68dp</dimen>
<dimen name="dp_107">136.96dp</dimen>
<dimen name="dp_108">138.24dp</dimen>
<dimen name="dp_109">139.52dp</dimen>
<dimen name="dp_110">140.80dp</dimen>
<dimen name="dp_111">142.08dp</dimen>
<dimen name="dp_112">143.36dp</dimen>
<dimen name="dp_113">144.64dp</dimen>
<dimen name="dp_114">145.92dp</dimen>
<dimen name="dp_115">147.20dp</dimen>
<dimen name="dp_116">148.48dp</dimen>
<dimen name="dp_117">149.76dp</dimen>
<dimen name="dp_118">151.04dp</dimen>
<dimen name="dp_119">152.32dp</dimen>
<dimen name="dp_120">153.60dp</dimen>
<dimen name="dp_121">154.88dp</dimen>
<dimen name="dp_122">156.16dp</dimen>
<dimen name="dp_123">157.44dp</dimen>
<dimen name="dp_124">158.72dp</dimen>
<dimen name="dp_125">160.00dp</dimen>
<dimen name="dp_126">161.28dp</dimen>
<dimen name="dp_127">162.56dp</dimen>
<dimen name="dp_128">163.84dp</dimen>
<dimen name="dp_129">165.12dp</dimen>
<dimen name="dp_130">166.40dp</dimen>
<dimen name="dp_131">167.68dp</dimen>
<dimen name="dp_132">168.96dp</dimen>
<dimen name="dp_133">170.24dp</dimen>
<dimen name="dp_134">171.52dp</dimen>
<dimen name="dp_135">172.80dp</dimen>
<dimen name="dp_136">174.08dp</dimen>
<dimen name="dp_137">175.36dp</dimen>
<dimen name="dp_138">176.64dp</dimen>
<dimen name="dp_139">177.92dp</dimen>
<dimen name="dp_140">179.20dp</dimen>
<dimen name="dp_141">180.48dp</dimen>
<dimen name="dp_142">181.76dp</dimen>
<dimen name="dp_143">183.04dp</dimen>
<dimen name="dp_144">184.32dp</dimen>
<dimen name="dp_145">185.60dp</dimen>
<dimen name="dp_146">186.88dp</dimen>
<dimen name="dp_147">188.16dp</dimen>
<dimen name="dp_148">189.44dp</dimen>
<dimen name="dp_149">190.72dp</dimen>
<dimen name="dp_150">192.00dp</dimen>
<dimen name="dp_151">193.28dp</dimen>
<dimen name="dp_152">194.56dp</dimen>
<dimen name="dp_153">195.84dp</dimen>
<dimen name="dp_154">197.12dp</dimen>
<dimen name="dp_155">198.40dp</dimen>
<dimen name="dp_156">199.68dp</dimen>
<dimen name="dp_157">200.96dp</dimen>
<dimen name="dp_158">202.24dp</dimen>
<dimen name="dp_159">203.52dp</dimen>
<dimen name="dp_160">204.80dp</dimen>
<dimen name="dp_161">206.08dp</dimen>
<dimen name="dp_162">207.36dp</dimen>
<dimen name="dp_163">208.64dp</dimen>
<dimen name="dp_164">209.92dp</dimen>
<dimen name="dp_165">211.20dp</dimen>
<dimen name="dp_166">212.48dp</dimen>
<dimen name="dp_167">213.76dp</dimen>
<dimen name="dp_168">215.04dp</dimen>
<dimen name="dp_169">216.32dp</dimen>
<dimen name="dp_170">217.60dp</dimen>
<dimen name="dp_171">218.88dp</dimen>
<dimen name="dp_172">220.16dp</dimen>
<dimen name="dp_173">221.44dp</dimen>
<dimen name="dp_174">222.72dp</dimen>
<dimen name="dp_175">224.00dp</dimen>
<dimen name="dp_176">225.28dp</dimen>
<dimen name="dp_177">226.56dp</dimen>
<dimen name="dp_178">227.84dp</dimen>
<dimen name="dp_179">229.12dp</dimen>
<dimen name="dp_180">230.40dp</dimen>
<dimen name="dp_181">231.68dp</dimen>
<dimen name="dp_182">232.96dp</dimen>
<dimen name="dp_183">234.24dp</dimen>
<dimen name="dp_184">235.52dp</dimen>
<dimen name="dp_185">236.80dp</dimen>
<dimen name="dp_186">238.08dp</dimen>
<dimen name="dp_187">239.36dp</dimen>
<dimen name="dp_188">240.64dp</dimen>
<dimen name="dp_189">241.92dp</dimen>
<dimen name="dp_190">243.20dp</dimen>
<dimen name="dp_191">244.48dp</dimen>
<dimen name="dp_192">245.76dp</dimen>
<dimen name="dp_193">247.04dp</dimen>
<dimen name="dp_194">248.32dp</dimen>
<dimen name="dp_195">249.60dp</dimen>
<dimen name="dp_196">250.88dp</dimen>
<dimen name="dp_197">252.16dp</dimen>
<dimen name="dp_198">253.44dp</dimen>
<dimen name="dp_199">254.72dp</dimen>
<dimen name="dp_200">256.00dp</dimen>
<dimen name="dp_201">257.28dp</dimen>
<dimen name="dp_202">258.56dp</dimen>
<dimen name="dp_203">259.84dp</dimen>
<dimen name="dp_204">261.12dp</dimen>
<dimen name="dp_205">262.40dp</dimen>
<dimen name="dp_206">263.68dp</dimen>
<dimen name="dp_207">264.96dp</dimen>
<dimen name="dp_208">266.24dp</dimen>
<dimen name="dp_209">267.52dp</dimen>
<dimen name="dp_210">268.80dp</dimen>
<dimen name="dp_211">270.08dp</dimen>
<dimen name="dp_212">271.36dp</dimen>
<dimen name="dp_213">272.64dp</dimen>
<dimen name="dp_214">273.92dp</dimen>
<dimen name="dp_215">275.20dp</dimen>
<dimen name="dp_216">276.48dp</dimen>
<dimen name="dp_217">277.76dp</dimen>
<dimen name="dp_218">279.04dp</dimen>
<dimen name="dp_219">280.32dp</dimen>
<dimen name="dp_220">281.60dp</dimen>
<dimen name="dp_221">282.88dp</dimen>
<dimen name="dp_222">284.16dp</dimen>
<dimen name="dp_223">285.44dp</dimen>
<dimen name="dp_224">286.72dp</dimen>
<dimen name="dp_225">288.00dp</dimen>
<dimen name="dp_226">289.28dp</dimen>
<dimen name="dp_227">290.56dp</dimen>
<dimen name="dp_228">291.84dp</dimen>
<dimen name="dp_229">293.12dp</dimen>
<dimen name="dp_230">294.40dp</dimen>
<dimen name="dp_231">295.68dp</dimen>
<dimen name="dp_232">296.96dp</dimen>
<dimen name="dp_233">298.24dp</dimen>
<dimen name="dp_234">299.52dp</dimen>
<dimen name="dp_235">300.80dp</dimen>
<dimen name="dp_236">302.08dp</dimen>
<dimen name="dp_237">303.36dp</dimen>
<dimen name="dp_238">304.64dp</dimen>
<dimen name="dp_239">305.92dp</dimen>
<dimen name="dp_240">307.20dp</dimen>
<dimen name="dp_241">308.48dp</dimen>
<dimen name="dp_242">309.76dp</dimen>
<dimen name="dp_243">311.04dp</dimen>
<dimen name="dp_244">312.32dp</dimen>
<dimen name="dp_245">313.60dp</dimen>
<dimen name="dp_246">314.88dp</dimen>
<dimen name="dp_247">316.16dp</dimen>
<dimen name="dp_248">317.44dp</dimen>
<dimen name="dp_249">318.72dp</dimen>
<dimen name="dp_250">320.00dp</dimen>
<dimen name="dp_251">321.28dp</dimen>
<dimen name="dp_252">322.56dp</dimen>
<dimen name="dp_253">323.84dp</dimen>
<dimen name="dp_254">325.12dp</dimen>
<dimen name="dp_255">326.40dp</dimen>
<dimen name="dp_256">327.68dp</dimen>
<dimen name="dp_257">328.96dp</dimen>
<dimen name="dp_258">330.24dp</dimen>
<dimen name="dp_259">331.52dp</dimen>
<dimen name="dp_260">332.80dp</dimen>
<dimen name="dp_261">334.08dp</dimen>
<dimen name="dp_262">335.36dp</dimen>
<dimen name="dp_263">336.64dp</dimen>
<dimen name="dp_264">337.92dp</dimen>
<dimen name="dp_265">339.20dp</dimen>
<dimen name="dp_266">340.48dp</dimen>
<dimen name="dp_267">341.76dp</dimen>
<dimen name="dp_268">343.04dp</dimen>
<dimen name="dp_269">344.32dp</dimen>
<dimen name="dp_270">345.60dp</dimen>
<dimen name="dp_271">346.88dp</dimen>
<dimen name="dp_272">348.16dp</dimen>
<dimen name="dp_273">349.44dp</dimen>
<dimen name="dp_274">350.72dp</dimen>
<dimen name="dp_275">352.00dp</dimen>
<dimen name="dp_276">353.28dp</dimen>
<dimen name="dp_277">354.56dp</dimen>
<dimen name="dp_278">355.84dp</dimen>
<dimen name="dp_279">357.12dp</dimen>
<dimen name="dp_280">358.40dp</dimen>
<dimen name="dp_281">359.68dp</dimen>
<dimen name="dp_282">360.96dp</dimen>
<dimen name="dp_283">362.24dp</dimen>
<dimen name="dp_284">363.52dp</dimen>
<dimen name="dp_285">364.80dp</dimen>
<dimen name="dp_286">366.08dp</dimen>
<dimen name="dp_287">367.36dp</dimen>
<dimen name="dp_288">368.64dp</dimen>
<dimen name="dp_289">369.92dp</dimen>
<dimen name="dp_290">371.20dp</dimen>
<dimen name="dp_291">372.48dp</dimen>
<dimen name="dp_292">373.76dp</dimen>
<dimen name="dp_293">375.04dp</dimen>
<dimen name="dp_294">376.32dp</dimen>
<dimen name="dp_295">377.60dp</dimen>
<dimen name="dp_296">378.88dp</dimen>
<dimen name="dp_297">380.16dp</dimen>
<dimen name="dp_298">381.44dp</dimen>
<dimen name="dp_299">382.72dp</dimen>
<dimen name="dp_300">384.00dp</dimen>
<dimen name="dp_301">385.28dp</dimen>
<dimen name="dp_302">386.56dp</dimen>
<dimen name="dp_303">387.84dp</dimen>
<dimen name="dp_304">389.12dp</dimen>
<dimen name="dp_305">390.40dp</dimen>
<dimen name="dp_306">391.68dp</dimen>
<dimen name="dp_307">392.96dp</dimen>
<dimen name="dp_308">394.24dp</dimen>
<dimen name="dp_309">395.52dp</dimen>
<dimen name="dp_310">396.80dp</dimen>
<dimen name="dp_311">398.08dp</dimen>
<dimen name="dp_312">399.36dp</dimen>
<dimen name="dp_313">400.64dp</dimen>
<dimen name="dp_314">401.92dp</dimen>
<dimen name="dp_315">403.20dp</dimen>
<dimen name="dp_316">404.48dp</dimen>
<dimen name="dp_317">405.76dp</dimen>
<dimen name="dp_318">407.04dp</dimen>
<dimen name="dp_319">408.32dp</dimen>
<dimen name="dp_320">409.60dp</dimen>
<dimen name="dp_321">410.88dp</dimen>
<dimen name="dp_322">412.16dp</dimen>
<dimen name="dp_323">413.44dp</dimen>
<dimen name="dp_324">414.72dp</dimen>
<dimen name="dp_325">416.00dp</dimen>
<dimen name="dp_326">417.28dp</dimen>
<dimen name="dp_327">418.56dp</dimen>
<dimen name="dp_328">419.84dp</dimen>
<dimen name="dp_329">421.12dp</dimen>
<dimen name="dp_330">422.40dp</dimen>
<dimen name="dp_331">423.68dp</dimen>
<dimen name="dp_332">424.96dp</dimen>
<dimen name="dp_333">426.24dp</dimen>
<dimen name="dp_334">427.52dp</dimen>
<dimen name="dp_335">428.80dp</dimen>
<dimen name="dp_336">430.08dp</dimen>
<dimen name="dp_337">431.36dp</dimen>
<dimen name="dp_338">432.64dp</dimen>
<dimen name="dp_339">433.92dp</dimen>
<dimen name="dp_340">435.20dp</dimen>
<dimen name="dp_341">436.48dp</dimen>
<dimen name="dp_342">437.76dp</dimen>
<dimen name="dp_343">439.04dp</dimen>
<dimen name="dp_344">440.32dp</dimen>
<dimen name="dp_345">441.60dp</dimen>
<dimen name="dp_346">442.88dp</dimen>
<dimen name="dp_347">444.16dp</dimen>
<dimen name="dp_348">445.44dp</dimen>
<dimen name="dp_349">446.72dp</dimen>
<dimen name="dp_350">448.00dp</dimen>
<dimen name="dp_351">449.28dp</dimen>
<dimen name="dp_352">450.56dp</dimen>
<dimen name="dp_353">451.84dp</dimen>
<dimen name="dp_354">453.12dp</dimen>
<dimen name="dp_355">454.40dp</dimen>
<dimen name="dp_356">455.68dp</dimen>
<dimen name="dp_357">456.96dp</dimen>
<dimen name="dp_358">458.24dp</dimen>
<dimen name="dp_359">459.52dp</dimen>
<dimen name="dp_360">460.80dp</dimen>
<dimen name="dp_361">462.08dp</dimen>
<dimen name="dp_362">463.36dp</dimen>
<dimen name="dp_363">464.64dp</dimen>
<dimen name="dp_364">465.92dp</dimen>
<dimen name="dp_365">467.20dp</dimen>
<dimen name="dp_366">468.48dp</dimen>
<dimen name="dp_367">469.76dp</dimen>
<dimen name="dp_368">471.04dp</dimen>
<dimen name="dp_369">472.32dp</dimen>
<dimen name="dp_370">473.60dp</dimen>
<dimen name="dp_371">474.88dp</dimen>
<dimen name="dp_372">476.16dp</dimen>
<dimen name="dp_373">477.44dp</dimen>
<dimen name="dp_374">478.72dp</dimen>
<dimen name="dp_375">480.00dp</dimen>
<dimen name="dp_376">481.28dp</dimen>
<dimen name="dp_377">482.56dp</dimen>
<dimen name="dp_378">483.84dp</dimen>
<dimen name="dp_379">485.12dp</dimen>
<dimen name="dp_380">486.40dp</dimen>
<dimen name="dp_381">487.68dp</dimen>
<dimen name="dp_382">488.96dp</dimen>
<dimen name="dp_383">490.24dp</dimen>
<dimen name="dp_384">491.52dp</dimen>
<dimen name="dp_385">492.80dp</dimen>
<dimen name="dp_386">494.08dp</dimen>
<dimen name="dp_387">495.36dp</dimen>
<dimen name="dp_388">496.64dp</dimen>
<dimen name="dp_389">497.92dp</dimen>
<dimen name="dp_390">499.20dp</dimen>
<dimen name="dp_391">500.48dp</dimen>
<dimen name="dp_392">501.76dp</dimen>
<dimen name="dp_393">503.04dp</dimen>
<dimen name="dp_394">504.32dp</dimen>
<dimen name="dp_395">505.60dp</dimen>
<dimen name="dp_396">506.88dp</dimen>
<dimen name="dp_397">508.16dp</dimen>
<dimen name="dp_398">509.44dp</dimen>
<dimen name="dp_399">510.72dp</dimen>
<dimen name="dp_400">512.00dp</dimen>
<dimen name="dp_401">513.28dp</dimen>
<dimen name="dp_402">514.56dp</dimen>
<dimen name="dp_403">515.84dp</dimen>
<dimen name="dp_404">517.12dp</dimen>
<dimen name="dp_405">518.40dp</dimen>
<dimen name="dp_406">519.68dp</dimen>
<dimen name="dp_407">520.96dp</dimen>
<dimen name="dp_408">522.24dp</dimen>
<dimen name="dp_409">523.52dp</dimen>
<dimen name="dp_410">524.80dp</dimen>
<dimen name="dp_411">526.08dp</dimen>
<dimen name="dp_412">527.36dp</dimen>
<dimen name="dp_413">528.64dp</dimen>
<dimen name="dp_414">529.92dp</dimen>
<dimen name="dp_415">531.20dp</dimen>
<dimen name="dp_416">532.48dp</dimen>
<dimen name="dp_417">533.76dp</dimen>
<dimen name="dp_418">535.04dp</dimen>
<dimen name="dp_419">536.32dp</dimen>
<dimen name="dp_420">537.60dp</dimen>
<dimen name="dp_421">538.88dp</dimen>
<dimen name="dp_422">540.16dp</dimen>
<dimen name="dp_423">541.44dp</dimen>
<dimen name="dp_424">542.72dp</dimen>
<dimen name="dp_425">544.00dp</dimen>
<dimen name="dp_426">545.28dp</dimen>
<dimen name="dp_427">546.56dp</dimen>
<dimen name="dp_428">547.84dp</dimen>
<dimen name="dp_429">549.12dp</dimen>
<dimen name="dp_430">550.40dp</dimen>
<dimen name="dp_431">551.68dp</dimen>
<dimen name="dp_432">552.96dp</dimen>
<dimen name="dp_433">554.24dp</dimen>
<dimen name="dp_434">555.52dp</dimen>
<dimen name="dp_435">556.80dp</dimen>
<dimen name="dp_436">558.08dp</dimen>
<dimen name="dp_437">559.36dp</dimen>
<dimen name="dp_438">560.64dp</dimen>
<dimen name="dp_439">561.92dp</dimen>
<dimen name="dp_440">563.20dp</dimen>
<dimen name="dp_441">564.48dp</dimen>
<dimen name="dp_442">565.76dp</dimen>
<dimen name="dp_443">567.04dp</dimen>
<dimen name="dp_444">568.32dp</dimen>
<dimen name="dp_445">569.60dp</dimen>
<dimen name="dp_446">570.88dp</dimen>
<dimen name="dp_447">572.16dp</dimen>
<dimen name="dp_448">573.44dp</dimen>
<dimen name="dp_449">574.72dp</dimen>
<dimen name="dp_450">576.00dp</dimen>
<dimen name="dp_451">577.28dp</dimen>
<dimen name="dp_452">578.56dp</dimen>
<dimen name="dp_453">579.84dp</dimen>
<dimen name="dp_454">581.12dp</dimen>
<dimen name="dp_455">582.40dp</dimen>
<dimen name="dp_456">583.68dp</dimen>
<dimen name="dp_457">584.96dp</dimen>
<dimen name="dp_458">586.24dp</dimen>
<dimen name="dp_459">587.52dp</dimen>
<dimen name="dp_460">588.80dp</dimen>
<dimen name="dp_461">590.08dp</dimen>
<dimen name="dp_462">591.36dp</dimen>
<dimen name="dp_463">592.64dp</dimen>
<dimen name="dp_464">593.92dp</dimen>
<dimen name="dp_465">595.20dp</dimen>
<dimen name="dp_466">596.48dp</dimen>
<dimen name="dp_467">597.76dp</dimen>
<dimen name="dp_468">599.04dp</dimen>
<dimen name="dp_469">600.32dp</dimen>
<dimen name="dp_470">601.60dp</dimen>
<dimen name="dp_471">602.88dp</dimen>
<dimen name="dp_472">604.16dp</dimen>
<dimen name="dp_473">605.44dp</dimen>
<dimen name="dp_474">606.72dp</dimen>
<dimen name="dp_475">608.00dp</dimen>
<dimen name="dp_476">609.28dp</dimen>
<dimen name="dp_477">610.56dp</dimen>
<dimen name="dp_478">611.84dp</dimen>
<dimen name="dp_479">613.12dp</dimen>
<dimen name="dp_480">614.40dp</dimen>
<dimen name="dp_481">615.68dp</dimen>
<dimen name="dp_482">616.96dp</dimen>
<dimen name="dp_483">618.24dp</dimen>
<dimen name="dp_484">619.52dp</dimen>
<dimen name="dp_485">620.80dp</dimen>
<dimen name="dp_486">622.08dp</dimen>
<dimen name="dp_487">623.36dp</dimen>
<dimen name="dp_488">624.64dp</dimen>
<dimen name="dp_489">625.92dp</dimen>
<dimen name="dp_490">627.20dp</dimen>
<dimen name="dp_491">628.48dp</dimen>
<dimen name="dp_492">629.76dp</dimen>
<dimen name="dp_493">631.04dp</dimen>
<dimen name="dp_494">632.32dp</dimen>
<dimen name="dp_495">633.60dp</dimen>
<dimen name="dp_496">634.88dp</dimen>
<dimen name="dp_497">636.16dp</dimen>
<dimen name="dp_498">637.44dp</dimen>
<dimen name="dp_499">638.72dp</dimen>
<dimen name="dp_500">640.00dp</dimen>
<dimen name="dp_501">641.28dp</dimen>
<dimen name="dp_502">642.56dp</dimen>
<dimen name="dp_503">643.84dp</dimen>
<dimen name="dp_504">645.12dp</dimen>
<dimen name="dp_505">646.40dp</dimen>
<dimen name="dp_506">647.68dp</dimen>
<dimen name="dp_507">648.96dp</dimen>
<dimen name="dp_508">650.24dp</dimen>
<dimen name="dp_509">651.52dp</dimen>
<dimen name="dp_510">652.80dp</dimen>
<dimen name="dp_511">654.08dp</dimen>
<dimen name="dp_512">655.36dp</dimen>
<dimen name="dp_513">656.64dp</dimen>
<dimen name="dp_514">657.92dp</dimen>
<dimen name="dp_515">659.20dp</dimen>
<dimen name="dp_516">660.48dp</dimen>
<dimen name="dp_517">661.76dp</dimen>
<dimen name="dp_518">663.04dp</dimen>
<dimen name="dp_519">664.32dp</dimen>
<dimen name="dp_520">665.60dp</dimen>
<dimen name="dp_521">666.88dp</dimen>
<dimen name="dp_522">668.16dp</dimen>
<dimen name="dp_523">669.44dp</dimen>
<dimen name="dp_524">670.72dp</dimen>
<dimen name="dp_525">672.00dp</dimen>
<dimen name="dp_526">673.28dp</dimen>
<dimen name="dp_527">674.56dp</dimen>
<dimen name="dp_528">675.84dp</dimen>
<dimen name="dp_529">677.12dp</dimen>
<dimen name="dp_530">678.40dp</dimen>
<dimen name="dp_531">679.68dp</dimen>
<dimen name="dp_532">680.96dp</dimen>
<dimen name="dp_533">682.24dp</dimen>
<dimen name="dp_534">683.52dp</dimen>
<dimen name="dp_535">684.80dp</dimen>
<dimen name="dp_536">686.08dp</dimen>
<dimen name="dp_537">687.36dp</dimen>
<dimen name="dp_538">688.64dp</dimen>
<dimen name="dp_539">689.92dp</dimen>
<dimen name="dp_540">691.20dp</dimen>
<dimen name="dp_541">692.48dp</dimen>
<dimen name="dp_542">693.76dp</dimen>
<dimen name="dp_543">695.04dp</dimen>
<dimen name="dp_544">696.32dp</dimen>
<dimen name="dp_545">697.60dp</dimen>
<dimen name="dp_546">698.88dp</dimen>
<dimen name="dp_547">700.16dp</dimen>
<dimen name="dp_548">701.44dp</dimen>
<dimen name="dp_549">702.72dp</dimen>
<dimen name="dp_550">704.00dp</dimen>
<dimen name="dp_551">705.28dp</dimen>
<dimen name="dp_552">706.56dp</dimen>
<dimen name="dp_553">707.84dp</dimen>
<dimen name="dp_554">709.12dp</dimen>
<dimen name="dp_555">710.40dp</dimen>
<dimen name="dp_556">711.68dp</dimen>
<dimen name="dp_557">712.96dp</dimen>
<dimen name="dp_558">714.24dp</dimen>
<dimen name="dp_559">715.52dp</dimen>
<dimen name="dp_560">716.80dp</dimen>
<dimen name="dp_561">718.08dp</dimen>
<dimen name="dp_562">719.36dp</dimen>
<dimen name="dp_563">720.64dp</dimen>
<dimen name="dp_564">721.92dp</dimen>
<dimen name="dp_565">723.20dp</dimen>
<dimen name="dp_566">724.48dp</dimen>
<dimen name="dp_567">725.76dp</dimen>
<dimen name="dp_568">727.04dp</dimen>
<dimen name="dp_569">728.32dp</dimen>
<dimen name="dp_570">729.60dp</dimen>
<dimen name="dp_571">730.88dp</dimen>
<dimen name="dp_572">732.16dp</dimen>
<dimen name="dp_573">733.44dp</dimen>
<dimen name="dp_574">734.72dp</dimen>
<dimen name="dp_575">736.00dp</dimen>
<dimen name="dp_576">737.28dp</dimen>
<dimen name="dp_577">738.56dp</dimen>
<dimen name="dp_578">739.84dp</dimen>
<dimen name="dp_579">741.12dp</dimen>
<dimen name="dp_580">742.40dp</dimen>
<dimen name="dp_581">743.68dp</dimen>
<dimen name="dp_582">744.96dp</dimen>
<dimen name="dp_583">746.24dp</dimen>
<dimen name="dp_584">747.52dp</dimen>
<dimen name="dp_585">748.80dp</dimen>
<dimen name="dp_586">750.08dp</dimen>
<dimen name="dp_587">751.36dp</dimen>
<dimen name="dp_588">752.64dp</dimen>
<dimen name="dp_589">753.92dp</dimen>
<dimen name="dp_590">755.20dp</dimen>
<dimen name="dp_591">756.48dp</dimen>
<dimen name="dp_592">757.76dp</dimen>
<dimen name="dp_593">759.04dp</dimen>
<dimen name="dp_594">760.32dp</dimen>
<dimen name="dp_595">761.60dp</dimen>
<dimen name="dp_596">762.88dp</dimen>
<dimen name="dp_597">764.16dp</dimen>
<dimen name="dp_598">765.44dp</dimen>
<dimen name="dp_599">766.72dp</dimen>
<dimen name="dp_600">768.00dp</dimen>
<dimen name="dp_601">769.28dp</dimen>
<dimen name="dp_602">770.56dp</dimen>
<dimen name="dp_603">771.84dp</dimen>
<dimen name="dp_604">773.12dp</dimen>
<dimen name="dp_605">774.40dp</dimen>
<dimen name="dp_606">775.68dp</dimen>
<dimen name="dp_607">776.96dp</dimen>
<dimen name="dp_608">778.24dp</dimen>
<dimen name="dp_609">779.52dp</dimen>
<dimen name="dp_610">780.80dp</dimen>
<dimen name="dp_611">782.08dp</dimen>
<dimen name="dp_612">783.36dp</dimen>
<dimen name="dp_613">784.64dp</dimen>
<dimen name="dp_614">785.92dp</dimen>
<dimen name="dp_615">787.20dp</dimen>
<dimen name="dp_616">788.48dp</dimen>
<dimen name="dp_617">789.76dp</dimen>
<dimen name="dp_618">791.04dp</dimen>
<dimen name="dp_619">792.32dp</dimen>
<dimen name="dp_620">793.60dp</dimen>
<dimen name="dp_621">794.88dp</dimen>
<dimen name="dp_622">796.16dp</dimen>
<dimen name="dp_623">797.44dp</dimen>
<dimen name="dp_624">798.72dp</dimen>
<dimen name="dp_625">800.00dp</dimen>
<dimen name="dp_626">801.28dp</dimen>
<dimen name="dp_627">802.56dp</dimen>
<dimen name="dp_628">803.84dp</dimen>
<dimen name="dp_629">805.12dp</dimen>
<dimen name="dp_630">806.40dp</dimen>
<dimen name="dp_631">807.68dp</dimen>
<dimen name="dp_632">808.96dp</dimen>
<dimen name="dp_633">810.24dp</dimen>
<dimen name="dp_634">811.52dp</dimen>
<dimen name="dp_635">812.80dp</dimen>
<dimen name="dp_636">814.08dp</dimen>
<dimen name="dp_637">815.36dp</dimen>
<dimen name="dp_638">816.64dp</dimen>
<dimen name="dp_639">817.92dp</dimen>
<dimen name="dp_640">819.20dp</dimen>
<dimen name="dp_641">820.48dp</dimen>
<dimen name="dp_642">821.76dp</dimen>
<dimen name="dp_643">823.04dp</dimen>
<dimen name="dp_644">824.32dp</dimen>
<dimen name="dp_645">825.60dp</dimen>
<dimen name="dp_646">826.88dp</dimen>
<dimen name="dp_647">828.16dp</dimen>
<dimen name="dp_648">829.44dp</dimen>
<dimen name="dp_649">830.72dp</dimen>
<dimen name="dp_650">832.00dp</dimen>
<dimen name="dp_651">833.28dp</dimen>
<dimen name="dp_652">834.56dp</dimen>
<dimen name="dp_653">835.84dp</dimen>
<dimen name="dp_654">837.12dp</dimen>
<dimen name="dp_655">838.40dp</dimen>
<dimen name="dp_656">839.68dp</dimen>
<dimen name="dp_657">840.96dp</dimen>
<dimen name="dp_658">842.24dp</dimen>
<dimen name="dp_659">843.52dp</dimen>
<dimen name="dp_660">844.80dp</dimen>
<dimen name="dp_661">846.08dp</dimen>
<dimen name="dp_662">847.36dp</dimen>
<dimen name="dp_663">848.64dp</dimen>
<dimen name="dp_664">849.92dp</dimen>
<dimen name="dp_665">851.20dp</dimen>
<dimen name="dp_666">852.48dp</dimen>
<dimen name="dp_667">853.76dp</dimen>
<dimen name="dp_668">855.04dp</dimen>
<dimen name="dp_669">856.32dp</dimen>
<dimen name="dp_670">857.60dp</dimen>
<dimen name="dp_671">858.88dp</dimen>
<dimen name="dp_672">860.16dp</dimen>
<dimen name="dp_673">861.44dp</dimen>
<dimen name="dp_674">862.72dp</dimen>
<dimen name="dp_675">864.00dp</dimen>
<dimen name="dp_676">865.28dp</dimen>
<dimen name="dp_677">866.56dp</dimen>
<dimen name="dp_678">867.84dp</dimen>
<dimen name="dp_679">869.12dp</dimen>
<dimen name="dp_680">870.40dp</dimen>
<dimen name="dp_681">871.68dp</dimen>
<dimen name="dp_682">872.96dp</dimen>
<dimen name="dp_683">874.24dp</dimen>
<dimen name="dp_684">875.52dp</dimen>
<dimen name="dp_685">876.80dp</dimen>
<dimen name="dp_686">878.08dp</dimen>
<dimen name="dp_687">879.36dp</dimen>
<dimen name="dp_688">880.64dp</dimen>
<dimen name="dp_689">881.92dp</dimen>
<dimen name="dp_690">883.20dp</dimen>
<dimen name="dp_691">884.48dp</dimen>
<dimen name="dp_692">885.76dp</dimen>
<dimen name="dp_693">887.04dp</dimen>
<dimen name="dp_694">888.32dp</dimen>
<dimen name="dp_695">889.60dp</dimen>
<dimen name="dp_696">890.88dp</dimen>
<dimen name="dp_697">892.16dp</dimen>
<dimen name="dp_698">893.44dp</dimen>
<dimen name="dp_699">894.72dp</dimen>
<dimen name="dp_700">896.00dp</dimen>
<dimen name="dp_701">897.28dp</dimen>
<dimen name="dp_702">898.56dp</dimen>
<dimen name="dp_703">899.84dp</dimen>
<dimen name="dp_704">901.12dp</dimen>
<dimen name="dp_705">902.40dp</dimen>
<dimen name="dp_706">903.68dp</dimen>
<dimen name="dp_707">904.96dp</dimen>
<dimen name="dp_708">906.24dp</dimen>
<dimen name="dp_709">907.52dp</dimen>
<dimen name="dp_710">908.80dp</dimen>
<dimen name="dp_711">910.08dp</dimen>
<dimen name="dp_712">911.36dp</dimen>
<dimen name="dp_713">912.64dp</dimen>
<dimen name="dp_714">913.92dp</dimen>
<dimen name="dp_715">915.20dp</dimen>
<dimen name="dp_716">916.48dp</dimen>
<dimen name="dp_717">917.76dp</dimen>
<dimen name="dp_718">919.04dp</dimen>
<dimen name="dp_719">920.32dp</dimen>
<dimen name="dp_720">921.60dp</dimen>
</resources>
