<?xml version="1.0" encoding="utf-8"?>
<resources>
<dimen name="base_dpi">420dp</dimen>
<dimen name="dp_0">0.00dp</dimen>
<dimen name="dp_1">1.12dp</dimen>
<dimen name="dp_2">2.24dp</dimen>
<dimen name="dp_3">3.36dp</dimen>
<dimen name="dp_4">4.48dp</dimen>
<dimen name="dp_5">5.60dp</dimen>
<dimen name="dp_6">6.72dp</dimen>
<dimen name="dp_7">7.84dp</dimen>
<dimen name="dp_8">8.96dp</dimen>
<dimen name="dp_9">10.08dp</dimen>
<dimen name="dp_10">11.20dp</dimen>
<dimen name="dp_11">12.32dp</dimen>
<dimen name="dp_12">13.44dp</dimen>
<dimen name="dp_13">14.56dp</dimen>
<dimen name="dp_14">15.68dp</dimen>
<dimen name="dp_15">16.80dp</dimen>
<dimen name="dp_16">17.92dp</dimen>
<dimen name="dp_17">19.04dp</dimen>
<dimen name="dp_18">20.16dp</dimen>
<dimen name="dp_19">21.28dp</dimen>
<dimen name="dp_20">22.40dp</dimen>
<dimen name="dp_21">23.52dp</dimen>
<dimen name="dp_22">24.64dp</dimen>
<dimen name="dp_23">25.76dp</dimen>
<dimen name="dp_24">26.88dp</dimen>
<dimen name="dp_25">28.00dp</dimen>
<dimen name="dp_26">29.12dp</dimen>
<dimen name="dp_27">30.24dp</dimen>
<dimen name="dp_28">31.36dp</dimen>
<dimen name="dp_29">32.48dp</dimen>
<dimen name="dp_30">33.60dp</dimen>
<dimen name="dp_31">34.72dp</dimen>
<dimen name="dp_32">35.84dp</dimen>
<dimen name="dp_33">36.96dp</dimen>
<dimen name="dp_34">38.08dp</dimen>
<dimen name="dp_35">39.20dp</dimen>
<dimen name="dp_36">40.32dp</dimen>
<dimen name="dp_37">41.44dp</dimen>
<dimen name="dp_38">42.56dp</dimen>
<dimen name="dp_39">43.68dp</dimen>
<dimen name="dp_40">44.80dp</dimen>
<dimen name="dp_41">45.92dp</dimen>
<dimen name="dp_42">47.04dp</dimen>
<dimen name="dp_43">48.16dp</dimen>
<dimen name="dp_44">49.28dp</dimen>
<dimen name="dp_45">50.40dp</dimen>
<dimen name="dp_46">51.52dp</dimen>
<dimen name="dp_47">52.64dp</dimen>
<dimen name="dp_48">53.76dp</dimen>
<dimen name="dp_49">54.88dp</dimen>
<dimen name="dp_50">56.00dp</dimen>
<dimen name="dp_51">57.12dp</dimen>
<dimen name="dp_52">58.24dp</dimen>
<dimen name="dp_53">59.36dp</dimen>
<dimen name="dp_54">60.48dp</dimen>
<dimen name="dp_55">61.60dp</dimen>
<dimen name="dp_56">62.72dp</dimen>
<dimen name="dp_57">63.84dp</dimen>
<dimen name="dp_58">64.96dp</dimen>
<dimen name="dp_59">66.08dp</dimen>
<dimen name="dp_60">67.20dp</dimen>
<dimen name="dp_61">68.32dp</dimen>
<dimen name="dp_62">69.44dp</dimen>
<dimen name="dp_63">70.56dp</dimen>
<dimen name="dp_64">71.68dp</dimen>
<dimen name="dp_65">72.80dp</dimen>
<dimen name="dp_66">73.92dp</dimen>
<dimen name="dp_67">75.04dp</dimen>
<dimen name="dp_68">76.16dp</dimen>
<dimen name="dp_69">77.28dp</dimen>
<dimen name="dp_70">78.40dp</dimen>
<dimen name="dp_71">79.52dp</dimen>
<dimen name="dp_72">80.64dp</dimen>
<dimen name="dp_73">81.76dp</dimen>
<dimen name="dp_74">82.88dp</dimen>
<dimen name="dp_75">84.00dp</dimen>
<dimen name="dp_76">85.12dp</dimen>
<dimen name="dp_77">86.24dp</dimen>
<dimen name="dp_78">87.36dp</dimen>
<dimen name="dp_79">88.48dp</dimen>
<dimen name="dp_80">89.60dp</dimen>
<dimen name="dp_81">90.72dp</dimen>
<dimen name="dp_82">91.84dp</dimen>
<dimen name="dp_83">92.96dp</dimen>
<dimen name="dp_84">94.08dp</dimen>
<dimen name="dp_85">95.20dp</dimen>
<dimen name="dp_86">96.32dp</dimen>
<dimen name="dp_87">97.44dp</dimen>
<dimen name="dp_88">98.56dp</dimen>
<dimen name="dp_89">99.68dp</dimen>
<dimen name="dp_90">100.80dp</dimen>
<dimen name="dp_91">101.92dp</dimen>
<dimen name="dp_92">103.04dp</dimen>
<dimen name="dp_93">104.16dp</dimen>
<dimen name="dp_94">105.28dp</dimen>
<dimen name="dp_95">106.40dp</dimen>
<dimen name="dp_96">107.52dp</dimen>
<dimen name="dp_97">108.64dp</dimen>
<dimen name="dp_98">109.76dp</dimen>
<dimen name="dp_99">110.88dp</dimen>
<dimen name="dp_100">112.00dp</dimen>
<dimen name="dp_101">113.12dp</dimen>
<dimen name="dp_102">114.24dp</dimen>
<dimen name="dp_103">115.36dp</dimen>
<dimen name="dp_104">116.48dp</dimen>
<dimen name="dp_105">117.60dp</dimen>
<dimen name="dp_106">118.72dp</dimen>
<dimen name="dp_107">119.84dp</dimen>
<dimen name="dp_108">120.96dp</dimen>
<dimen name="dp_109">122.08dp</dimen>
<dimen name="dp_110">123.20dp</dimen>
<dimen name="dp_111">124.32dp</dimen>
<dimen name="dp_112">125.44dp</dimen>
<dimen name="dp_113">126.56dp</dimen>
<dimen name="dp_114">127.68dp</dimen>
<dimen name="dp_115">128.80dp</dimen>
<dimen name="dp_116">129.92dp</dimen>
<dimen name="dp_117">131.04dp</dimen>
<dimen name="dp_118">132.16dp</dimen>
<dimen name="dp_119">133.28dp</dimen>
<dimen name="dp_120">134.40dp</dimen>
<dimen name="dp_121">135.52dp</dimen>
<dimen name="dp_122">136.64dp</dimen>
<dimen name="dp_123">137.76dp</dimen>
<dimen name="dp_124">138.88dp</dimen>
<dimen name="dp_125">140.00dp</dimen>
<dimen name="dp_126">141.12dp</dimen>
<dimen name="dp_127">142.24dp</dimen>
<dimen name="dp_128">143.36dp</dimen>
<dimen name="dp_129">144.48dp</dimen>
<dimen name="dp_130">145.60dp</dimen>
<dimen name="dp_131">146.72dp</dimen>
<dimen name="dp_132">147.84dp</dimen>
<dimen name="dp_133">148.96dp</dimen>
<dimen name="dp_134">150.08dp</dimen>
<dimen name="dp_135">151.20dp</dimen>
<dimen name="dp_136">152.32dp</dimen>
<dimen name="dp_137">153.44dp</dimen>
<dimen name="dp_138">154.56dp</dimen>
<dimen name="dp_139">155.68dp</dimen>
<dimen name="dp_140">156.80dp</dimen>
<dimen name="dp_141">157.92dp</dimen>
<dimen name="dp_142">159.04dp</dimen>
<dimen name="dp_143">160.16dp</dimen>
<dimen name="dp_144">161.28dp</dimen>
<dimen name="dp_145">162.40dp</dimen>
<dimen name="dp_146">163.52dp</dimen>
<dimen name="dp_147">164.64dp</dimen>
<dimen name="dp_148">165.76dp</dimen>
<dimen name="dp_149">166.88dp</dimen>
<dimen name="dp_150">168.00dp</dimen>
<dimen name="dp_151">169.12dp</dimen>
<dimen name="dp_152">170.24dp</dimen>
<dimen name="dp_153">171.36dp</dimen>
<dimen name="dp_154">172.48dp</dimen>
<dimen name="dp_155">173.60dp</dimen>
<dimen name="dp_156">174.72dp</dimen>
<dimen name="dp_157">175.84dp</dimen>
<dimen name="dp_158">176.96dp</dimen>
<dimen name="dp_159">178.08dp</dimen>
<dimen name="dp_160">179.20dp</dimen>
<dimen name="dp_161">180.32dp</dimen>
<dimen name="dp_162">181.44dp</dimen>
<dimen name="dp_163">182.56dp</dimen>
<dimen name="dp_164">183.68dp</dimen>
<dimen name="dp_165">184.80dp</dimen>
<dimen name="dp_166">185.92dp</dimen>
<dimen name="dp_167">187.04dp</dimen>
<dimen name="dp_168">188.16dp</dimen>
<dimen name="dp_169">189.28dp</dimen>
<dimen name="dp_170">190.40dp</dimen>
<dimen name="dp_171">191.52dp</dimen>
<dimen name="dp_172">192.64dp</dimen>
<dimen name="dp_173">193.76dp</dimen>
<dimen name="dp_174">194.88dp</dimen>
<dimen name="dp_175">196.00dp</dimen>
<dimen name="dp_176">197.12dp</dimen>
<dimen name="dp_177">198.24dp</dimen>
<dimen name="dp_178">199.36dp</dimen>
<dimen name="dp_179">200.48dp</dimen>
<dimen name="dp_180">201.60dp</dimen>
<dimen name="dp_181">202.72dp</dimen>
<dimen name="dp_182">203.84dp</dimen>
<dimen name="dp_183">204.96dp</dimen>
<dimen name="dp_184">206.08dp</dimen>
<dimen name="dp_185">207.20dp</dimen>
<dimen name="dp_186">208.32dp</dimen>
<dimen name="dp_187">209.44dp</dimen>
<dimen name="dp_188">210.56dp</dimen>
<dimen name="dp_189">211.68dp</dimen>
<dimen name="dp_190">212.80dp</dimen>
<dimen name="dp_191">213.92dp</dimen>
<dimen name="dp_192">215.04dp</dimen>
<dimen name="dp_193">216.16dp</dimen>
<dimen name="dp_194">217.28dp</dimen>
<dimen name="dp_195">218.40dp</dimen>
<dimen name="dp_196">219.52dp</dimen>
<dimen name="dp_197">220.64dp</dimen>
<dimen name="dp_198">221.76dp</dimen>
<dimen name="dp_199">222.88dp</dimen>
<dimen name="dp_200">224.00dp</dimen>
<dimen name="dp_201">225.12dp</dimen>
<dimen name="dp_202">226.24dp</dimen>
<dimen name="dp_203">227.36dp</dimen>
<dimen name="dp_204">228.48dp</dimen>
<dimen name="dp_205">229.60dp</dimen>
<dimen name="dp_206">230.72dp</dimen>
<dimen name="dp_207">231.84dp</dimen>
<dimen name="dp_208">232.96dp</dimen>
<dimen name="dp_209">234.08dp</dimen>
<dimen name="dp_210">235.20dp</dimen>
<dimen name="dp_211">236.32dp</dimen>
<dimen name="dp_212">237.44dp</dimen>
<dimen name="dp_213">238.56dp</dimen>
<dimen name="dp_214">239.68dp</dimen>
<dimen name="dp_215">240.80dp</dimen>
<dimen name="dp_216">241.92dp</dimen>
<dimen name="dp_217">243.04dp</dimen>
<dimen name="dp_218">244.16dp</dimen>
<dimen name="dp_219">245.28dp</dimen>
<dimen name="dp_220">246.40dp</dimen>
<dimen name="dp_221">247.52dp</dimen>
<dimen name="dp_222">248.64dp</dimen>
<dimen name="dp_223">249.76dp</dimen>
<dimen name="dp_224">250.88dp</dimen>
<dimen name="dp_225">252.00dp</dimen>
<dimen name="dp_226">253.12dp</dimen>
<dimen name="dp_227">254.24dp</dimen>
<dimen name="dp_228">255.36dp</dimen>
<dimen name="dp_229">256.48dp</dimen>
<dimen name="dp_230">257.60dp</dimen>
<dimen name="dp_231">258.72dp</dimen>
<dimen name="dp_232">259.84dp</dimen>
<dimen name="dp_233">260.96dp</dimen>
<dimen name="dp_234">262.08dp</dimen>
<dimen name="dp_235">263.20dp</dimen>
<dimen name="dp_236">264.32dp</dimen>
<dimen name="dp_237">265.44dp</dimen>
<dimen name="dp_238">266.56dp</dimen>
<dimen name="dp_239">267.68dp</dimen>
<dimen name="dp_240">268.80dp</dimen>
<dimen name="dp_241">269.92dp</dimen>
<dimen name="dp_242">271.04dp</dimen>
<dimen name="dp_243">272.16dp</dimen>
<dimen name="dp_244">273.28dp</dimen>
<dimen name="dp_245">274.40dp</dimen>
<dimen name="dp_246">275.52dp</dimen>
<dimen name="dp_247">276.64dp</dimen>
<dimen name="dp_248">277.76dp</dimen>
<dimen name="dp_249">278.88dp</dimen>
<dimen name="dp_250">280.00dp</dimen>
<dimen name="dp_251">281.12dp</dimen>
<dimen name="dp_252">282.24dp</dimen>
<dimen name="dp_253">283.36dp</dimen>
<dimen name="dp_254">284.48dp</dimen>
<dimen name="dp_255">285.60dp</dimen>
<dimen name="dp_256">286.72dp</dimen>
<dimen name="dp_257">287.84dp</dimen>
<dimen name="dp_258">288.96dp</dimen>
<dimen name="dp_259">290.08dp</dimen>
<dimen name="dp_260">291.20dp</dimen>
<dimen name="dp_261">292.32dp</dimen>
<dimen name="dp_262">293.44dp</dimen>
<dimen name="dp_263">294.56dp</dimen>
<dimen name="dp_264">295.68dp</dimen>
<dimen name="dp_265">296.80dp</dimen>
<dimen name="dp_266">297.92dp</dimen>
<dimen name="dp_267">299.04dp</dimen>
<dimen name="dp_268">300.16dp</dimen>
<dimen name="dp_269">301.28dp</dimen>
<dimen name="dp_270">302.40dp</dimen>
<dimen name="dp_271">303.52dp</dimen>
<dimen name="dp_272">304.64dp</dimen>
<dimen name="dp_273">305.76dp</dimen>
<dimen name="dp_274">306.88dp</dimen>
<dimen name="dp_275">308.00dp</dimen>
<dimen name="dp_276">309.12dp</dimen>
<dimen name="dp_277">310.24dp</dimen>
<dimen name="dp_278">311.36dp</dimen>
<dimen name="dp_279">312.48dp</dimen>
<dimen name="dp_280">313.60dp</dimen>
<dimen name="dp_281">314.72dp</dimen>
<dimen name="dp_282">315.84dp</dimen>
<dimen name="dp_283">316.96dp</dimen>
<dimen name="dp_284">318.08dp</dimen>
<dimen name="dp_285">319.20dp</dimen>
<dimen name="dp_286">320.32dp</dimen>
<dimen name="dp_287">321.44dp</dimen>
<dimen name="dp_288">322.56dp</dimen>
<dimen name="dp_289">323.68dp</dimen>
<dimen name="dp_290">324.80dp</dimen>
<dimen name="dp_291">325.92dp</dimen>
<dimen name="dp_292">327.04dp</dimen>
<dimen name="dp_293">328.16dp</dimen>
<dimen name="dp_294">329.28dp</dimen>
<dimen name="dp_295">330.40dp</dimen>
<dimen name="dp_296">331.52dp</dimen>
<dimen name="dp_297">332.64dp</dimen>
<dimen name="dp_298">333.76dp</dimen>
<dimen name="dp_299">334.88dp</dimen>
<dimen name="dp_300">336.00dp</dimen>
<dimen name="dp_301">337.12dp</dimen>
<dimen name="dp_302">338.24dp</dimen>
<dimen name="dp_303">339.36dp</dimen>
<dimen name="dp_304">340.48dp</dimen>
<dimen name="dp_305">341.60dp</dimen>
<dimen name="dp_306">342.72dp</dimen>
<dimen name="dp_307">343.84dp</dimen>
<dimen name="dp_308">344.96dp</dimen>
<dimen name="dp_309">346.08dp</dimen>
<dimen name="dp_310">347.20dp</dimen>
<dimen name="dp_311">348.32dp</dimen>
<dimen name="dp_312">349.44dp</dimen>
<dimen name="dp_313">350.56dp</dimen>
<dimen name="dp_314">351.68dp</dimen>
<dimen name="dp_315">352.80dp</dimen>
<dimen name="dp_316">353.92dp</dimen>
<dimen name="dp_317">355.04dp</dimen>
<dimen name="dp_318">356.16dp</dimen>
<dimen name="dp_319">357.28dp</dimen>
<dimen name="dp_320">358.40dp</dimen>
<dimen name="dp_321">359.52dp</dimen>
<dimen name="dp_322">360.64dp</dimen>
<dimen name="dp_323">361.76dp</dimen>
<dimen name="dp_324">362.88dp</dimen>
<dimen name="dp_325">364.00dp</dimen>
<dimen name="dp_326">365.12dp</dimen>
<dimen name="dp_327">366.24dp</dimen>
<dimen name="dp_328">367.36dp</dimen>
<dimen name="dp_329">368.48dp</dimen>
<dimen name="dp_330">369.60dp</dimen>
<dimen name="dp_331">370.72dp</dimen>
<dimen name="dp_332">371.84dp</dimen>
<dimen name="dp_333">372.96dp</dimen>
<dimen name="dp_334">374.08dp</dimen>
<dimen name="dp_335">375.20dp</dimen>
<dimen name="dp_336">376.32dp</dimen>
<dimen name="dp_337">377.44dp</dimen>
<dimen name="dp_338">378.56dp</dimen>
<dimen name="dp_339">379.68dp</dimen>
<dimen name="dp_340">380.80dp</dimen>
<dimen name="dp_341">381.92dp</dimen>
<dimen name="dp_342">383.04dp</dimen>
<dimen name="dp_343">384.16dp</dimen>
<dimen name="dp_344">385.28dp</dimen>
<dimen name="dp_345">386.40dp</dimen>
<dimen name="dp_346">387.52dp</dimen>
<dimen name="dp_347">388.64dp</dimen>
<dimen name="dp_348">389.76dp</dimen>
<dimen name="dp_349">390.88dp</dimen>
<dimen name="dp_350">392.00dp</dimen>
<dimen name="dp_351">393.12dp</dimen>
<dimen name="dp_352">394.24dp</dimen>
<dimen name="dp_353">395.36dp</dimen>
<dimen name="dp_354">396.48dp</dimen>
<dimen name="dp_355">397.60dp</dimen>
<dimen name="dp_356">398.72dp</dimen>
<dimen name="dp_357">399.84dp</dimen>
<dimen name="dp_358">400.96dp</dimen>
<dimen name="dp_359">402.08dp</dimen>
<dimen name="dp_360">403.20dp</dimen>
<dimen name="dp_361">404.32dp</dimen>
<dimen name="dp_362">405.44dp</dimen>
<dimen name="dp_363">406.56dp</dimen>
<dimen name="dp_364">407.68dp</dimen>
<dimen name="dp_365">408.80dp</dimen>
<dimen name="dp_366">409.92dp</dimen>
<dimen name="dp_367">411.04dp</dimen>
<dimen name="dp_368">412.16dp</dimen>
<dimen name="dp_369">413.28dp</dimen>
<dimen name="dp_370">414.40dp</dimen>
<dimen name="dp_371">415.52dp</dimen>
<dimen name="dp_372">416.64dp</dimen>
<dimen name="dp_373">417.76dp</dimen>
<dimen name="dp_374">418.88dp</dimen>
<dimen name="dp_375">420.00dp</dimen>
<dimen name="dp_376">421.12dp</dimen>
<dimen name="dp_377">422.24dp</dimen>
<dimen name="dp_378">423.36dp</dimen>
<dimen name="dp_379">424.48dp</dimen>
<dimen name="dp_380">425.60dp</dimen>
<dimen name="dp_381">426.72dp</dimen>
<dimen name="dp_382">427.84dp</dimen>
<dimen name="dp_383">428.96dp</dimen>
<dimen name="dp_384">430.08dp</dimen>
<dimen name="dp_385">431.20dp</dimen>
<dimen name="dp_386">432.32dp</dimen>
<dimen name="dp_387">433.44dp</dimen>
<dimen name="dp_388">434.56dp</dimen>
<dimen name="dp_389">435.68dp</dimen>
<dimen name="dp_390">436.80dp</dimen>
<dimen name="dp_391">437.92dp</dimen>
<dimen name="dp_392">439.04dp</dimen>
<dimen name="dp_393">440.16dp</dimen>
<dimen name="dp_394">441.28dp</dimen>
<dimen name="dp_395">442.40dp</dimen>
<dimen name="dp_396">443.52dp</dimen>
<dimen name="dp_397">444.64dp</dimen>
<dimen name="dp_398">445.76dp</dimen>
<dimen name="dp_399">446.88dp</dimen>
<dimen name="dp_400">448.00dp</dimen>
<dimen name="dp_401">449.12dp</dimen>
<dimen name="dp_402">450.24dp</dimen>
<dimen name="dp_403">451.36dp</dimen>
<dimen name="dp_404">452.48dp</dimen>
<dimen name="dp_405">453.60dp</dimen>
<dimen name="dp_406">454.72dp</dimen>
<dimen name="dp_407">455.84dp</dimen>
<dimen name="dp_408">456.96dp</dimen>
<dimen name="dp_409">458.08dp</dimen>
<dimen name="dp_410">459.20dp</dimen>
<dimen name="dp_411">460.32dp</dimen>
<dimen name="dp_412">461.44dp</dimen>
<dimen name="dp_413">462.56dp</dimen>
<dimen name="dp_414">463.68dp</dimen>
<dimen name="dp_415">464.80dp</dimen>
<dimen name="dp_416">465.92dp</dimen>
<dimen name="dp_417">467.04dp</dimen>
<dimen name="dp_418">468.16dp</dimen>
<dimen name="dp_419">469.28dp</dimen>
<dimen name="dp_420">470.40dp</dimen>
<dimen name="dp_421">471.52dp</dimen>
<dimen name="dp_422">472.64dp</dimen>
<dimen name="dp_423">473.76dp</dimen>
<dimen name="dp_424">474.88dp</dimen>
<dimen name="dp_425">476.00dp</dimen>
<dimen name="dp_426">477.12dp</dimen>
<dimen name="dp_427">478.24dp</dimen>
<dimen name="dp_428">479.36dp</dimen>
<dimen name="dp_429">480.48dp</dimen>
<dimen name="dp_430">481.60dp</dimen>
<dimen name="dp_431">482.72dp</dimen>
<dimen name="dp_432">483.84dp</dimen>
<dimen name="dp_433">484.96dp</dimen>
<dimen name="dp_434">486.08dp</dimen>
<dimen name="dp_435">487.20dp</dimen>
<dimen name="dp_436">488.32dp</dimen>
<dimen name="dp_437">489.44dp</dimen>
<dimen name="dp_438">490.56dp</dimen>
<dimen name="dp_439">491.68dp</dimen>
<dimen name="dp_440">492.80dp</dimen>
<dimen name="dp_441">493.92dp</dimen>
<dimen name="dp_442">495.04dp</dimen>
<dimen name="dp_443">496.16dp</dimen>
<dimen name="dp_444">497.28dp</dimen>
<dimen name="dp_445">498.40dp</dimen>
<dimen name="dp_446">499.52dp</dimen>
<dimen name="dp_447">500.64dp</dimen>
<dimen name="dp_448">501.76dp</dimen>
<dimen name="dp_449">502.88dp</dimen>
<dimen name="dp_450">504.00dp</dimen>
<dimen name="dp_451">505.12dp</dimen>
<dimen name="dp_452">506.24dp</dimen>
<dimen name="dp_453">507.36dp</dimen>
<dimen name="dp_454">508.48dp</dimen>
<dimen name="dp_455">509.60dp</dimen>
<dimen name="dp_456">510.72dp</dimen>
<dimen name="dp_457">511.84dp</dimen>
<dimen name="dp_458">512.96dp</dimen>
<dimen name="dp_459">514.08dp</dimen>
<dimen name="dp_460">515.20dp</dimen>
<dimen name="dp_461">516.32dp</dimen>
<dimen name="dp_462">517.44dp</dimen>
<dimen name="dp_463">518.56dp</dimen>
<dimen name="dp_464">519.68dp</dimen>
<dimen name="dp_465">520.80dp</dimen>
<dimen name="dp_466">521.92dp</dimen>
<dimen name="dp_467">523.04dp</dimen>
<dimen name="dp_468">524.16dp</dimen>
<dimen name="dp_469">525.28dp</dimen>
<dimen name="dp_470">526.40dp</dimen>
<dimen name="dp_471">527.52dp</dimen>
<dimen name="dp_472">528.64dp</dimen>
<dimen name="dp_473">529.76dp</dimen>
<dimen name="dp_474">530.88dp</dimen>
<dimen name="dp_475">532.00dp</dimen>
<dimen name="dp_476">533.12dp</dimen>
<dimen name="dp_477">534.24dp</dimen>
<dimen name="dp_478">535.36dp</dimen>
<dimen name="dp_479">536.48dp</dimen>
<dimen name="dp_480">537.60dp</dimen>
<dimen name="dp_481">538.72dp</dimen>
<dimen name="dp_482">539.84dp</dimen>
<dimen name="dp_483">540.96dp</dimen>
<dimen name="dp_484">542.08dp</dimen>
<dimen name="dp_485">543.20dp</dimen>
<dimen name="dp_486">544.32dp</dimen>
<dimen name="dp_487">545.44dp</dimen>
<dimen name="dp_488">546.56dp</dimen>
<dimen name="dp_489">547.68dp</dimen>
<dimen name="dp_490">548.80dp</dimen>
<dimen name="dp_491">549.92dp</dimen>
<dimen name="dp_492">551.04dp</dimen>
<dimen name="dp_493">552.16dp</dimen>
<dimen name="dp_494">553.28dp</dimen>
<dimen name="dp_495">554.40dp</dimen>
<dimen name="dp_496">555.52dp</dimen>
<dimen name="dp_497">556.64dp</dimen>
<dimen name="dp_498">557.76dp</dimen>
<dimen name="dp_499">558.88dp</dimen>
<dimen name="dp_500">560.00dp</dimen>
<dimen name="dp_501">561.12dp</dimen>
<dimen name="dp_502">562.24dp</dimen>
<dimen name="dp_503">563.36dp</dimen>
<dimen name="dp_504">564.48dp</dimen>
<dimen name="dp_505">565.60dp</dimen>
<dimen name="dp_506">566.72dp</dimen>
<dimen name="dp_507">567.84dp</dimen>
<dimen name="dp_508">568.96dp</dimen>
<dimen name="dp_509">570.08dp</dimen>
<dimen name="dp_510">571.20dp</dimen>
<dimen name="dp_511">572.32dp</dimen>
<dimen name="dp_512">573.44dp</dimen>
<dimen name="dp_513">574.56dp</dimen>
<dimen name="dp_514">575.68dp</dimen>
<dimen name="dp_515">576.80dp</dimen>
<dimen name="dp_516">577.92dp</dimen>
<dimen name="dp_517">579.04dp</dimen>
<dimen name="dp_518">580.16dp</dimen>
<dimen name="dp_519">581.28dp</dimen>
<dimen name="dp_520">582.40dp</dimen>
<dimen name="dp_521">583.52dp</dimen>
<dimen name="dp_522">584.64dp</dimen>
<dimen name="dp_523">585.76dp</dimen>
<dimen name="dp_524">586.88dp</dimen>
<dimen name="dp_525">588.00dp</dimen>
<dimen name="dp_526">589.12dp</dimen>
<dimen name="dp_527">590.24dp</dimen>
<dimen name="dp_528">591.36dp</dimen>
<dimen name="dp_529">592.48dp</dimen>
<dimen name="dp_530">593.60dp</dimen>
<dimen name="dp_531">594.72dp</dimen>
<dimen name="dp_532">595.84dp</dimen>
<dimen name="dp_533">596.96dp</dimen>
<dimen name="dp_534">598.08dp</dimen>
<dimen name="dp_535">599.20dp</dimen>
<dimen name="dp_536">600.32dp</dimen>
<dimen name="dp_537">601.44dp</dimen>
<dimen name="dp_538">602.56dp</dimen>
<dimen name="dp_539">603.68dp</dimen>
<dimen name="dp_540">604.80dp</dimen>
<dimen name="dp_541">605.92dp</dimen>
<dimen name="dp_542">607.04dp</dimen>
<dimen name="dp_543">608.16dp</dimen>
<dimen name="dp_544">609.28dp</dimen>
<dimen name="dp_545">610.40dp</dimen>
<dimen name="dp_546">611.52dp</dimen>
<dimen name="dp_547">612.64dp</dimen>
<dimen name="dp_548">613.76dp</dimen>
<dimen name="dp_549">614.88dp</dimen>
<dimen name="dp_550">616.00dp</dimen>
<dimen name="dp_551">617.12dp</dimen>
<dimen name="dp_552">618.24dp</dimen>
<dimen name="dp_553">619.36dp</dimen>
<dimen name="dp_554">620.48dp</dimen>
<dimen name="dp_555">621.60dp</dimen>
<dimen name="dp_556">622.72dp</dimen>
<dimen name="dp_557">623.84dp</dimen>
<dimen name="dp_558">624.96dp</dimen>
<dimen name="dp_559">626.08dp</dimen>
<dimen name="dp_560">627.20dp</dimen>
<dimen name="dp_561">628.32dp</dimen>
<dimen name="dp_562">629.44dp</dimen>
<dimen name="dp_563">630.56dp</dimen>
<dimen name="dp_564">631.68dp</dimen>
<dimen name="dp_565">632.80dp</dimen>
<dimen name="dp_566">633.92dp</dimen>
<dimen name="dp_567">635.04dp</dimen>
<dimen name="dp_568">636.16dp</dimen>
<dimen name="dp_569">637.28dp</dimen>
<dimen name="dp_570">638.40dp</dimen>
<dimen name="dp_571">639.52dp</dimen>
<dimen name="dp_572">640.64dp</dimen>
<dimen name="dp_573">641.76dp</dimen>
<dimen name="dp_574">642.88dp</dimen>
<dimen name="dp_575">644.00dp</dimen>
<dimen name="dp_576">645.12dp</dimen>
<dimen name="dp_577">646.24dp</dimen>
<dimen name="dp_578">647.36dp</dimen>
<dimen name="dp_579">648.48dp</dimen>
<dimen name="dp_580">649.60dp</dimen>
<dimen name="dp_581">650.72dp</dimen>
<dimen name="dp_582">651.84dp</dimen>
<dimen name="dp_583">652.96dp</dimen>
<dimen name="dp_584">654.08dp</dimen>
<dimen name="dp_585">655.20dp</dimen>
<dimen name="dp_586">656.32dp</dimen>
<dimen name="dp_587">657.44dp</dimen>
<dimen name="dp_588">658.56dp</dimen>
<dimen name="dp_589">659.68dp</dimen>
<dimen name="dp_590">660.80dp</dimen>
<dimen name="dp_591">661.92dp</dimen>
<dimen name="dp_592">663.04dp</dimen>
<dimen name="dp_593">664.16dp</dimen>
<dimen name="dp_594">665.28dp</dimen>
<dimen name="dp_595">666.40dp</dimen>
<dimen name="dp_596">667.52dp</dimen>
<dimen name="dp_597">668.64dp</dimen>
<dimen name="dp_598">669.76dp</dimen>
<dimen name="dp_599">670.88dp</dimen>
<dimen name="dp_600">672.00dp</dimen>
<dimen name="dp_601">673.12dp</dimen>
<dimen name="dp_602">674.24dp</dimen>
<dimen name="dp_603">675.36dp</dimen>
<dimen name="dp_604">676.48dp</dimen>
<dimen name="dp_605">677.60dp</dimen>
<dimen name="dp_606">678.72dp</dimen>
<dimen name="dp_607">679.84dp</dimen>
<dimen name="dp_608">680.96dp</dimen>
<dimen name="dp_609">682.08dp</dimen>
<dimen name="dp_610">683.20dp</dimen>
<dimen name="dp_611">684.32dp</dimen>
<dimen name="dp_612">685.44dp</dimen>
<dimen name="dp_613">686.56dp</dimen>
<dimen name="dp_614">687.68dp</dimen>
<dimen name="dp_615">688.80dp</dimen>
<dimen name="dp_616">689.92dp</dimen>
<dimen name="dp_617">691.04dp</dimen>
<dimen name="dp_618">692.16dp</dimen>
<dimen name="dp_619">693.28dp</dimen>
<dimen name="dp_620">694.40dp</dimen>
<dimen name="dp_621">695.52dp</dimen>
<dimen name="dp_622">696.64dp</dimen>
<dimen name="dp_623">697.76dp</dimen>
<dimen name="dp_624">698.88dp</dimen>
<dimen name="dp_625">700.00dp</dimen>
<dimen name="dp_626">701.12dp</dimen>
<dimen name="dp_627">702.24dp</dimen>
<dimen name="dp_628">703.36dp</dimen>
<dimen name="dp_629">704.48dp</dimen>
<dimen name="dp_630">705.60dp</dimen>
<dimen name="dp_631">706.72dp</dimen>
<dimen name="dp_632">707.84dp</dimen>
<dimen name="dp_633">708.96dp</dimen>
<dimen name="dp_634">710.08dp</dimen>
<dimen name="dp_635">711.20dp</dimen>
<dimen name="dp_636">712.32dp</dimen>
<dimen name="dp_637">713.44dp</dimen>
<dimen name="dp_638">714.56dp</dimen>
<dimen name="dp_639">715.68dp</dimen>
<dimen name="dp_640">716.80dp</dimen>
<dimen name="dp_641">717.92dp</dimen>
<dimen name="dp_642">719.04dp</dimen>
<dimen name="dp_643">720.16dp</dimen>
<dimen name="dp_644">721.28dp</dimen>
<dimen name="dp_645">722.40dp</dimen>
<dimen name="dp_646">723.52dp</dimen>
<dimen name="dp_647">724.64dp</dimen>
<dimen name="dp_648">725.76dp</dimen>
<dimen name="dp_649">726.88dp</dimen>
<dimen name="dp_650">728.00dp</dimen>
<dimen name="dp_651">729.12dp</dimen>
<dimen name="dp_652">730.24dp</dimen>
<dimen name="dp_653">731.36dp</dimen>
<dimen name="dp_654">732.48dp</dimen>
<dimen name="dp_655">733.60dp</dimen>
<dimen name="dp_656">734.72dp</dimen>
<dimen name="dp_657">735.84dp</dimen>
<dimen name="dp_658">736.96dp</dimen>
<dimen name="dp_659">738.08dp</dimen>
<dimen name="dp_660">739.20dp</dimen>
<dimen name="dp_661">740.32dp</dimen>
<dimen name="dp_662">741.44dp</dimen>
<dimen name="dp_663">742.56dp</dimen>
<dimen name="dp_664">743.68dp</dimen>
<dimen name="dp_665">744.80dp</dimen>
<dimen name="dp_666">745.92dp</dimen>
<dimen name="dp_667">747.04dp</dimen>
<dimen name="dp_668">748.16dp</dimen>
<dimen name="dp_669">749.28dp</dimen>
<dimen name="dp_670">750.40dp</dimen>
<dimen name="dp_671">751.52dp</dimen>
<dimen name="dp_672">752.64dp</dimen>
<dimen name="dp_673">753.76dp</dimen>
<dimen name="dp_674">754.88dp</dimen>
<dimen name="dp_675">756.00dp</dimen>
<dimen name="dp_676">757.12dp</dimen>
<dimen name="dp_677">758.24dp</dimen>
<dimen name="dp_678">759.36dp</dimen>
<dimen name="dp_679">760.48dp</dimen>
<dimen name="dp_680">761.60dp</dimen>
<dimen name="dp_681">762.72dp</dimen>
<dimen name="dp_682">763.84dp</dimen>
<dimen name="dp_683">764.96dp</dimen>
<dimen name="dp_684">766.08dp</dimen>
<dimen name="dp_685">767.20dp</dimen>
<dimen name="dp_686">768.32dp</dimen>
<dimen name="dp_687">769.44dp</dimen>
<dimen name="dp_688">770.56dp</dimen>
<dimen name="dp_689">771.68dp</dimen>
<dimen name="dp_690">772.80dp</dimen>
<dimen name="dp_691">773.92dp</dimen>
<dimen name="dp_692">775.04dp</dimen>
<dimen name="dp_693">776.16dp</dimen>
<dimen name="dp_694">777.28dp</dimen>
<dimen name="dp_695">778.40dp</dimen>
<dimen name="dp_696">779.52dp</dimen>
<dimen name="dp_697">780.64dp</dimen>
<dimen name="dp_698">781.76dp</dimen>
<dimen name="dp_699">782.88dp</dimen>
<dimen name="dp_700">784.00dp</dimen>
<dimen name="dp_701">785.12dp</dimen>
<dimen name="dp_702">786.24dp</dimen>
<dimen name="dp_703">787.36dp</dimen>
<dimen name="dp_704">788.48dp</dimen>
<dimen name="dp_705">789.60dp</dimen>
<dimen name="dp_706">790.72dp</dimen>
<dimen name="dp_707">791.84dp</dimen>
<dimen name="dp_708">792.96dp</dimen>
<dimen name="dp_709">794.08dp</dimen>
<dimen name="dp_710">795.20dp</dimen>
<dimen name="dp_711">796.32dp</dimen>
<dimen name="dp_712">797.44dp</dimen>
<dimen name="dp_713">798.56dp</dimen>
<dimen name="dp_714">799.68dp</dimen>
<dimen name="dp_715">800.80dp</dimen>
<dimen name="dp_716">801.92dp</dimen>
<dimen name="dp_717">803.04dp</dimen>
<dimen name="dp_718">804.16dp</dimen>
<dimen name="dp_719">805.28dp</dimen>
<dimen name="dp_720">806.40dp</dimen>
</resources>
