<?xml version="1.0" encoding="utf-8"?>
<resources>
<dimen name="base_dpi">450dp</dimen>
<dimen name="dp_0">0.00dp</dimen>
<dimen name="dp_1">1.20dp</dimen>
<dimen name="dp_2">2.40dp</dimen>
<dimen name="dp_3">3.60dp</dimen>
<dimen name="dp_4">4.80dp</dimen>
<dimen name="dp_5">6.00dp</dimen>
<dimen name="dp_6">7.20dp</dimen>
<dimen name="dp_7">8.40dp</dimen>
<dimen name="dp_8">9.60dp</dimen>
<dimen name="dp_9">10.80dp</dimen>
<dimen name="dp_10">12.00dp</dimen>
<dimen name="dp_11">13.20dp</dimen>
<dimen name="dp_12">14.40dp</dimen>
<dimen name="dp_13">15.60dp</dimen>
<dimen name="dp_14">16.80dp</dimen>
<dimen name="dp_15">18.00dp</dimen>
<dimen name="dp_16">19.20dp</dimen>
<dimen name="dp_17">20.40dp</dimen>
<dimen name="dp_18">21.60dp</dimen>
<dimen name="dp_19">22.80dp</dimen>
<dimen name="dp_20">24.00dp</dimen>
<dimen name="dp_21">25.20dp</dimen>
<dimen name="dp_22">26.40dp</dimen>
<dimen name="dp_23">27.60dp</dimen>
<dimen name="dp_24">28.80dp</dimen>
<dimen name="dp_25">30.00dp</dimen>
<dimen name="dp_26">31.20dp</dimen>
<dimen name="dp_27">32.40dp</dimen>
<dimen name="dp_28">33.60dp</dimen>
<dimen name="dp_29">34.80dp</dimen>
<dimen name="dp_30">36.00dp</dimen>
<dimen name="dp_31">37.20dp</dimen>
<dimen name="dp_32">38.40dp</dimen>
<dimen name="dp_33">39.60dp</dimen>
<dimen name="dp_34">40.80dp</dimen>
<dimen name="dp_35">42.00dp</dimen>
<dimen name="dp_36">43.20dp</dimen>
<dimen name="dp_37">44.40dp</dimen>
<dimen name="dp_38">45.60dp</dimen>
<dimen name="dp_39">46.80dp</dimen>
<dimen name="dp_40">48.00dp</dimen>
<dimen name="dp_41">49.20dp</dimen>
<dimen name="dp_42">50.40dp</dimen>
<dimen name="dp_43">51.60dp</dimen>
<dimen name="dp_44">52.80dp</dimen>
<dimen name="dp_45">54.00dp</dimen>
<dimen name="dp_46">55.20dp</dimen>
<dimen name="dp_47">56.40dp</dimen>
<dimen name="dp_48">57.60dp</dimen>
<dimen name="dp_49">58.80dp</dimen>
<dimen name="dp_50">60.00dp</dimen>
<dimen name="dp_51">61.20dp</dimen>
<dimen name="dp_52">62.40dp</dimen>
<dimen name="dp_53">63.60dp</dimen>
<dimen name="dp_54">64.80dp</dimen>
<dimen name="dp_55">66.00dp</dimen>
<dimen name="dp_56">67.20dp</dimen>
<dimen name="dp_57">68.40dp</dimen>
<dimen name="dp_58">69.60dp</dimen>
<dimen name="dp_59">70.80dp</dimen>
<dimen name="dp_60">72.00dp</dimen>
<dimen name="dp_61">73.20dp</dimen>
<dimen name="dp_62">74.40dp</dimen>
<dimen name="dp_63">75.60dp</dimen>
<dimen name="dp_64">76.80dp</dimen>
<dimen name="dp_65">78.00dp</dimen>
<dimen name="dp_66">79.20dp</dimen>
<dimen name="dp_67">80.40dp</dimen>
<dimen name="dp_68">81.60dp</dimen>
<dimen name="dp_69">82.80dp</dimen>
<dimen name="dp_70">84.00dp</dimen>
<dimen name="dp_71">85.20dp</dimen>
<dimen name="dp_72">86.40dp</dimen>
<dimen name="dp_73">87.60dp</dimen>
<dimen name="dp_74">88.80dp</dimen>
<dimen name="dp_75">90.00dp</dimen>
<dimen name="dp_76">91.20dp</dimen>
<dimen name="dp_77">92.40dp</dimen>
<dimen name="dp_78">93.60dp</dimen>
<dimen name="dp_79">94.80dp</dimen>
<dimen name="dp_80">96.00dp</dimen>
<dimen name="dp_81">97.20dp</dimen>
<dimen name="dp_82">98.40dp</dimen>
<dimen name="dp_83">99.60dp</dimen>
<dimen name="dp_84">100.80dp</dimen>
<dimen name="dp_85">102.00dp</dimen>
<dimen name="dp_86">103.20dp</dimen>
<dimen name="dp_87">104.40dp</dimen>
<dimen name="dp_88">105.60dp</dimen>
<dimen name="dp_89">106.80dp</dimen>
<dimen name="dp_90">108.00dp</dimen>
<dimen name="dp_91">109.20dp</dimen>
<dimen name="dp_92">110.40dp</dimen>
<dimen name="dp_93">111.60dp</dimen>
<dimen name="dp_94">112.80dp</dimen>
<dimen name="dp_95">114.00dp</dimen>
<dimen name="dp_96">115.20dp</dimen>
<dimen name="dp_97">116.40dp</dimen>
<dimen name="dp_98">117.60dp</dimen>
<dimen name="dp_99">118.80dp</dimen>
<dimen name="dp_100">120.00dp</dimen>
<dimen name="dp_101">121.20dp</dimen>
<dimen name="dp_102">122.40dp</dimen>
<dimen name="dp_103">123.60dp</dimen>
<dimen name="dp_104">124.80dp</dimen>
<dimen name="dp_105">126.00dp</dimen>
<dimen name="dp_106">127.20dp</dimen>
<dimen name="dp_107">128.40dp</dimen>
<dimen name="dp_108">129.60dp</dimen>
<dimen name="dp_109">130.80dp</dimen>
<dimen name="dp_110">132.00dp</dimen>
<dimen name="dp_111">133.20dp</dimen>
<dimen name="dp_112">134.40dp</dimen>
<dimen name="dp_113">135.60dp</dimen>
<dimen name="dp_114">136.80dp</dimen>
<dimen name="dp_115">138.00dp</dimen>
<dimen name="dp_116">139.20dp</dimen>
<dimen name="dp_117">140.40dp</dimen>
<dimen name="dp_118">141.60dp</dimen>
<dimen name="dp_119">142.80dp</dimen>
<dimen name="dp_120">144.00dp</dimen>
<dimen name="dp_121">145.20dp</dimen>
<dimen name="dp_122">146.40dp</dimen>
<dimen name="dp_123">147.60dp</dimen>
<dimen name="dp_124">148.80dp</dimen>
<dimen name="dp_125">150.00dp</dimen>
<dimen name="dp_126">151.20dp</dimen>
<dimen name="dp_127">152.40dp</dimen>
<dimen name="dp_128">153.60dp</dimen>
<dimen name="dp_129">154.80dp</dimen>
<dimen name="dp_130">156.00dp</dimen>
<dimen name="dp_131">157.20dp</dimen>
<dimen name="dp_132">158.40dp</dimen>
<dimen name="dp_133">159.60dp</dimen>
<dimen name="dp_134">160.80dp</dimen>
<dimen name="dp_135">162.00dp</dimen>
<dimen name="dp_136">163.20dp</dimen>
<dimen name="dp_137">164.40dp</dimen>
<dimen name="dp_138">165.60dp</dimen>
<dimen name="dp_139">166.80dp</dimen>
<dimen name="dp_140">168.00dp</dimen>
<dimen name="dp_141">169.20dp</dimen>
<dimen name="dp_142">170.40dp</dimen>
<dimen name="dp_143">171.60dp</dimen>
<dimen name="dp_144">172.80dp</dimen>
<dimen name="dp_145">174.00dp</dimen>
<dimen name="dp_146">175.20dp</dimen>
<dimen name="dp_147">176.40dp</dimen>
<dimen name="dp_148">177.60dp</dimen>
<dimen name="dp_149">178.80dp</dimen>
<dimen name="dp_150">180.00dp</dimen>
<dimen name="dp_151">181.20dp</dimen>
<dimen name="dp_152">182.40dp</dimen>
<dimen name="dp_153">183.60dp</dimen>
<dimen name="dp_154">184.80dp</dimen>
<dimen name="dp_155">186.00dp</dimen>
<dimen name="dp_156">187.20dp</dimen>
<dimen name="dp_157">188.40dp</dimen>
<dimen name="dp_158">189.60dp</dimen>
<dimen name="dp_159">190.80dp</dimen>
<dimen name="dp_160">192.00dp</dimen>
<dimen name="dp_161">193.20dp</dimen>
<dimen name="dp_162">194.40dp</dimen>
<dimen name="dp_163">195.60dp</dimen>
<dimen name="dp_164">196.80dp</dimen>
<dimen name="dp_165">198.00dp</dimen>
<dimen name="dp_166">199.20dp</dimen>
<dimen name="dp_167">200.40dp</dimen>
<dimen name="dp_168">201.60dp</dimen>
<dimen name="dp_169">202.80dp</dimen>
<dimen name="dp_170">204.00dp</dimen>
<dimen name="dp_171">205.20dp</dimen>
<dimen name="dp_172">206.40dp</dimen>
<dimen name="dp_173">207.60dp</dimen>
<dimen name="dp_174">208.80dp</dimen>
<dimen name="dp_175">210.00dp</dimen>
<dimen name="dp_176">211.20dp</dimen>
<dimen name="dp_177">212.40dp</dimen>
<dimen name="dp_178">213.60dp</dimen>
<dimen name="dp_179">214.80dp</dimen>
<dimen name="dp_180">216.00dp</dimen>
<dimen name="dp_181">217.20dp</dimen>
<dimen name="dp_182">218.40dp</dimen>
<dimen name="dp_183">219.60dp</dimen>
<dimen name="dp_184">220.80dp</dimen>
<dimen name="dp_185">222.00dp</dimen>
<dimen name="dp_186">223.20dp</dimen>
<dimen name="dp_187">224.40dp</dimen>
<dimen name="dp_188">225.60dp</dimen>
<dimen name="dp_189">226.80dp</dimen>
<dimen name="dp_190">228.00dp</dimen>
<dimen name="dp_191">229.20dp</dimen>
<dimen name="dp_192">230.40dp</dimen>
<dimen name="dp_193">231.60dp</dimen>
<dimen name="dp_194">232.80dp</dimen>
<dimen name="dp_195">234.00dp</dimen>
<dimen name="dp_196">235.20dp</dimen>
<dimen name="dp_197">236.40dp</dimen>
<dimen name="dp_198">237.60dp</dimen>
<dimen name="dp_199">238.80dp</dimen>
<dimen name="dp_200">240.00dp</dimen>
<dimen name="dp_201">241.20dp</dimen>
<dimen name="dp_202">242.40dp</dimen>
<dimen name="dp_203">243.60dp</dimen>
<dimen name="dp_204">244.80dp</dimen>
<dimen name="dp_205">246.00dp</dimen>
<dimen name="dp_206">247.20dp</dimen>
<dimen name="dp_207">248.40dp</dimen>
<dimen name="dp_208">249.60dp</dimen>
<dimen name="dp_209">250.80dp</dimen>
<dimen name="dp_210">252.00dp</dimen>
<dimen name="dp_211">253.20dp</dimen>
<dimen name="dp_212">254.40dp</dimen>
<dimen name="dp_213">255.60dp</dimen>
<dimen name="dp_214">256.80dp</dimen>
<dimen name="dp_215">258.00dp</dimen>
<dimen name="dp_216">259.20dp</dimen>
<dimen name="dp_217">260.40dp</dimen>
<dimen name="dp_218">261.60dp</dimen>
<dimen name="dp_219">262.80dp</dimen>
<dimen name="dp_220">264.00dp</dimen>
<dimen name="dp_221">265.20dp</dimen>
<dimen name="dp_222">266.40dp</dimen>
<dimen name="dp_223">267.60dp</dimen>
<dimen name="dp_224">268.80dp</dimen>
<dimen name="dp_225">270.00dp</dimen>
<dimen name="dp_226">271.20dp</dimen>
<dimen name="dp_227">272.40dp</dimen>
<dimen name="dp_228">273.60dp</dimen>
<dimen name="dp_229">274.80dp</dimen>
<dimen name="dp_230">276.00dp</dimen>
<dimen name="dp_231">277.20dp</dimen>
<dimen name="dp_232">278.40dp</dimen>
<dimen name="dp_233">279.60dp</dimen>
<dimen name="dp_234">280.80dp</dimen>
<dimen name="dp_235">282.00dp</dimen>
<dimen name="dp_236">283.20dp</dimen>
<dimen name="dp_237">284.40dp</dimen>
<dimen name="dp_238">285.60dp</dimen>
<dimen name="dp_239">286.80dp</dimen>
<dimen name="dp_240">288.00dp</dimen>
<dimen name="dp_241">289.20dp</dimen>
<dimen name="dp_242">290.40dp</dimen>
<dimen name="dp_243">291.60dp</dimen>
<dimen name="dp_244">292.80dp</dimen>
<dimen name="dp_245">294.00dp</dimen>
<dimen name="dp_246">295.20dp</dimen>
<dimen name="dp_247">296.40dp</dimen>
<dimen name="dp_248">297.60dp</dimen>
<dimen name="dp_249">298.80dp</dimen>
<dimen name="dp_250">300.00dp</dimen>
<dimen name="dp_251">301.20dp</dimen>
<dimen name="dp_252">302.40dp</dimen>
<dimen name="dp_253">303.60dp</dimen>
<dimen name="dp_254">304.80dp</dimen>
<dimen name="dp_255">306.00dp</dimen>
<dimen name="dp_256">307.20dp</dimen>
<dimen name="dp_257">308.40dp</dimen>
<dimen name="dp_258">309.60dp</dimen>
<dimen name="dp_259">310.80dp</dimen>
<dimen name="dp_260">312.00dp</dimen>
<dimen name="dp_261">313.20dp</dimen>
<dimen name="dp_262">314.40dp</dimen>
<dimen name="dp_263">315.60dp</dimen>
<dimen name="dp_264">316.80dp</dimen>
<dimen name="dp_265">318.00dp</dimen>
<dimen name="dp_266">319.20dp</dimen>
<dimen name="dp_267">320.40dp</dimen>
<dimen name="dp_268">321.60dp</dimen>
<dimen name="dp_269">322.80dp</dimen>
<dimen name="dp_270">324.00dp</dimen>
<dimen name="dp_271">325.20dp</dimen>
<dimen name="dp_272">326.40dp</dimen>
<dimen name="dp_273">327.60dp</dimen>
<dimen name="dp_274">328.80dp</dimen>
<dimen name="dp_275">330.00dp</dimen>
<dimen name="dp_276">331.20dp</dimen>
<dimen name="dp_277">332.40dp</dimen>
<dimen name="dp_278">333.60dp</dimen>
<dimen name="dp_279">334.80dp</dimen>
<dimen name="dp_280">336.00dp</dimen>
<dimen name="dp_281">337.20dp</dimen>
<dimen name="dp_282">338.40dp</dimen>
<dimen name="dp_283">339.60dp</dimen>
<dimen name="dp_284">340.80dp</dimen>
<dimen name="dp_285">342.00dp</dimen>
<dimen name="dp_286">343.20dp</dimen>
<dimen name="dp_287">344.40dp</dimen>
<dimen name="dp_288">345.60dp</dimen>
<dimen name="dp_289">346.80dp</dimen>
<dimen name="dp_290">348.00dp</dimen>
<dimen name="dp_291">349.20dp</dimen>
<dimen name="dp_292">350.40dp</dimen>
<dimen name="dp_293">351.60dp</dimen>
<dimen name="dp_294">352.80dp</dimen>
<dimen name="dp_295">354.00dp</dimen>
<dimen name="dp_296">355.20dp</dimen>
<dimen name="dp_297">356.40dp</dimen>
<dimen name="dp_298">357.60dp</dimen>
<dimen name="dp_299">358.80dp</dimen>
<dimen name="dp_300">360.00dp</dimen>
<dimen name="dp_301">361.20dp</dimen>
<dimen name="dp_302">362.40dp</dimen>
<dimen name="dp_303">363.60dp</dimen>
<dimen name="dp_304">364.80dp</dimen>
<dimen name="dp_305">366.00dp</dimen>
<dimen name="dp_306">367.20dp</dimen>
<dimen name="dp_307">368.40dp</dimen>
<dimen name="dp_308">369.60dp</dimen>
<dimen name="dp_309">370.80dp</dimen>
<dimen name="dp_310">372.00dp</dimen>
<dimen name="dp_311">373.20dp</dimen>
<dimen name="dp_312">374.40dp</dimen>
<dimen name="dp_313">375.60dp</dimen>
<dimen name="dp_314">376.80dp</dimen>
<dimen name="dp_315">378.00dp</dimen>
<dimen name="dp_316">379.20dp</dimen>
<dimen name="dp_317">380.40dp</dimen>
<dimen name="dp_318">381.60dp</dimen>
<dimen name="dp_319">382.80dp</dimen>
<dimen name="dp_320">384.00dp</dimen>
<dimen name="dp_321">385.20dp</dimen>
<dimen name="dp_322">386.40dp</dimen>
<dimen name="dp_323">387.60dp</dimen>
<dimen name="dp_324">388.80dp</dimen>
<dimen name="dp_325">390.00dp</dimen>
<dimen name="dp_326">391.20dp</dimen>
<dimen name="dp_327">392.40dp</dimen>
<dimen name="dp_328">393.60dp</dimen>
<dimen name="dp_329">394.80dp</dimen>
<dimen name="dp_330">396.00dp</dimen>
<dimen name="dp_331">397.20dp</dimen>
<dimen name="dp_332">398.40dp</dimen>
<dimen name="dp_333">399.60dp</dimen>
<dimen name="dp_334">400.80dp</dimen>
<dimen name="dp_335">402.00dp</dimen>
<dimen name="dp_336">403.20dp</dimen>
<dimen name="dp_337">404.40dp</dimen>
<dimen name="dp_338">405.60dp</dimen>
<dimen name="dp_339">406.80dp</dimen>
<dimen name="dp_340">408.00dp</dimen>
<dimen name="dp_341">409.20dp</dimen>
<dimen name="dp_342">410.40dp</dimen>
<dimen name="dp_343">411.60dp</dimen>
<dimen name="dp_344">412.80dp</dimen>
<dimen name="dp_345">414.00dp</dimen>
<dimen name="dp_346">415.20dp</dimen>
<dimen name="dp_347">416.40dp</dimen>
<dimen name="dp_348">417.60dp</dimen>
<dimen name="dp_349">418.80dp</dimen>
<dimen name="dp_350">420.00dp</dimen>
<dimen name="dp_351">421.20dp</dimen>
<dimen name="dp_352">422.40dp</dimen>
<dimen name="dp_353">423.60dp</dimen>
<dimen name="dp_354">424.80dp</dimen>
<dimen name="dp_355">426.00dp</dimen>
<dimen name="dp_356">427.20dp</dimen>
<dimen name="dp_357">428.40dp</dimen>
<dimen name="dp_358">429.60dp</dimen>
<dimen name="dp_359">430.80dp</dimen>
<dimen name="dp_360">432.00dp</dimen>
<dimen name="dp_361">433.20dp</dimen>
<dimen name="dp_362">434.40dp</dimen>
<dimen name="dp_363">435.60dp</dimen>
<dimen name="dp_364">436.80dp</dimen>
<dimen name="dp_365">438.00dp</dimen>
<dimen name="dp_366">439.20dp</dimen>
<dimen name="dp_367">440.40dp</dimen>
<dimen name="dp_368">441.60dp</dimen>
<dimen name="dp_369">442.80dp</dimen>
<dimen name="dp_370">444.00dp</dimen>
<dimen name="dp_371">445.20dp</dimen>
<dimen name="dp_372">446.40dp</dimen>
<dimen name="dp_373">447.60dp</dimen>
<dimen name="dp_374">448.80dp</dimen>
<dimen name="dp_375">450.00dp</dimen>
<dimen name="dp_376">451.20dp</dimen>
<dimen name="dp_377">452.40dp</dimen>
<dimen name="dp_378">453.60dp</dimen>
<dimen name="dp_379">454.80dp</dimen>
<dimen name="dp_380">456.00dp</dimen>
<dimen name="dp_381">457.20dp</dimen>
<dimen name="dp_382">458.40dp</dimen>
<dimen name="dp_383">459.60dp</dimen>
<dimen name="dp_384">460.80dp</dimen>
<dimen name="dp_385">462.00dp</dimen>
<dimen name="dp_386">463.20dp</dimen>
<dimen name="dp_387">464.40dp</dimen>
<dimen name="dp_388">465.60dp</dimen>
<dimen name="dp_389">466.80dp</dimen>
<dimen name="dp_390">468.00dp</dimen>
<dimen name="dp_391">469.20dp</dimen>
<dimen name="dp_392">470.40dp</dimen>
<dimen name="dp_393">471.60dp</dimen>
<dimen name="dp_394">472.80dp</dimen>
<dimen name="dp_395">474.00dp</dimen>
<dimen name="dp_396">475.20dp</dimen>
<dimen name="dp_397">476.40dp</dimen>
<dimen name="dp_398">477.60dp</dimen>
<dimen name="dp_399">478.80dp</dimen>
<dimen name="dp_400">480.00dp</dimen>
<dimen name="dp_401">481.20dp</dimen>
<dimen name="dp_402">482.40dp</dimen>
<dimen name="dp_403">483.60dp</dimen>
<dimen name="dp_404">484.80dp</dimen>
<dimen name="dp_405">486.00dp</dimen>
<dimen name="dp_406">487.20dp</dimen>
<dimen name="dp_407">488.40dp</dimen>
<dimen name="dp_408">489.60dp</dimen>
<dimen name="dp_409">490.80dp</dimen>
<dimen name="dp_410">492.00dp</dimen>
<dimen name="dp_411">493.20dp</dimen>
<dimen name="dp_412">494.40dp</dimen>
<dimen name="dp_413">495.60dp</dimen>
<dimen name="dp_414">496.80dp</dimen>
<dimen name="dp_415">498.00dp</dimen>
<dimen name="dp_416">499.20dp</dimen>
<dimen name="dp_417">500.40dp</dimen>
<dimen name="dp_418">501.60dp</dimen>
<dimen name="dp_419">502.80dp</dimen>
<dimen name="dp_420">504.00dp</dimen>
<dimen name="dp_421">505.20dp</dimen>
<dimen name="dp_422">506.40dp</dimen>
<dimen name="dp_423">507.60dp</dimen>
<dimen name="dp_424">508.80dp</dimen>
<dimen name="dp_425">510.00dp</dimen>
<dimen name="dp_426">511.20dp</dimen>
<dimen name="dp_427">512.40dp</dimen>
<dimen name="dp_428">513.60dp</dimen>
<dimen name="dp_429">514.80dp</dimen>
<dimen name="dp_430">516.00dp</dimen>
<dimen name="dp_431">517.20dp</dimen>
<dimen name="dp_432">518.40dp</dimen>
<dimen name="dp_433">519.60dp</dimen>
<dimen name="dp_434">520.80dp</dimen>
<dimen name="dp_435">522.00dp</dimen>
<dimen name="dp_436">523.20dp</dimen>
<dimen name="dp_437">524.40dp</dimen>
<dimen name="dp_438">525.60dp</dimen>
<dimen name="dp_439">526.80dp</dimen>
<dimen name="dp_440">528.00dp</dimen>
<dimen name="dp_441">529.20dp</dimen>
<dimen name="dp_442">530.40dp</dimen>
<dimen name="dp_443">531.60dp</dimen>
<dimen name="dp_444">532.80dp</dimen>
<dimen name="dp_445">534.00dp</dimen>
<dimen name="dp_446">535.20dp</dimen>
<dimen name="dp_447">536.40dp</dimen>
<dimen name="dp_448">537.60dp</dimen>
<dimen name="dp_449">538.80dp</dimen>
<dimen name="dp_450">540.00dp</dimen>
<dimen name="dp_451">541.20dp</dimen>
<dimen name="dp_452">542.40dp</dimen>
<dimen name="dp_453">543.60dp</dimen>
<dimen name="dp_454">544.80dp</dimen>
<dimen name="dp_455">546.00dp</dimen>
<dimen name="dp_456">547.20dp</dimen>
<dimen name="dp_457">548.40dp</dimen>
<dimen name="dp_458">549.60dp</dimen>
<dimen name="dp_459">550.80dp</dimen>
<dimen name="dp_460">552.00dp</dimen>
<dimen name="dp_461">553.20dp</dimen>
<dimen name="dp_462">554.40dp</dimen>
<dimen name="dp_463">555.60dp</dimen>
<dimen name="dp_464">556.80dp</dimen>
<dimen name="dp_465">558.00dp</dimen>
<dimen name="dp_466">559.20dp</dimen>
<dimen name="dp_467">560.40dp</dimen>
<dimen name="dp_468">561.60dp</dimen>
<dimen name="dp_469">562.80dp</dimen>
<dimen name="dp_470">564.00dp</dimen>
<dimen name="dp_471">565.20dp</dimen>
<dimen name="dp_472">566.40dp</dimen>
<dimen name="dp_473">567.60dp</dimen>
<dimen name="dp_474">568.80dp</dimen>
<dimen name="dp_475">570.00dp</dimen>
<dimen name="dp_476">571.20dp</dimen>
<dimen name="dp_477">572.40dp</dimen>
<dimen name="dp_478">573.60dp</dimen>
<dimen name="dp_479">574.80dp</dimen>
<dimen name="dp_480">576.00dp</dimen>
<dimen name="dp_481">577.20dp</dimen>
<dimen name="dp_482">578.40dp</dimen>
<dimen name="dp_483">579.60dp</dimen>
<dimen name="dp_484">580.80dp</dimen>
<dimen name="dp_485">582.00dp</dimen>
<dimen name="dp_486">583.20dp</dimen>
<dimen name="dp_487">584.40dp</dimen>
<dimen name="dp_488">585.60dp</dimen>
<dimen name="dp_489">586.80dp</dimen>
<dimen name="dp_490">588.00dp</dimen>
<dimen name="dp_491">589.20dp</dimen>
<dimen name="dp_492">590.40dp</dimen>
<dimen name="dp_493">591.60dp</dimen>
<dimen name="dp_494">592.80dp</dimen>
<dimen name="dp_495">594.00dp</dimen>
<dimen name="dp_496">595.20dp</dimen>
<dimen name="dp_497">596.40dp</dimen>
<dimen name="dp_498">597.60dp</dimen>
<dimen name="dp_499">598.80dp</dimen>
<dimen name="dp_500">600.00dp</dimen>
<dimen name="dp_501">601.20dp</dimen>
<dimen name="dp_502">602.40dp</dimen>
<dimen name="dp_503">603.60dp</dimen>
<dimen name="dp_504">604.80dp</dimen>
<dimen name="dp_505">606.00dp</dimen>
<dimen name="dp_506">607.20dp</dimen>
<dimen name="dp_507">608.40dp</dimen>
<dimen name="dp_508">609.60dp</dimen>
<dimen name="dp_509">610.80dp</dimen>
<dimen name="dp_510">612.00dp</dimen>
<dimen name="dp_511">613.20dp</dimen>
<dimen name="dp_512">614.40dp</dimen>
<dimen name="dp_513">615.60dp</dimen>
<dimen name="dp_514">616.80dp</dimen>
<dimen name="dp_515">618.00dp</dimen>
<dimen name="dp_516">619.20dp</dimen>
<dimen name="dp_517">620.40dp</dimen>
<dimen name="dp_518">621.60dp</dimen>
<dimen name="dp_519">622.80dp</dimen>
<dimen name="dp_520">624.00dp</dimen>
<dimen name="dp_521">625.20dp</dimen>
<dimen name="dp_522">626.40dp</dimen>
<dimen name="dp_523">627.60dp</dimen>
<dimen name="dp_524">628.80dp</dimen>
<dimen name="dp_525">630.00dp</dimen>
<dimen name="dp_526">631.20dp</dimen>
<dimen name="dp_527">632.40dp</dimen>
<dimen name="dp_528">633.60dp</dimen>
<dimen name="dp_529">634.80dp</dimen>
<dimen name="dp_530">636.00dp</dimen>
<dimen name="dp_531">637.20dp</dimen>
<dimen name="dp_532">638.40dp</dimen>
<dimen name="dp_533">639.60dp</dimen>
<dimen name="dp_534">640.80dp</dimen>
<dimen name="dp_535">642.00dp</dimen>
<dimen name="dp_536">643.20dp</dimen>
<dimen name="dp_537">644.40dp</dimen>
<dimen name="dp_538">645.60dp</dimen>
<dimen name="dp_539">646.80dp</dimen>
<dimen name="dp_540">648.00dp</dimen>
<dimen name="dp_541">649.20dp</dimen>
<dimen name="dp_542">650.40dp</dimen>
<dimen name="dp_543">651.60dp</dimen>
<dimen name="dp_544">652.80dp</dimen>
<dimen name="dp_545">654.00dp</dimen>
<dimen name="dp_546">655.20dp</dimen>
<dimen name="dp_547">656.40dp</dimen>
<dimen name="dp_548">657.60dp</dimen>
<dimen name="dp_549">658.80dp</dimen>
<dimen name="dp_550">660.00dp</dimen>
<dimen name="dp_551">661.20dp</dimen>
<dimen name="dp_552">662.40dp</dimen>
<dimen name="dp_553">663.60dp</dimen>
<dimen name="dp_554">664.80dp</dimen>
<dimen name="dp_555">666.00dp</dimen>
<dimen name="dp_556">667.20dp</dimen>
<dimen name="dp_557">668.40dp</dimen>
<dimen name="dp_558">669.60dp</dimen>
<dimen name="dp_559">670.80dp</dimen>
<dimen name="dp_560">672.00dp</dimen>
<dimen name="dp_561">673.20dp</dimen>
<dimen name="dp_562">674.40dp</dimen>
<dimen name="dp_563">675.60dp</dimen>
<dimen name="dp_564">676.80dp</dimen>
<dimen name="dp_565">678.00dp</dimen>
<dimen name="dp_566">679.20dp</dimen>
<dimen name="dp_567">680.40dp</dimen>
<dimen name="dp_568">681.60dp</dimen>
<dimen name="dp_569">682.80dp</dimen>
<dimen name="dp_570">684.00dp</dimen>
<dimen name="dp_571">685.20dp</dimen>
<dimen name="dp_572">686.40dp</dimen>
<dimen name="dp_573">687.60dp</dimen>
<dimen name="dp_574">688.80dp</dimen>
<dimen name="dp_575">690.00dp</dimen>
<dimen name="dp_576">691.20dp</dimen>
<dimen name="dp_577">692.40dp</dimen>
<dimen name="dp_578">693.60dp</dimen>
<dimen name="dp_579">694.80dp</dimen>
<dimen name="dp_580">696.00dp</dimen>
<dimen name="dp_581">697.20dp</dimen>
<dimen name="dp_582">698.40dp</dimen>
<dimen name="dp_583">699.60dp</dimen>
<dimen name="dp_584">700.80dp</dimen>
<dimen name="dp_585">702.00dp</dimen>
<dimen name="dp_586">703.20dp</dimen>
<dimen name="dp_587">704.40dp</dimen>
<dimen name="dp_588">705.60dp</dimen>
<dimen name="dp_589">706.80dp</dimen>
<dimen name="dp_590">708.00dp</dimen>
<dimen name="dp_591">709.20dp</dimen>
<dimen name="dp_592">710.40dp</dimen>
<dimen name="dp_593">711.60dp</dimen>
<dimen name="dp_594">712.80dp</dimen>
<dimen name="dp_595">714.00dp</dimen>
<dimen name="dp_596">715.20dp</dimen>
<dimen name="dp_597">716.40dp</dimen>
<dimen name="dp_598">717.60dp</dimen>
<dimen name="dp_599">718.80dp</dimen>
<dimen name="dp_600">720.00dp</dimen>
<dimen name="dp_601">721.20dp</dimen>
<dimen name="dp_602">722.40dp</dimen>
<dimen name="dp_603">723.60dp</dimen>
<dimen name="dp_604">724.80dp</dimen>
<dimen name="dp_605">726.00dp</dimen>
<dimen name="dp_606">727.20dp</dimen>
<dimen name="dp_607">728.40dp</dimen>
<dimen name="dp_608">729.60dp</dimen>
<dimen name="dp_609">730.80dp</dimen>
<dimen name="dp_610">732.00dp</dimen>
<dimen name="dp_611">733.20dp</dimen>
<dimen name="dp_612">734.40dp</dimen>
<dimen name="dp_613">735.60dp</dimen>
<dimen name="dp_614">736.80dp</dimen>
<dimen name="dp_615">738.00dp</dimen>
<dimen name="dp_616">739.20dp</dimen>
<dimen name="dp_617">740.40dp</dimen>
<dimen name="dp_618">741.60dp</dimen>
<dimen name="dp_619">742.80dp</dimen>
<dimen name="dp_620">744.00dp</dimen>
<dimen name="dp_621">745.20dp</dimen>
<dimen name="dp_622">746.40dp</dimen>
<dimen name="dp_623">747.60dp</dimen>
<dimen name="dp_624">748.80dp</dimen>
<dimen name="dp_625">750.00dp</dimen>
<dimen name="dp_626">751.20dp</dimen>
<dimen name="dp_627">752.40dp</dimen>
<dimen name="dp_628">753.60dp</dimen>
<dimen name="dp_629">754.80dp</dimen>
<dimen name="dp_630">756.00dp</dimen>
<dimen name="dp_631">757.20dp</dimen>
<dimen name="dp_632">758.40dp</dimen>
<dimen name="dp_633">759.60dp</dimen>
<dimen name="dp_634">760.80dp</dimen>
<dimen name="dp_635">762.00dp</dimen>
<dimen name="dp_636">763.20dp</dimen>
<dimen name="dp_637">764.40dp</dimen>
<dimen name="dp_638">765.60dp</dimen>
<dimen name="dp_639">766.80dp</dimen>
<dimen name="dp_640">768.00dp</dimen>
<dimen name="dp_641">769.20dp</dimen>
<dimen name="dp_642">770.40dp</dimen>
<dimen name="dp_643">771.60dp</dimen>
<dimen name="dp_644">772.80dp</dimen>
<dimen name="dp_645">774.00dp</dimen>
<dimen name="dp_646">775.20dp</dimen>
<dimen name="dp_647">776.40dp</dimen>
<dimen name="dp_648">777.60dp</dimen>
<dimen name="dp_649">778.80dp</dimen>
<dimen name="dp_650">780.00dp</dimen>
<dimen name="dp_651">781.20dp</dimen>
<dimen name="dp_652">782.40dp</dimen>
<dimen name="dp_653">783.60dp</dimen>
<dimen name="dp_654">784.80dp</dimen>
<dimen name="dp_655">786.00dp</dimen>
<dimen name="dp_656">787.20dp</dimen>
<dimen name="dp_657">788.40dp</dimen>
<dimen name="dp_658">789.60dp</dimen>
<dimen name="dp_659">790.80dp</dimen>
<dimen name="dp_660">792.00dp</dimen>
<dimen name="dp_661">793.20dp</dimen>
<dimen name="dp_662">794.40dp</dimen>
<dimen name="dp_663">795.60dp</dimen>
<dimen name="dp_664">796.80dp</dimen>
<dimen name="dp_665">798.00dp</dimen>
<dimen name="dp_666">799.20dp</dimen>
<dimen name="dp_667">800.40dp</dimen>
<dimen name="dp_668">801.60dp</dimen>
<dimen name="dp_669">802.80dp</dimen>
<dimen name="dp_670">804.00dp</dimen>
<dimen name="dp_671">805.20dp</dimen>
<dimen name="dp_672">806.40dp</dimen>
<dimen name="dp_673">807.60dp</dimen>
<dimen name="dp_674">808.80dp</dimen>
<dimen name="dp_675">810.00dp</dimen>
<dimen name="dp_676">811.20dp</dimen>
<dimen name="dp_677">812.40dp</dimen>
<dimen name="dp_678">813.60dp</dimen>
<dimen name="dp_679">814.80dp</dimen>
<dimen name="dp_680">816.00dp</dimen>
<dimen name="dp_681">817.20dp</dimen>
<dimen name="dp_682">818.40dp</dimen>
<dimen name="dp_683">819.60dp</dimen>
<dimen name="dp_684">820.80dp</dimen>
<dimen name="dp_685">822.00dp</dimen>
<dimen name="dp_686">823.20dp</dimen>
<dimen name="dp_687">824.40dp</dimen>
<dimen name="dp_688">825.60dp</dimen>
<dimen name="dp_689">826.80dp</dimen>
<dimen name="dp_690">828.00dp</dimen>
<dimen name="dp_691">829.20dp</dimen>
<dimen name="dp_692">830.40dp</dimen>
<dimen name="dp_693">831.60dp</dimen>
<dimen name="dp_694">832.80dp</dimen>
<dimen name="dp_695">834.00dp</dimen>
<dimen name="dp_696">835.20dp</dimen>
<dimen name="dp_697">836.40dp</dimen>
<dimen name="dp_698">837.60dp</dimen>
<dimen name="dp_699">838.80dp</dimen>
<dimen name="dp_700">840.00dp</dimen>
<dimen name="dp_701">841.20dp</dimen>
<dimen name="dp_702">842.40dp</dimen>
<dimen name="dp_703">843.60dp</dimen>
<dimen name="dp_704">844.80dp</dimen>
<dimen name="dp_705">846.00dp</dimen>
<dimen name="dp_706">847.20dp</dimen>
<dimen name="dp_707">848.40dp</dimen>
<dimen name="dp_708">849.60dp</dimen>
<dimen name="dp_709">850.80dp</dimen>
<dimen name="dp_710">852.00dp</dimen>
<dimen name="dp_711">853.20dp</dimen>
<dimen name="dp_712">854.40dp</dimen>
<dimen name="dp_713">855.60dp</dimen>
<dimen name="dp_714">856.80dp</dimen>
<dimen name="dp_715">858.00dp</dimen>
<dimen name="dp_716">859.20dp</dimen>
<dimen name="dp_717">860.40dp</dimen>
<dimen name="dp_718">861.60dp</dimen>
<dimen name="dp_719">862.80dp</dimen>
<dimen name="dp_720">864.00dp</dimen>
</resources>
