<?xml version="1.0" encoding="utf-8"?>
<resources>
<dimen name="base_dpi">300dp</dimen>
<dimen name="dp_0">0.00dp</dimen>
<dimen name="dp_1">0.80dp</dimen>
<dimen name="dp_2">1.60dp</dimen>
<dimen name="dp_3">2.40dp</dimen>
<dimen name="dp_4">3.20dp</dimen>
<dimen name="dp_5">4.00dp</dimen>
<dimen name="dp_6">4.80dp</dimen>
<dimen name="dp_7">5.60dp</dimen>
<dimen name="dp_8">6.40dp</dimen>
<dimen name="dp_9">7.20dp</dimen>
<dimen name="dp_10">8.00dp</dimen>
<dimen name="dp_11">8.80dp</dimen>
<dimen name="dp_12">9.60dp</dimen>
<dimen name="dp_13">10.40dp</dimen>
<dimen name="dp_14">11.20dp</dimen>
<dimen name="dp_15">12.00dp</dimen>
<dimen name="dp_16">12.80dp</dimen>
<dimen name="dp_17">13.60dp</dimen>
<dimen name="dp_18">14.40dp</dimen>
<dimen name="dp_19">15.20dp</dimen>
<dimen name="dp_20">16.00dp</dimen>
<dimen name="dp_21">16.80dp</dimen>
<dimen name="dp_22">17.60dp</dimen>
<dimen name="dp_23">18.40dp</dimen>
<dimen name="dp_24">19.20dp</dimen>
<dimen name="dp_25">20.00dp</dimen>
<dimen name="dp_26">20.80dp</dimen>
<dimen name="dp_27">21.60dp</dimen>
<dimen name="dp_28">22.40dp</dimen>
<dimen name="dp_29">23.20dp</dimen>
<dimen name="dp_30">24.00dp</dimen>
<dimen name="dp_31">24.80dp</dimen>
<dimen name="dp_32">25.60dp</dimen>
<dimen name="dp_33">26.40dp</dimen>
<dimen name="dp_34">27.20dp</dimen>
<dimen name="dp_35">28.00dp</dimen>
<dimen name="dp_36">28.80dp</dimen>
<dimen name="dp_37">29.60dp</dimen>
<dimen name="dp_38">30.40dp</dimen>
<dimen name="dp_39">31.20dp</dimen>
<dimen name="dp_40">32.00dp</dimen>
<dimen name="dp_41">32.80dp</dimen>
<dimen name="dp_42">33.60dp</dimen>
<dimen name="dp_43">34.40dp</dimen>
<dimen name="dp_44">35.20dp</dimen>
<dimen name="dp_45">36.00dp</dimen>
<dimen name="dp_46">36.80dp</dimen>
<dimen name="dp_47">37.60dp</dimen>
<dimen name="dp_48">38.40dp</dimen>
<dimen name="dp_49">39.20dp</dimen>
<dimen name="dp_50">40.00dp</dimen>
<dimen name="dp_51">40.80dp</dimen>
<dimen name="dp_52">41.60dp</dimen>
<dimen name="dp_53">42.40dp</dimen>
<dimen name="dp_54">43.20dp</dimen>
<dimen name="dp_55">44.00dp</dimen>
<dimen name="dp_56">44.80dp</dimen>
<dimen name="dp_57">45.60dp</dimen>
<dimen name="dp_58">46.40dp</dimen>
<dimen name="dp_59">47.20dp</dimen>
<dimen name="dp_60">48.00dp</dimen>
<dimen name="dp_61">48.80dp</dimen>
<dimen name="dp_62">49.60dp</dimen>
<dimen name="dp_63">50.40dp</dimen>
<dimen name="dp_64">51.20dp</dimen>
<dimen name="dp_65">52.00dp</dimen>
<dimen name="dp_66">52.80dp</dimen>
<dimen name="dp_67">53.60dp</dimen>
<dimen name="dp_68">54.40dp</dimen>
<dimen name="dp_69">55.20dp</dimen>
<dimen name="dp_70">56.00dp</dimen>
<dimen name="dp_71">56.80dp</dimen>
<dimen name="dp_72">57.60dp</dimen>
<dimen name="dp_73">58.40dp</dimen>
<dimen name="dp_74">59.20dp</dimen>
<dimen name="dp_75">60.00dp</dimen>
<dimen name="dp_76">60.80dp</dimen>
<dimen name="dp_77">61.60dp</dimen>
<dimen name="dp_78">62.40dp</dimen>
<dimen name="dp_79">63.20dp</dimen>
<dimen name="dp_80">64.00dp</dimen>
<dimen name="dp_81">64.80dp</dimen>
<dimen name="dp_82">65.60dp</dimen>
<dimen name="dp_83">66.40dp</dimen>
<dimen name="dp_84">67.20dp</dimen>
<dimen name="dp_85">68.00dp</dimen>
<dimen name="dp_86">68.80dp</dimen>
<dimen name="dp_87">69.60dp</dimen>
<dimen name="dp_88">70.40dp</dimen>
<dimen name="dp_89">71.20dp</dimen>
<dimen name="dp_90">72.00dp</dimen>
<dimen name="dp_91">72.80dp</dimen>
<dimen name="dp_92">73.60dp</dimen>
<dimen name="dp_93">74.40dp</dimen>
<dimen name="dp_94">75.20dp</dimen>
<dimen name="dp_95">76.00dp</dimen>
<dimen name="dp_96">76.80dp</dimen>
<dimen name="dp_97">77.60dp</dimen>
<dimen name="dp_98">78.40dp</dimen>
<dimen name="dp_99">79.20dp</dimen>
<dimen name="dp_100">80.00dp</dimen>
<dimen name="dp_101">80.80dp</dimen>
<dimen name="dp_102">81.60dp</dimen>
<dimen name="dp_103">82.40dp</dimen>
<dimen name="dp_104">83.20dp</dimen>
<dimen name="dp_105">84.00dp</dimen>
<dimen name="dp_106">84.80dp</dimen>
<dimen name="dp_107">85.60dp</dimen>
<dimen name="dp_108">86.40dp</dimen>
<dimen name="dp_109">87.20dp</dimen>
<dimen name="dp_110">88.00dp</dimen>
<dimen name="dp_111">88.80dp</dimen>
<dimen name="dp_112">89.60dp</dimen>
<dimen name="dp_113">90.40dp</dimen>
<dimen name="dp_114">91.20dp</dimen>
<dimen name="dp_115">92.00dp</dimen>
<dimen name="dp_116">92.80dp</dimen>
<dimen name="dp_117">93.60dp</dimen>
<dimen name="dp_118">94.40dp</dimen>
<dimen name="dp_119">95.20dp</dimen>
<dimen name="dp_120">96.00dp</dimen>
<dimen name="dp_121">96.80dp</dimen>
<dimen name="dp_122">97.60dp</dimen>
<dimen name="dp_123">98.40dp</dimen>
<dimen name="dp_124">99.20dp</dimen>
<dimen name="dp_125">100.00dp</dimen>
<dimen name="dp_126">100.80dp</dimen>
<dimen name="dp_127">101.60dp</dimen>
<dimen name="dp_128">102.40dp</dimen>
<dimen name="dp_129">103.20dp</dimen>
<dimen name="dp_130">104.00dp</dimen>
<dimen name="dp_131">104.80dp</dimen>
<dimen name="dp_132">105.60dp</dimen>
<dimen name="dp_133">106.40dp</dimen>
<dimen name="dp_134">107.20dp</dimen>
<dimen name="dp_135">108.00dp</dimen>
<dimen name="dp_136">108.80dp</dimen>
<dimen name="dp_137">109.60dp</dimen>
<dimen name="dp_138">110.40dp</dimen>
<dimen name="dp_139">111.20dp</dimen>
<dimen name="dp_140">112.00dp</dimen>
<dimen name="dp_141">112.80dp</dimen>
<dimen name="dp_142">113.60dp</dimen>
<dimen name="dp_143">114.40dp</dimen>
<dimen name="dp_144">115.20dp</dimen>
<dimen name="dp_145">116.00dp</dimen>
<dimen name="dp_146">116.80dp</dimen>
<dimen name="dp_147">117.60dp</dimen>
<dimen name="dp_148">118.40dp</dimen>
<dimen name="dp_149">119.20dp</dimen>
<dimen name="dp_150">120.00dp</dimen>
<dimen name="dp_151">120.80dp</dimen>
<dimen name="dp_152">121.60dp</dimen>
<dimen name="dp_153">122.40dp</dimen>
<dimen name="dp_154">123.20dp</dimen>
<dimen name="dp_155">124.00dp</dimen>
<dimen name="dp_156">124.80dp</dimen>
<dimen name="dp_157">125.60dp</dimen>
<dimen name="dp_158">126.40dp</dimen>
<dimen name="dp_159">127.20dp</dimen>
<dimen name="dp_160">128.00dp</dimen>
<dimen name="dp_161">128.80dp</dimen>
<dimen name="dp_162">129.60dp</dimen>
<dimen name="dp_163">130.40dp</dimen>
<dimen name="dp_164">131.20dp</dimen>
<dimen name="dp_165">132.00dp</dimen>
<dimen name="dp_166">132.80dp</dimen>
<dimen name="dp_167">133.60dp</dimen>
<dimen name="dp_168">134.40dp</dimen>
<dimen name="dp_169">135.20dp</dimen>
<dimen name="dp_170">136.00dp</dimen>
<dimen name="dp_171">136.80dp</dimen>
<dimen name="dp_172">137.60dp</dimen>
<dimen name="dp_173">138.40dp</dimen>
<dimen name="dp_174">139.20dp</dimen>
<dimen name="dp_175">140.00dp</dimen>
<dimen name="dp_176">140.80dp</dimen>
<dimen name="dp_177">141.60dp</dimen>
<dimen name="dp_178">142.40dp</dimen>
<dimen name="dp_179">143.20dp</dimen>
<dimen name="dp_180">144.00dp</dimen>
<dimen name="dp_181">144.80dp</dimen>
<dimen name="dp_182">145.60dp</dimen>
<dimen name="dp_183">146.40dp</dimen>
<dimen name="dp_184">147.20dp</dimen>
<dimen name="dp_185">148.00dp</dimen>
<dimen name="dp_186">148.80dp</dimen>
<dimen name="dp_187">149.60dp</dimen>
<dimen name="dp_188">150.40dp</dimen>
<dimen name="dp_189">151.20dp</dimen>
<dimen name="dp_190">152.00dp</dimen>
<dimen name="dp_191">152.80dp</dimen>
<dimen name="dp_192">153.60dp</dimen>
<dimen name="dp_193">154.40dp</dimen>
<dimen name="dp_194">155.20dp</dimen>
<dimen name="dp_195">156.00dp</dimen>
<dimen name="dp_196">156.80dp</dimen>
<dimen name="dp_197">157.60dp</dimen>
<dimen name="dp_198">158.40dp</dimen>
<dimen name="dp_199">159.20dp</dimen>
<dimen name="dp_200">160.00dp</dimen>
<dimen name="dp_201">160.80dp</dimen>
<dimen name="dp_202">161.60dp</dimen>
<dimen name="dp_203">162.40dp</dimen>
<dimen name="dp_204">163.20dp</dimen>
<dimen name="dp_205">164.00dp</dimen>
<dimen name="dp_206">164.80dp</dimen>
<dimen name="dp_207">165.60dp</dimen>
<dimen name="dp_208">166.40dp</dimen>
<dimen name="dp_209">167.20dp</dimen>
<dimen name="dp_210">168.00dp</dimen>
<dimen name="dp_211">168.80dp</dimen>
<dimen name="dp_212">169.60dp</dimen>
<dimen name="dp_213">170.40dp</dimen>
<dimen name="dp_214">171.20dp</dimen>
<dimen name="dp_215">172.00dp</dimen>
<dimen name="dp_216">172.80dp</dimen>
<dimen name="dp_217">173.60dp</dimen>
<dimen name="dp_218">174.40dp</dimen>
<dimen name="dp_219">175.20dp</dimen>
<dimen name="dp_220">176.00dp</dimen>
<dimen name="dp_221">176.80dp</dimen>
<dimen name="dp_222">177.60dp</dimen>
<dimen name="dp_223">178.40dp</dimen>
<dimen name="dp_224">179.20dp</dimen>
<dimen name="dp_225">180.00dp</dimen>
<dimen name="dp_226">180.80dp</dimen>
<dimen name="dp_227">181.60dp</dimen>
<dimen name="dp_228">182.40dp</dimen>
<dimen name="dp_229">183.20dp</dimen>
<dimen name="dp_230">184.00dp</dimen>
<dimen name="dp_231">184.80dp</dimen>
<dimen name="dp_232">185.60dp</dimen>
<dimen name="dp_233">186.40dp</dimen>
<dimen name="dp_234">187.20dp</dimen>
<dimen name="dp_235">188.00dp</dimen>
<dimen name="dp_236">188.80dp</dimen>
<dimen name="dp_237">189.60dp</dimen>
<dimen name="dp_238">190.40dp</dimen>
<dimen name="dp_239">191.20dp</dimen>
<dimen name="dp_240">192.00dp</dimen>
<dimen name="dp_241">192.80dp</dimen>
<dimen name="dp_242">193.60dp</dimen>
<dimen name="dp_243">194.40dp</dimen>
<dimen name="dp_244">195.20dp</dimen>
<dimen name="dp_245">196.00dp</dimen>
<dimen name="dp_246">196.80dp</dimen>
<dimen name="dp_247">197.60dp</dimen>
<dimen name="dp_248">198.40dp</dimen>
<dimen name="dp_249">199.20dp</dimen>
<dimen name="dp_250">200.00dp</dimen>
<dimen name="dp_251">200.80dp</dimen>
<dimen name="dp_252">201.60dp</dimen>
<dimen name="dp_253">202.40dp</dimen>
<dimen name="dp_254">203.20dp</dimen>
<dimen name="dp_255">204.00dp</dimen>
<dimen name="dp_256">204.80dp</dimen>
<dimen name="dp_257">205.60dp</dimen>
<dimen name="dp_258">206.40dp</dimen>
<dimen name="dp_259">207.20dp</dimen>
<dimen name="dp_260">208.00dp</dimen>
<dimen name="dp_261">208.80dp</dimen>
<dimen name="dp_262">209.60dp</dimen>
<dimen name="dp_263">210.40dp</dimen>
<dimen name="dp_264">211.20dp</dimen>
<dimen name="dp_265">212.00dp</dimen>
<dimen name="dp_266">212.80dp</dimen>
<dimen name="dp_267">213.60dp</dimen>
<dimen name="dp_268">214.40dp</dimen>
<dimen name="dp_269">215.20dp</dimen>
<dimen name="dp_270">216.00dp</dimen>
<dimen name="dp_271">216.80dp</dimen>
<dimen name="dp_272">217.60dp</dimen>
<dimen name="dp_273">218.40dp</dimen>
<dimen name="dp_274">219.20dp</dimen>
<dimen name="dp_275">220.00dp</dimen>
<dimen name="dp_276">220.80dp</dimen>
<dimen name="dp_277">221.60dp</dimen>
<dimen name="dp_278">222.40dp</dimen>
<dimen name="dp_279">223.20dp</dimen>
<dimen name="dp_280">224.00dp</dimen>
<dimen name="dp_281">224.80dp</dimen>
<dimen name="dp_282">225.60dp</dimen>
<dimen name="dp_283">226.40dp</dimen>
<dimen name="dp_284">227.20dp</dimen>
<dimen name="dp_285">228.00dp</dimen>
<dimen name="dp_286">228.80dp</dimen>
<dimen name="dp_287">229.60dp</dimen>
<dimen name="dp_288">230.40dp</dimen>
<dimen name="dp_289">231.20dp</dimen>
<dimen name="dp_290">232.00dp</dimen>
<dimen name="dp_291">232.80dp</dimen>
<dimen name="dp_292">233.60dp</dimen>
<dimen name="dp_293">234.40dp</dimen>
<dimen name="dp_294">235.20dp</dimen>
<dimen name="dp_295">236.00dp</dimen>
<dimen name="dp_296">236.80dp</dimen>
<dimen name="dp_297">237.60dp</dimen>
<dimen name="dp_298">238.40dp</dimen>
<dimen name="dp_299">239.20dp</dimen>
<dimen name="dp_300">240.00dp</dimen>
<dimen name="dp_301">240.80dp</dimen>
<dimen name="dp_302">241.60dp</dimen>
<dimen name="dp_303">242.40dp</dimen>
<dimen name="dp_304">243.20dp</dimen>
<dimen name="dp_305">244.00dp</dimen>
<dimen name="dp_306">244.80dp</dimen>
<dimen name="dp_307">245.60dp</dimen>
<dimen name="dp_308">246.40dp</dimen>
<dimen name="dp_309">247.20dp</dimen>
<dimen name="dp_310">248.00dp</dimen>
<dimen name="dp_311">248.80dp</dimen>
<dimen name="dp_312">249.60dp</dimen>
<dimen name="dp_313">250.40dp</dimen>
<dimen name="dp_314">251.20dp</dimen>
<dimen name="dp_315">252.00dp</dimen>
<dimen name="dp_316">252.80dp</dimen>
<dimen name="dp_317">253.60dp</dimen>
<dimen name="dp_318">254.40dp</dimen>
<dimen name="dp_319">255.20dp</dimen>
<dimen name="dp_320">256.00dp</dimen>
<dimen name="dp_321">256.80dp</dimen>
<dimen name="dp_322">257.60dp</dimen>
<dimen name="dp_323">258.40dp</dimen>
<dimen name="dp_324">259.20dp</dimen>
<dimen name="dp_325">260.00dp</dimen>
<dimen name="dp_326">260.80dp</dimen>
<dimen name="dp_327">261.60dp</dimen>
<dimen name="dp_328">262.40dp</dimen>
<dimen name="dp_329">263.20dp</dimen>
<dimen name="dp_330">264.00dp</dimen>
<dimen name="dp_331">264.80dp</dimen>
<dimen name="dp_332">265.60dp</dimen>
<dimen name="dp_333">266.40dp</dimen>
<dimen name="dp_334">267.20dp</dimen>
<dimen name="dp_335">268.00dp</dimen>
<dimen name="dp_336">268.80dp</dimen>
<dimen name="dp_337">269.60dp</dimen>
<dimen name="dp_338">270.40dp</dimen>
<dimen name="dp_339">271.20dp</dimen>
<dimen name="dp_340">272.00dp</dimen>
<dimen name="dp_341">272.80dp</dimen>
<dimen name="dp_342">273.60dp</dimen>
<dimen name="dp_343">274.40dp</dimen>
<dimen name="dp_344">275.20dp</dimen>
<dimen name="dp_345">276.00dp</dimen>
<dimen name="dp_346">276.80dp</dimen>
<dimen name="dp_347">277.60dp</dimen>
<dimen name="dp_348">278.40dp</dimen>
<dimen name="dp_349">279.20dp</dimen>
<dimen name="dp_350">280.00dp</dimen>
<dimen name="dp_351">280.80dp</dimen>
<dimen name="dp_352">281.60dp</dimen>
<dimen name="dp_353">282.40dp</dimen>
<dimen name="dp_354">283.20dp</dimen>
<dimen name="dp_355">284.00dp</dimen>
<dimen name="dp_356">284.80dp</dimen>
<dimen name="dp_357">285.60dp</dimen>
<dimen name="dp_358">286.40dp</dimen>
<dimen name="dp_359">287.20dp</dimen>
<dimen name="dp_360">288.00dp</dimen>
<dimen name="dp_361">288.80dp</dimen>
<dimen name="dp_362">289.60dp</dimen>
<dimen name="dp_363">290.40dp</dimen>
<dimen name="dp_364">291.20dp</dimen>
<dimen name="dp_365">292.00dp</dimen>
<dimen name="dp_366">292.80dp</dimen>
<dimen name="dp_367">293.60dp</dimen>
<dimen name="dp_368">294.40dp</dimen>
<dimen name="dp_369">295.20dp</dimen>
<dimen name="dp_370">296.00dp</dimen>
<dimen name="dp_371">296.80dp</dimen>
<dimen name="dp_372">297.60dp</dimen>
<dimen name="dp_373">298.40dp</dimen>
<dimen name="dp_374">299.20dp</dimen>
<dimen name="dp_375">300.00dp</dimen>
<dimen name="dp_376">300.80dp</dimen>
<dimen name="dp_377">301.60dp</dimen>
<dimen name="dp_378">302.40dp</dimen>
<dimen name="dp_379">303.20dp</dimen>
<dimen name="dp_380">304.00dp</dimen>
<dimen name="dp_381">304.80dp</dimen>
<dimen name="dp_382">305.60dp</dimen>
<dimen name="dp_383">306.40dp</dimen>
<dimen name="dp_384">307.20dp</dimen>
<dimen name="dp_385">308.00dp</dimen>
<dimen name="dp_386">308.80dp</dimen>
<dimen name="dp_387">309.60dp</dimen>
<dimen name="dp_388">310.40dp</dimen>
<dimen name="dp_389">311.20dp</dimen>
<dimen name="dp_390">312.00dp</dimen>
<dimen name="dp_391">312.80dp</dimen>
<dimen name="dp_392">313.60dp</dimen>
<dimen name="dp_393">314.40dp</dimen>
<dimen name="dp_394">315.20dp</dimen>
<dimen name="dp_395">316.00dp</dimen>
<dimen name="dp_396">316.80dp</dimen>
<dimen name="dp_397">317.60dp</dimen>
<dimen name="dp_398">318.40dp</dimen>
<dimen name="dp_399">319.20dp</dimen>
<dimen name="dp_400">320.00dp</dimen>
<dimen name="dp_401">320.80dp</dimen>
<dimen name="dp_402">321.60dp</dimen>
<dimen name="dp_403">322.40dp</dimen>
<dimen name="dp_404">323.20dp</dimen>
<dimen name="dp_405">324.00dp</dimen>
<dimen name="dp_406">324.80dp</dimen>
<dimen name="dp_407">325.60dp</dimen>
<dimen name="dp_408">326.40dp</dimen>
<dimen name="dp_409">327.20dp</dimen>
<dimen name="dp_410">328.00dp</dimen>
<dimen name="dp_411">328.80dp</dimen>
<dimen name="dp_412">329.60dp</dimen>
<dimen name="dp_413">330.40dp</dimen>
<dimen name="dp_414">331.20dp</dimen>
<dimen name="dp_415">332.00dp</dimen>
<dimen name="dp_416">332.80dp</dimen>
<dimen name="dp_417">333.60dp</dimen>
<dimen name="dp_418">334.40dp</dimen>
<dimen name="dp_419">335.20dp</dimen>
<dimen name="dp_420">336.00dp</dimen>
<dimen name="dp_421">336.80dp</dimen>
<dimen name="dp_422">337.60dp</dimen>
<dimen name="dp_423">338.40dp</dimen>
<dimen name="dp_424">339.20dp</dimen>
<dimen name="dp_425">340.00dp</dimen>
<dimen name="dp_426">340.80dp</dimen>
<dimen name="dp_427">341.60dp</dimen>
<dimen name="dp_428">342.40dp</dimen>
<dimen name="dp_429">343.20dp</dimen>
<dimen name="dp_430">344.00dp</dimen>
<dimen name="dp_431">344.80dp</dimen>
<dimen name="dp_432">345.60dp</dimen>
<dimen name="dp_433">346.40dp</dimen>
<dimen name="dp_434">347.20dp</dimen>
<dimen name="dp_435">348.00dp</dimen>
<dimen name="dp_436">348.80dp</dimen>
<dimen name="dp_437">349.60dp</dimen>
<dimen name="dp_438">350.40dp</dimen>
<dimen name="dp_439">351.20dp</dimen>
<dimen name="dp_440">352.00dp</dimen>
<dimen name="dp_441">352.80dp</dimen>
<dimen name="dp_442">353.60dp</dimen>
<dimen name="dp_443">354.40dp</dimen>
<dimen name="dp_444">355.20dp</dimen>
<dimen name="dp_445">356.00dp</dimen>
<dimen name="dp_446">356.80dp</dimen>
<dimen name="dp_447">357.60dp</dimen>
<dimen name="dp_448">358.40dp</dimen>
<dimen name="dp_449">359.20dp</dimen>
<dimen name="dp_450">360.00dp</dimen>
<dimen name="dp_451">360.80dp</dimen>
<dimen name="dp_452">361.60dp</dimen>
<dimen name="dp_453">362.40dp</dimen>
<dimen name="dp_454">363.20dp</dimen>
<dimen name="dp_455">364.00dp</dimen>
<dimen name="dp_456">364.80dp</dimen>
<dimen name="dp_457">365.60dp</dimen>
<dimen name="dp_458">366.40dp</dimen>
<dimen name="dp_459">367.20dp</dimen>
<dimen name="dp_460">368.00dp</dimen>
<dimen name="dp_461">368.80dp</dimen>
<dimen name="dp_462">369.60dp</dimen>
<dimen name="dp_463">370.40dp</dimen>
<dimen name="dp_464">371.20dp</dimen>
<dimen name="dp_465">372.00dp</dimen>
<dimen name="dp_466">372.80dp</dimen>
<dimen name="dp_467">373.60dp</dimen>
<dimen name="dp_468">374.40dp</dimen>
<dimen name="dp_469">375.20dp</dimen>
<dimen name="dp_470">376.00dp</dimen>
<dimen name="dp_471">376.80dp</dimen>
<dimen name="dp_472">377.60dp</dimen>
<dimen name="dp_473">378.40dp</dimen>
<dimen name="dp_474">379.20dp</dimen>
<dimen name="dp_475">380.00dp</dimen>
<dimen name="dp_476">380.80dp</dimen>
<dimen name="dp_477">381.60dp</dimen>
<dimen name="dp_478">382.40dp</dimen>
<dimen name="dp_479">383.20dp</dimen>
<dimen name="dp_480">384.00dp</dimen>
<dimen name="dp_481">384.80dp</dimen>
<dimen name="dp_482">385.60dp</dimen>
<dimen name="dp_483">386.40dp</dimen>
<dimen name="dp_484">387.20dp</dimen>
<dimen name="dp_485">388.00dp</dimen>
<dimen name="dp_486">388.80dp</dimen>
<dimen name="dp_487">389.60dp</dimen>
<dimen name="dp_488">390.40dp</dimen>
<dimen name="dp_489">391.20dp</dimen>
<dimen name="dp_490">392.00dp</dimen>
<dimen name="dp_491">392.80dp</dimen>
<dimen name="dp_492">393.60dp</dimen>
<dimen name="dp_493">394.40dp</dimen>
<dimen name="dp_494">395.20dp</dimen>
<dimen name="dp_495">396.00dp</dimen>
<dimen name="dp_496">396.80dp</dimen>
<dimen name="dp_497">397.60dp</dimen>
<dimen name="dp_498">398.40dp</dimen>
<dimen name="dp_499">399.20dp</dimen>
<dimen name="dp_500">400.00dp</dimen>
<dimen name="dp_501">400.80dp</dimen>
<dimen name="dp_502">401.60dp</dimen>
<dimen name="dp_503">402.40dp</dimen>
<dimen name="dp_504">403.20dp</dimen>
<dimen name="dp_505">404.00dp</dimen>
<dimen name="dp_506">404.80dp</dimen>
<dimen name="dp_507">405.60dp</dimen>
<dimen name="dp_508">406.40dp</dimen>
<dimen name="dp_509">407.20dp</dimen>
<dimen name="dp_510">408.00dp</dimen>
<dimen name="dp_511">408.80dp</dimen>
<dimen name="dp_512">409.60dp</dimen>
<dimen name="dp_513">410.40dp</dimen>
<dimen name="dp_514">411.20dp</dimen>
<dimen name="dp_515">412.00dp</dimen>
<dimen name="dp_516">412.80dp</dimen>
<dimen name="dp_517">413.60dp</dimen>
<dimen name="dp_518">414.40dp</dimen>
<dimen name="dp_519">415.20dp</dimen>
<dimen name="dp_520">416.00dp</dimen>
<dimen name="dp_521">416.80dp</dimen>
<dimen name="dp_522">417.60dp</dimen>
<dimen name="dp_523">418.40dp</dimen>
<dimen name="dp_524">419.20dp</dimen>
<dimen name="dp_525">420.00dp</dimen>
<dimen name="dp_526">420.80dp</dimen>
<dimen name="dp_527">421.60dp</dimen>
<dimen name="dp_528">422.40dp</dimen>
<dimen name="dp_529">423.20dp</dimen>
<dimen name="dp_530">424.00dp</dimen>
<dimen name="dp_531">424.80dp</dimen>
<dimen name="dp_532">425.60dp</dimen>
<dimen name="dp_533">426.40dp</dimen>
<dimen name="dp_534">427.20dp</dimen>
<dimen name="dp_535">428.00dp</dimen>
<dimen name="dp_536">428.80dp</dimen>
<dimen name="dp_537">429.60dp</dimen>
<dimen name="dp_538">430.40dp</dimen>
<dimen name="dp_539">431.20dp</dimen>
<dimen name="dp_540">432.00dp</dimen>
<dimen name="dp_541">432.80dp</dimen>
<dimen name="dp_542">433.60dp</dimen>
<dimen name="dp_543">434.40dp</dimen>
<dimen name="dp_544">435.20dp</dimen>
<dimen name="dp_545">436.00dp</dimen>
<dimen name="dp_546">436.80dp</dimen>
<dimen name="dp_547">437.60dp</dimen>
<dimen name="dp_548">438.40dp</dimen>
<dimen name="dp_549">439.20dp</dimen>
<dimen name="dp_550">440.00dp</dimen>
<dimen name="dp_551">440.80dp</dimen>
<dimen name="dp_552">441.60dp</dimen>
<dimen name="dp_553">442.40dp</dimen>
<dimen name="dp_554">443.20dp</dimen>
<dimen name="dp_555">444.00dp</dimen>
<dimen name="dp_556">444.80dp</dimen>
<dimen name="dp_557">445.60dp</dimen>
<dimen name="dp_558">446.40dp</dimen>
<dimen name="dp_559">447.20dp</dimen>
<dimen name="dp_560">448.00dp</dimen>
<dimen name="dp_561">448.80dp</dimen>
<dimen name="dp_562">449.60dp</dimen>
<dimen name="dp_563">450.40dp</dimen>
<dimen name="dp_564">451.20dp</dimen>
<dimen name="dp_565">452.00dp</dimen>
<dimen name="dp_566">452.80dp</dimen>
<dimen name="dp_567">453.60dp</dimen>
<dimen name="dp_568">454.40dp</dimen>
<dimen name="dp_569">455.20dp</dimen>
<dimen name="dp_570">456.00dp</dimen>
<dimen name="dp_571">456.80dp</dimen>
<dimen name="dp_572">457.60dp</dimen>
<dimen name="dp_573">458.40dp</dimen>
<dimen name="dp_574">459.20dp</dimen>
<dimen name="dp_575">460.00dp</dimen>
<dimen name="dp_576">460.80dp</dimen>
<dimen name="dp_577">461.60dp</dimen>
<dimen name="dp_578">462.40dp</dimen>
<dimen name="dp_579">463.20dp</dimen>
<dimen name="dp_580">464.00dp</dimen>
<dimen name="dp_581">464.80dp</dimen>
<dimen name="dp_582">465.60dp</dimen>
<dimen name="dp_583">466.40dp</dimen>
<dimen name="dp_584">467.20dp</dimen>
<dimen name="dp_585">468.00dp</dimen>
<dimen name="dp_586">468.80dp</dimen>
<dimen name="dp_587">469.60dp</dimen>
<dimen name="dp_588">470.40dp</dimen>
<dimen name="dp_589">471.20dp</dimen>
<dimen name="dp_590">472.00dp</dimen>
<dimen name="dp_591">472.80dp</dimen>
<dimen name="dp_592">473.60dp</dimen>
<dimen name="dp_593">474.40dp</dimen>
<dimen name="dp_594">475.20dp</dimen>
<dimen name="dp_595">476.00dp</dimen>
<dimen name="dp_596">476.80dp</dimen>
<dimen name="dp_597">477.60dp</dimen>
<dimen name="dp_598">478.40dp</dimen>
<dimen name="dp_599">479.20dp</dimen>
<dimen name="dp_600">480.00dp</dimen>
<dimen name="dp_601">480.80dp</dimen>
<dimen name="dp_602">481.60dp</dimen>
<dimen name="dp_603">482.40dp</dimen>
<dimen name="dp_604">483.20dp</dimen>
<dimen name="dp_605">484.00dp</dimen>
<dimen name="dp_606">484.80dp</dimen>
<dimen name="dp_607">485.60dp</dimen>
<dimen name="dp_608">486.40dp</dimen>
<dimen name="dp_609">487.20dp</dimen>
<dimen name="dp_610">488.00dp</dimen>
<dimen name="dp_611">488.80dp</dimen>
<dimen name="dp_612">489.60dp</dimen>
<dimen name="dp_613">490.40dp</dimen>
<dimen name="dp_614">491.20dp</dimen>
<dimen name="dp_615">492.00dp</dimen>
<dimen name="dp_616">492.80dp</dimen>
<dimen name="dp_617">493.60dp</dimen>
<dimen name="dp_618">494.40dp</dimen>
<dimen name="dp_619">495.20dp</dimen>
<dimen name="dp_620">496.00dp</dimen>
<dimen name="dp_621">496.80dp</dimen>
<dimen name="dp_622">497.60dp</dimen>
<dimen name="dp_623">498.40dp</dimen>
<dimen name="dp_624">499.20dp</dimen>
<dimen name="dp_625">500.00dp</dimen>
<dimen name="dp_626">500.80dp</dimen>
<dimen name="dp_627">501.60dp</dimen>
<dimen name="dp_628">502.40dp</dimen>
<dimen name="dp_629">503.20dp</dimen>
<dimen name="dp_630">504.00dp</dimen>
<dimen name="dp_631">504.80dp</dimen>
<dimen name="dp_632">505.60dp</dimen>
<dimen name="dp_633">506.40dp</dimen>
<dimen name="dp_634">507.20dp</dimen>
<dimen name="dp_635">508.00dp</dimen>
<dimen name="dp_636">508.80dp</dimen>
<dimen name="dp_637">509.60dp</dimen>
<dimen name="dp_638">510.40dp</dimen>
<dimen name="dp_639">511.20dp</dimen>
<dimen name="dp_640">512.00dp</dimen>
<dimen name="dp_641">512.80dp</dimen>
<dimen name="dp_642">513.60dp</dimen>
<dimen name="dp_643">514.40dp</dimen>
<dimen name="dp_644">515.20dp</dimen>
<dimen name="dp_645">516.00dp</dimen>
<dimen name="dp_646">516.80dp</dimen>
<dimen name="dp_647">517.60dp</dimen>
<dimen name="dp_648">518.40dp</dimen>
<dimen name="dp_649">519.20dp</dimen>
<dimen name="dp_650">520.00dp</dimen>
<dimen name="dp_651">520.80dp</dimen>
<dimen name="dp_652">521.60dp</dimen>
<dimen name="dp_653">522.40dp</dimen>
<dimen name="dp_654">523.20dp</dimen>
<dimen name="dp_655">524.00dp</dimen>
<dimen name="dp_656">524.80dp</dimen>
<dimen name="dp_657">525.60dp</dimen>
<dimen name="dp_658">526.40dp</dimen>
<dimen name="dp_659">527.20dp</dimen>
<dimen name="dp_660">528.00dp</dimen>
<dimen name="dp_661">528.80dp</dimen>
<dimen name="dp_662">529.60dp</dimen>
<dimen name="dp_663">530.40dp</dimen>
<dimen name="dp_664">531.20dp</dimen>
<dimen name="dp_665">532.00dp</dimen>
<dimen name="dp_666">532.80dp</dimen>
<dimen name="dp_667">533.60dp</dimen>
<dimen name="dp_668">534.40dp</dimen>
<dimen name="dp_669">535.20dp</dimen>
<dimen name="dp_670">536.00dp</dimen>
<dimen name="dp_671">536.80dp</dimen>
<dimen name="dp_672">537.60dp</dimen>
<dimen name="dp_673">538.40dp</dimen>
<dimen name="dp_674">539.20dp</dimen>
<dimen name="dp_675">540.00dp</dimen>
<dimen name="dp_676">540.80dp</dimen>
<dimen name="dp_677">541.60dp</dimen>
<dimen name="dp_678">542.40dp</dimen>
<dimen name="dp_679">543.20dp</dimen>
<dimen name="dp_680">544.00dp</dimen>
<dimen name="dp_681">544.80dp</dimen>
<dimen name="dp_682">545.60dp</dimen>
<dimen name="dp_683">546.40dp</dimen>
<dimen name="dp_684">547.20dp</dimen>
<dimen name="dp_685">548.00dp</dimen>
<dimen name="dp_686">548.80dp</dimen>
<dimen name="dp_687">549.60dp</dimen>
<dimen name="dp_688">550.40dp</dimen>
<dimen name="dp_689">551.20dp</dimen>
<dimen name="dp_690">552.00dp</dimen>
<dimen name="dp_691">552.80dp</dimen>
<dimen name="dp_692">553.60dp</dimen>
<dimen name="dp_693">554.40dp</dimen>
<dimen name="dp_694">555.20dp</dimen>
<dimen name="dp_695">556.00dp</dimen>
<dimen name="dp_696">556.80dp</dimen>
<dimen name="dp_697">557.60dp</dimen>
<dimen name="dp_698">558.40dp</dimen>
<dimen name="dp_699">559.20dp</dimen>
<dimen name="dp_700">560.00dp</dimen>
<dimen name="dp_701">560.80dp</dimen>
<dimen name="dp_702">561.60dp</dimen>
<dimen name="dp_703">562.40dp</dimen>
<dimen name="dp_704">563.20dp</dimen>
<dimen name="dp_705">564.00dp</dimen>
<dimen name="dp_706">564.80dp</dimen>
<dimen name="dp_707">565.60dp</dimen>
<dimen name="dp_708">566.40dp</dimen>
<dimen name="dp_709">567.20dp</dimen>
<dimen name="dp_710">568.00dp</dimen>
<dimen name="dp_711">568.80dp</dimen>
<dimen name="dp_712">569.60dp</dimen>
<dimen name="dp_713">570.40dp</dimen>
<dimen name="dp_714">571.20dp</dimen>
<dimen name="dp_715">572.00dp</dimen>
<dimen name="dp_716">572.80dp</dimen>
<dimen name="dp_717">573.60dp</dimen>
<dimen name="dp_718">574.40dp</dimen>
<dimen name="dp_719">575.20dp</dimen>
<dimen name="dp_720">576.00dp</dimen>
</resources>
