<?xml version="1.0" encoding="utf-8"?>
<resources>
<dimen name="base_dpi">310dp</dimen>
<dimen name="dp_0">0.00dp</dimen>
<dimen name="dp_1">0.83dp</dimen>
<dimen name="dp_2">1.65dp</dimen>
<dimen name="dp_3">2.48dp</dimen>
<dimen name="dp_4">3.31dp</dimen>
<dimen name="dp_5">4.13dp</dimen>
<dimen name="dp_6">4.96dp</dimen>
<dimen name="dp_7">5.79dp</dimen>
<dimen name="dp_8">6.61dp</dimen>
<dimen name="dp_9">7.44dp</dimen>
<dimen name="dp_10">8.27dp</dimen>
<dimen name="dp_11">9.09dp</dimen>
<dimen name="dp_12">9.92dp</dimen>
<dimen name="dp_13">10.75dp</dimen>
<dimen name="dp_14">11.57dp</dimen>
<dimen name="dp_15">12.40dp</dimen>
<dimen name="dp_16">13.23dp</dimen>
<dimen name="dp_17">14.05dp</dimen>
<dimen name="dp_18">14.88dp</dimen>
<dimen name="dp_19">15.71dp</dimen>
<dimen name="dp_20">16.53dp</dimen>
<dimen name="dp_21">17.36dp</dimen>
<dimen name="dp_22">18.19dp</dimen>
<dimen name="dp_23">19.01dp</dimen>
<dimen name="dp_24">19.84dp</dimen>
<dimen name="dp_25">20.67dp</dimen>
<dimen name="dp_26">21.49dp</dimen>
<dimen name="dp_27">22.32dp</dimen>
<dimen name="dp_28">23.15dp</dimen>
<dimen name="dp_29">23.97dp</dimen>
<dimen name="dp_30">24.80dp</dimen>
<dimen name="dp_31">25.63dp</dimen>
<dimen name="dp_32">26.45dp</dimen>
<dimen name="dp_33">27.28dp</dimen>
<dimen name="dp_34">28.11dp</dimen>
<dimen name="dp_35">28.93dp</dimen>
<dimen name="dp_36">29.76dp</dimen>
<dimen name="dp_37">30.59dp</dimen>
<dimen name="dp_38">31.41dp</dimen>
<dimen name="dp_39">32.24dp</dimen>
<dimen name="dp_40">33.07dp</dimen>
<dimen name="dp_41">33.89dp</dimen>
<dimen name="dp_42">34.72dp</dimen>
<dimen name="dp_43">35.55dp</dimen>
<dimen name="dp_44">36.37dp</dimen>
<dimen name="dp_45">37.20dp</dimen>
<dimen name="dp_46">38.03dp</dimen>
<dimen name="dp_47">38.85dp</dimen>
<dimen name="dp_48">39.68dp</dimen>
<dimen name="dp_49">40.51dp</dimen>
<dimen name="dp_50">41.33dp</dimen>
<dimen name="dp_51">42.16dp</dimen>
<dimen name="dp_52">42.99dp</dimen>
<dimen name="dp_53">43.81dp</dimen>
<dimen name="dp_54">44.64dp</dimen>
<dimen name="dp_55">45.47dp</dimen>
<dimen name="dp_56">46.29dp</dimen>
<dimen name="dp_57">47.12dp</dimen>
<dimen name="dp_58">47.95dp</dimen>
<dimen name="dp_59">48.77dp</dimen>
<dimen name="dp_60">49.60dp</dimen>
<dimen name="dp_61">50.43dp</dimen>
<dimen name="dp_62">51.25dp</dimen>
<dimen name="dp_63">52.08dp</dimen>
<dimen name="dp_64">52.91dp</dimen>
<dimen name="dp_65">53.73dp</dimen>
<dimen name="dp_66">54.56dp</dimen>
<dimen name="dp_67">55.39dp</dimen>
<dimen name="dp_68">56.21dp</dimen>
<dimen name="dp_69">57.04dp</dimen>
<dimen name="dp_70">57.87dp</dimen>
<dimen name="dp_71">58.69dp</dimen>
<dimen name="dp_72">59.52dp</dimen>
<dimen name="dp_73">60.35dp</dimen>
<dimen name="dp_74">61.17dp</dimen>
<dimen name="dp_75">62.00dp</dimen>
<dimen name="dp_76">62.83dp</dimen>
<dimen name="dp_77">63.65dp</dimen>
<dimen name="dp_78">64.48dp</dimen>
<dimen name="dp_79">65.31dp</dimen>
<dimen name="dp_80">66.13dp</dimen>
<dimen name="dp_81">66.96dp</dimen>
<dimen name="dp_82">67.79dp</dimen>
<dimen name="dp_83">68.61dp</dimen>
<dimen name="dp_84">69.44dp</dimen>
<dimen name="dp_85">70.27dp</dimen>
<dimen name="dp_86">71.09dp</dimen>
<dimen name="dp_87">71.92dp</dimen>
<dimen name="dp_88">72.75dp</dimen>
<dimen name="dp_89">73.57dp</dimen>
<dimen name="dp_90">74.40dp</dimen>
<dimen name="dp_91">75.23dp</dimen>
<dimen name="dp_92">76.05dp</dimen>
<dimen name="dp_93">76.88dp</dimen>
<dimen name="dp_94">77.71dp</dimen>
<dimen name="dp_95">78.53dp</dimen>
<dimen name="dp_96">79.36dp</dimen>
<dimen name="dp_97">80.19dp</dimen>
<dimen name="dp_98">81.01dp</dimen>
<dimen name="dp_99">81.84dp</dimen>
<dimen name="dp_100">82.67dp</dimen>
<dimen name="dp_101">83.49dp</dimen>
<dimen name="dp_102">84.32dp</dimen>
<dimen name="dp_103">85.15dp</dimen>
<dimen name="dp_104">85.97dp</dimen>
<dimen name="dp_105">86.80dp</dimen>
<dimen name="dp_106">87.63dp</dimen>
<dimen name="dp_107">88.45dp</dimen>
<dimen name="dp_108">89.28dp</dimen>
<dimen name="dp_109">90.11dp</dimen>
<dimen name="dp_110">90.93dp</dimen>
<dimen name="dp_111">91.76dp</dimen>
<dimen name="dp_112">92.59dp</dimen>
<dimen name="dp_113">93.41dp</dimen>
<dimen name="dp_114">94.24dp</dimen>
<dimen name="dp_115">95.07dp</dimen>
<dimen name="dp_116">95.89dp</dimen>
<dimen name="dp_117">96.72dp</dimen>
<dimen name="dp_118">97.55dp</dimen>
<dimen name="dp_119">98.37dp</dimen>
<dimen name="dp_120">99.20dp</dimen>
<dimen name="dp_121">100.03dp</dimen>
<dimen name="dp_122">100.85dp</dimen>
<dimen name="dp_123">101.68dp</dimen>
<dimen name="dp_124">102.51dp</dimen>
<dimen name="dp_125">103.33dp</dimen>
<dimen name="dp_126">104.16dp</dimen>
<dimen name="dp_127">104.99dp</dimen>
<dimen name="dp_128">105.81dp</dimen>
<dimen name="dp_129">106.64dp</dimen>
<dimen name="dp_130">107.47dp</dimen>
<dimen name="dp_131">108.29dp</dimen>
<dimen name="dp_132">109.12dp</dimen>
<dimen name="dp_133">109.95dp</dimen>
<dimen name="dp_134">110.77dp</dimen>
<dimen name="dp_135">111.60dp</dimen>
<dimen name="dp_136">112.43dp</dimen>
<dimen name="dp_137">113.25dp</dimen>
<dimen name="dp_138">114.08dp</dimen>
<dimen name="dp_139">114.91dp</dimen>
<dimen name="dp_140">115.73dp</dimen>
<dimen name="dp_141">116.56dp</dimen>
<dimen name="dp_142">117.39dp</dimen>
<dimen name="dp_143">118.21dp</dimen>
<dimen name="dp_144">119.04dp</dimen>
<dimen name="dp_145">119.87dp</dimen>
<dimen name="dp_146">120.69dp</dimen>
<dimen name="dp_147">121.52dp</dimen>
<dimen name="dp_148">122.35dp</dimen>
<dimen name="dp_149">123.17dp</dimen>
<dimen name="dp_150">124.00dp</dimen>
<dimen name="dp_151">124.83dp</dimen>
<dimen name="dp_152">125.65dp</dimen>
<dimen name="dp_153">126.48dp</dimen>
<dimen name="dp_154">127.31dp</dimen>
<dimen name="dp_155">128.13dp</dimen>
<dimen name="dp_156">128.96dp</dimen>
<dimen name="dp_157">129.79dp</dimen>
<dimen name="dp_158">130.61dp</dimen>
<dimen name="dp_159">131.44dp</dimen>
<dimen name="dp_160">132.27dp</dimen>
<dimen name="dp_161">133.09dp</dimen>
<dimen name="dp_162">133.92dp</dimen>
<dimen name="dp_163">134.75dp</dimen>
<dimen name="dp_164">135.57dp</dimen>
<dimen name="dp_165">136.40dp</dimen>
<dimen name="dp_166">137.23dp</dimen>
<dimen name="dp_167">138.05dp</dimen>
<dimen name="dp_168">138.88dp</dimen>
<dimen name="dp_169">139.71dp</dimen>
<dimen name="dp_170">140.53dp</dimen>
<dimen name="dp_171">141.36dp</dimen>
<dimen name="dp_172">142.19dp</dimen>
<dimen name="dp_173">143.01dp</dimen>
<dimen name="dp_174">143.84dp</dimen>
<dimen name="dp_175">144.67dp</dimen>
<dimen name="dp_176">145.49dp</dimen>
<dimen name="dp_177">146.32dp</dimen>
<dimen name="dp_178">147.15dp</dimen>
<dimen name="dp_179">147.97dp</dimen>
<dimen name="dp_180">148.80dp</dimen>
<dimen name="dp_181">149.63dp</dimen>
<dimen name="dp_182">150.45dp</dimen>
<dimen name="dp_183">151.28dp</dimen>
<dimen name="dp_184">152.11dp</dimen>
<dimen name="dp_185">152.93dp</dimen>
<dimen name="dp_186">153.76dp</dimen>
<dimen name="dp_187">154.59dp</dimen>
<dimen name="dp_188">155.41dp</dimen>
<dimen name="dp_189">156.24dp</dimen>
<dimen name="dp_190">157.07dp</dimen>
<dimen name="dp_191">157.89dp</dimen>
<dimen name="dp_192">158.72dp</dimen>
<dimen name="dp_193">159.55dp</dimen>
<dimen name="dp_194">160.37dp</dimen>
<dimen name="dp_195">161.20dp</dimen>
<dimen name="dp_196">162.03dp</dimen>
<dimen name="dp_197">162.85dp</dimen>
<dimen name="dp_198">163.68dp</dimen>
<dimen name="dp_199">164.51dp</dimen>
<dimen name="dp_200">165.33dp</dimen>
<dimen name="dp_201">166.16dp</dimen>
<dimen name="dp_202">166.99dp</dimen>
<dimen name="dp_203">167.81dp</dimen>
<dimen name="dp_204">168.64dp</dimen>
<dimen name="dp_205">169.47dp</dimen>
<dimen name="dp_206">170.29dp</dimen>
<dimen name="dp_207">171.12dp</dimen>
<dimen name="dp_208">171.95dp</dimen>
<dimen name="dp_209">172.77dp</dimen>
<dimen name="dp_210">173.60dp</dimen>
<dimen name="dp_211">174.43dp</dimen>
<dimen name="dp_212">175.25dp</dimen>
<dimen name="dp_213">176.08dp</dimen>
<dimen name="dp_214">176.91dp</dimen>
<dimen name="dp_215">177.73dp</dimen>
<dimen name="dp_216">178.56dp</dimen>
<dimen name="dp_217">179.39dp</dimen>
<dimen name="dp_218">180.21dp</dimen>
<dimen name="dp_219">181.04dp</dimen>
<dimen name="dp_220">181.87dp</dimen>
<dimen name="dp_221">182.69dp</dimen>
<dimen name="dp_222">183.52dp</dimen>
<dimen name="dp_223">184.35dp</dimen>
<dimen name="dp_224">185.17dp</dimen>
<dimen name="dp_225">186.00dp</dimen>
<dimen name="dp_226">186.83dp</dimen>
<dimen name="dp_227">187.65dp</dimen>
<dimen name="dp_228">188.48dp</dimen>
<dimen name="dp_229">189.31dp</dimen>
<dimen name="dp_230">190.13dp</dimen>
<dimen name="dp_231">190.96dp</dimen>
<dimen name="dp_232">191.79dp</dimen>
<dimen name="dp_233">192.61dp</dimen>
<dimen name="dp_234">193.44dp</dimen>
<dimen name="dp_235">194.27dp</dimen>
<dimen name="dp_236">195.09dp</dimen>
<dimen name="dp_237">195.92dp</dimen>
<dimen name="dp_238">196.75dp</dimen>
<dimen name="dp_239">197.57dp</dimen>
<dimen name="dp_240">198.40dp</dimen>
<dimen name="dp_241">199.23dp</dimen>
<dimen name="dp_242">200.05dp</dimen>
<dimen name="dp_243">200.88dp</dimen>
<dimen name="dp_244">201.71dp</dimen>
<dimen name="dp_245">202.53dp</dimen>
<dimen name="dp_246">203.36dp</dimen>
<dimen name="dp_247">204.19dp</dimen>
<dimen name="dp_248">205.01dp</dimen>
<dimen name="dp_249">205.84dp</dimen>
<dimen name="dp_250">206.67dp</dimen>
<dimen name="dp_251">207.49dp</dimen>
<dimen name="dp_252">208.32dp</dimen>
<dimen name="dp_253">209.15dp</dimen>
<dimen name="dp_254">209.97dp</dimen>
<dimen name="dp_255">210.80dp</dimen>
<dimen name="dp_256">211.63dp</dimen>
<dimen name="dp_257">212.45dp</dimen>
<dimen name="dp_258">213.28dp</dimen>
<dimen name="dp_259">214.11dp</dimen>
<dimen name="dp_260">214.93dp</dimen>
<dimen name="dp_261">215.76dp</dimen>
<dimen name="dp_262">216.59dp</dimen>
<dimen name="dp_263">217.41dp</dimen>
<dimen name="dp_264">218.24dp</dimen>
<dimen name="dp_265">219.07dp</dimen>
<dimen name="dp_266">219.89dp</dimen>
<dimen name="dp_267">220.72dp</dimen>
<dimen name="dp_268">221.55dp</dimen>
<dimen name="dp_269">222.37dp</dimen>
<dimen name="dp_270">223.20dp</dimen>
<dimen name="dp_271">224.03dp</dimen>
<dimen name="dp_272">224.85dp</dimen>
<dimen name="dp_273">225.68dp</dimen>
<dimen name="dp_274">226.51dp</dimen>
<dimen name="dp_275">227.33dp</dimen>
<dimen name="dp_276">228.16dp</dimen>
<dimen name="dp_277">228.99dp</dimen>
<dimen name="dp_278">229.81dp</dimen>
<dimen name="dp_279">230.64dp</dimen>
<dimen name="dp_280">231.47dp</dimen>
<dimen name="dp_281">232.29dp</dimen>
<dimen name="dp_282">233.12dp</dimen>
<dimen name="dp_283">233.95dp</dimen>
<dimen name="dp_284">234.77dp</dimen>
<dimen name="dp_285">235.60dp</dimen>
<dimen name="dp_286">236.43dp</dimen>
<dimen name="dp_287">237.25dp</dimen>
<dimen name="dp_288">238.08dp</dimen>
<dimen name="dp_289">238.91dp</dimen>
<dimen name="dp_290">239.73dp</dimen>
<dimen name="dp_291">240.56dp</dimen>
<dimen name="dp_292">241.39dp</dimen>
<dimen name="dp_293">242.21dp</dimen>
<dimen name="dp_294">243.04dp</dimen>
<dimen name="dp_295">243.87dp</dimen>
<dimen name="dp_296">244.69dp</dimen>
<dimen name="dp_297">245.52dp</dimen>
<dimen name="dp_298">246.35dp</dimen>
<dimen name="dp_299">247.17dp</dimen>
<dimen name="dp_300">248.00dp</dimen>
<dimen name="dp_301">248.83dp</dimen>
<dimen name="dp_302">249.65dp</dimen>
<dimen name="dp_303">250.48dp</dimen>
<dimen name="dp_304">251.31dp</dimen>
<dimen name="dp_305">252.13dp</dimen>
<dimen name="dp_306">252.96dp</dimen>
<dimen name="dp_307">253.79dp</dimen>
<dimen name="dp_308">254.61dp</dimen>
<dimen name="dp_309">255.44dp</dimen>
<dimen name="dp_310">256.27dp</dimen>
<dimen name="dp_311">257.09dp</dimen>
<dimen name="dp_312">257.92dp</dimen>
<dimen name="dp_313">258.75dp</dimen>
<dimen name="dp_314">259.57dp</dimen>
<dimen name="dp_315">260.40dp</dimen>
<dimen name="dp_316">261.23dp</dimen>
<dimen name="dp_317">262.05dp</dimen>
<dimen name="dp_318">262.88dp</dimen>
<dimen name="dp_319">263.71dp</dimen>
<dimen name="dp_320">264.53dp</dimen>
<dimen name="dp_321">265.36dp</dimen>
<dimen name="dp_322">266.19dp</dimen>
<dimen name="dp_323">267.01dp</dimen>
<dimen name="dp_324">267.84dp</dimen>
<dimen name="dp_325">268.67dp</dimen>
<dimen name="dp_326">269.49dp</dimen>
<dimen name="dp_327">270.32dp</dimen>
<dimen name="dp_328">271.15dp</dimen>
<dimen name="dp_329">271.97dp</dimen>
<dimen name="dp_330">272.80dp</dimen>
<dimen name="dp_331">273.63dp</dimen>
<dimen name="dp_332">274.45dp</dimen>
<dimen name="dp_333">275.28dp</dimen>
<dimen name="dp_334">276.11dp</dimen>
<dimen name="dp_335">276.93dp</dimen>
<dimen name="dp_336">277.76dp</dimen>
<dimen name="dp_337">278.59dp</dimen>
<dimen name="dp_338">279.41dp</dimen>
<dimen name="dp_339">280.24dp</dimen>
<dimen name="dp_340">281.07dp</dimen>
<dimen name="dp_341">281.89dp</dimen>
<dimen name="dp_342">282.72dp</dimen>
<dimen name="dp_343">283.55dp</dimen>
<dimen name="dp_344">284.37dp</dimen>
<dimen name="dp_345">285.20dp</dimen>
<dimen name="dp_346">286.03dp</dimen>
<dimen name="dp_347">286.85dp</dimen>
<dimen name="dp_348">287.68dp</dimen>
<dimen name="dp_349">288.51dp</dimen>
<dimen name="dp_350">289.33dp</dimen>
<dimen name="dp_351">290.16dp</dimen>
<dimen name="dp_352">290.99dp</dimen>
<dimen name="dp_353">291.81dp</dimen>
<dimen name="dp_354">292.64dp</dimen>
<dimen name="dp_355">293.47dp</dimen>
<dimen name="dp_356">294.29dp</dimen>
<dimen name="dp_357">295.12dp</dimen>
<dimen name="dp_358">295.95dp</dimen>
<dimen name="dp_359">296.77dp</dimen>
<dimen name="dp_360">297.60dp</dimen>
<dimen name="dp_361">298.43dp</dimen>
<dimen name="dp_362">299.25dp</dimen>
<dimen name="dp_363">300.08dp</dimen>
<dimen name="dp_364">300.91dp</dimen>
<dimen name="dp_365">301.73dp</dimen>
<dimen name="dp_366">302.56dp</dimen>
<dimen name="dp_367">303.39dp</dimen>
<dimen name="dp_368">304.21dp</dimen>
<dimen name="dp_369">305.04dp</dimen>
<dimen name="dp_370">305.87dp</dimen>
<dimen name="dp_371">306.69dp</dimen>
<dimen name="dp_372">307.52dp</dimen>
<dimen name="dp_373">308.35dp</dimen>
<dimen name="dp_374">309.17dp</dimen>
<dimen name="dp_375">310.00dp</dimen>
<dimen name="dp_376">310.83dp</dimen>
<dimen name="dp_377">311.65dp</dimen>
<dimen name="dp_378">312.48dp</dimen>
<dimen name="dp_379">313.31dp</dimen>
<dimen name="dp_380">314.13dp</dimen>
<dimen name="dp_381">314.96dp</dimen>
<dimen name="dp_382">315.79dp</dimen>
<dimen name="dp_383">316.61dp</dimen>
<dimen name="dp_384">317.44dp</dimen>
<dimen name="dp_385">318.27dp</dimen>
<dimen name="dp_386">319.09dp</dimen>
<dimen name="dp_387">319.92dp</dimen>
<dimen name="dp_388">320.75dp</dimen>
<dimen name="dp_389">321.57dp</dimen>
<dimen name="dp_390">322.40dp</dimen>
<dimen name="dp_391">323.23dp</dimen>
<dimen name="dp_392">324.05dp</dimen>
<dimen name="dp_393">324.88dp</dimen>
<dimen name="dp_394">325.71dp</dimen>
<dimen name="dp_395">326.53dp</dimen>
<dimen name="dp_396">327.36dp</dimen>
<dimen name="dp_397">328.19dp</dimen>
<dimen name="dp_398">329.01dp</dimen>
<dimen name="dp_399">329.84dp</dimen>
<dimen name="dp_400">330.67dp</dimen>
<dimen name="dp_401">331.49dp</dimen>
<dimen name="dp_402">332.32dp</dimen>
<dimen name="dp_403">333.15dp</dimen>
<dimen name="dp_404">333.97dp</dimen>
<dimen name="dp_405">334.80dp</dimen>
<dimen name="dp_406">335.63dp</dimen>
<dimen name="dp_407">336.45dp</dimen>
<dimen name="dp_408">337.28dp</dimen>
<dimen name="dp_409">338.11dp</dimen>
<dimen name="dp_410">338.93dp</dimen>
<dimen name="dp_411">339.76dp</dimen>
<dimen name="dp_412">340.59dp</dimen>
<dimen name="dp_413">341.41dp</dimen>
<dimen name="dp_414">342.24dp</dimen>
<dimen name="dp_415">343.07dp</dimen>
<dimen name="dp_416">343.89dp</dimen>
<dimen name="dp_417">344.72dp</dimen>
<dimen name="dp_418">345.55dp</dimen>
<dimen name="dp_419">346.37dp</dimen>
<dimen name="dp_420">347.20dp</dimen>
<dimen name="dp_421">348.03dp</dimen>
<dimen name="dp_422">348.85dp</dimen>
<dimen name="dp_423">349.68dp</dimen>
<dimen name="dp_424">350.51dp</dimen>
<dimen name="dp_425">351.33dp</dimen>
<dimen name="dp_426">352.16dp</dimen>
<dimen name="dp_427">352.99dp</dimen>
<dimen name="dp_428">353.81dp</dimen>
<dimen name="dp_429">354.64dp</dimen>
<dimen name="dp_430">355.47dp</dimen>
<dimen name="dp_431">356.29dp</dimen>
<dimen name="dp_432">357.12dp</dimen>
<dimen name="dp_433">357.95dp</dimen>
<dimen name="dp_434">358.77dp</dimen>
<dimen name="dp_435">359.60dp</dimen>
<dimen name="dp_436">360.43dp</dimen>
<dimen name="dp_437">361.25dp</dimen>
<dimen name="dp_438">362.08dp</dimen>
<dimen name="dp_439">362.91dp</dimen>
<dimen name="dp_440">363.73dp</dimen>
<dimen name="dp_441">364.56dp</dimen>
<dimen name="dp_442">365.39dp</dimen>
<dimen name="dp_443">366.21dp</dimen>
<dimen name="dp_444">367.04dp</dimen>
<dimen name="dp_445">367.87dp</dimen>
<dimen name="dp_446">368.69dp</dimen>
<dimen name="dp_447">369.52dp</dimen>
<dimen name="dp_448">370.35dp</dimen>
<dimen name="dp_449">371.17dp</dimen>
<dimen name="dp_450">372.00dp</dimen>
<dimen name="dp_451">372.83dp</dimen>
<dimen name="dp_452">373.65dp</dimen>
<dimen name="dp_453">374.48dp</dimen>
<dimen name="dp_454">375.31dp</dimen>
<dimen name="dp_455">376.13dp</dimen>
<dimen name="dp_456">376.96dp</dimen>
<dimen name="dp_457">377.79dp</dimen>
<dimen name="dp_458">378.61dp</dimen>
<dimen name="dp_459">379.44dp</dimen>
<dimen name="dp_460">380.27dp</dimen>
<dimen name="dp_461">381.09dp</dimen>
<dimen name="dp_462">381.92dp</dimen>
<dimen name="dp_463">382.75dp</dimen>
<dimen name="dp_464">383.57dp</dimen>
<dimen name="dp_465">384.40dp</dimen>
<dimen name="dp_466">385.23dp</dimen>
<dimen name="dp_467">386.05dp</dimen>
<dimen name="dp_468">386.88dp</dimen>
<dimen name="dp_469">387.71dp</dimen>
<dimen name="dp_470">388.53dp</dimen>
<dimen name="dp_471">389.36dp</dimen>
<dimen name="dp_472">390.19dp</dimen>
<dimen name="dp_473">391.01dp</dimen>
<dimen name="dp_474">391.84dp</dimen>
<dimen name="dp_475">392.67dp</dimen>
<dimen name="dp_476">393.49dp</dimen>
<dimen name="dp_477">394.32dp</dimen>
<dimen name="dp_478">395.15dp</dimen>
<dimen name="dp_479">395.97dp</dimen>
<dimen name="dp_480">396.80dp</dimen>
<dimen name="dp_481">397.63dp</dimen>
<dimen name="dp_482">398.45dp</dimen>
<dimen name="dp_483">399.28dp</dimen>
<dimen name="dp_484">400.11dp</dimen>
<dimen name="dp_485">400.93dp</dimen>
<dimen name="dp_486">401.76dp</dimen>
<dimen name="dp_487">402.59dp</dimen>
<dimen name="dp_488">403.41dp</dimen>
<dimen name="dp_489">404.24dp</dimen>
<dimen name="dp_490">405.07dp</dimen>
<dimen name="dp_491">405.89dp</dimen>
<dimen name="dp_492">406.72dp</dimen>
<dimen name="dp_493">407.55dp</dimen>
<dimen name="dp_494">408.37dp</dimen>
<dimen name="dp_495">409.20dp</dimen>
<dimen name="dp_496">410.03dp</dimen>
<dimen name="dp_497">410.85dp</dimen>
<dimen name="dp_498">411.68dp</dimen>
<dimen name="dp_499">412.51dp</dimen>
<dimen name="dp_500">413.33dp</dimen>
<dimen name="dp_501">414.16dp</dimen>
<dimen name="dp_502">414.99dp</dimen>
<dimen name="dp_503">415.81dp</dimen>
<dimen name="dp_504">416.64dp</dimen>
<dimen name="dp_505">417.47dp</dimen>
<dimen name="dp_506">418.29dp</dimen>
<dimen name="dp_507">419.12dp</dimen>
<dimen name="dp_508">419.95dp</dimen>
<dimen name="dp_509">420.77dp</dimen>
<dimen name="dp_510">421.60dp</dimen>
<dimen name="dp_511">422.43dp</dimen>
<dimen name="dp_512">423.25dp</dimen>
<dimen name="dp_513">424.08dp</dimen>
<dimen name="dp_514">424.91dp</dimen>
<dimen name="dp_515">425.73dp</dimen>
<dimen name="dp_516">426.56dp</dimen>
<dimen name="dp_517">427.39dp</dimen>
<dimen name="dp_518">428.21dp</dimen>
<dimen name="dp_519">429.04dp</dimen>
<dimen name="dp_520">429.87dp</dimen>
<dimen name="dp_521">430.69dp</dimen>
<dimen name="dp_522">431.52dp</dimen>
<dimen name="dp_523">432.35dp</dimen>
<dimen name="dp_524">433.17dp</dimen>
<dimen name="dp_525">434.00dp</dimen>
<dimen name="dp_526">434.83dp</dimen>
<dimen name="dp_527">435.65dp</dimen>
<dimen name="dp_528">436.48dp</dimen>
<dimen name="dp_529">437.31dp</dimen>
<dimen name="dp_530">438.13dp</dimen>
<dimen name="dp_531">438.96dp</dimen>
<dimen name="dp_532">439.79dp</dimen>
<dimen name="dp_533">440.61dp</dimen>
<dimen name="dp_534">441.44dp</dimen>
<dimen name="dp_535">442.27dp</dimen>
<dimen name="dp_536">443.09dp</dimen>
<dimen name="dp_537">443.92dp</dimen>
<dimen name="dp_538">444.75dp</dimen>
<dimen name="dp_539">445.57dp</dimen>
<dimen name="dp_540">446.40dp</dimen>
<dimen name="dp_541">447.23dp</dimen>
<dimen name="dp_542">448.05dp</dimen>
<dimen name="dp_543">448.88dp</dimen>
<dimen name="dp_544">449.71dp</dimen>
<dimen name="dp_545">450.53dp</dimen>
<dimen name="dp_546">451.36dp</dimen>
<dimen name="dp_547">452.19dp</dimen>
<dimen name="dp_548">453.01dp</dimen>
<dimen name="dp_549">453.84dp</dimen>
<dimen name="dp_550">454.67dp</dimen>
<dimen name="dp_551">455.49dp</dimen>
<dimen name="dp_552">456.32dp</dimen>
<dimen name="dp_553">457.15dp</dimen>
<dimen name="dp_554">457.97dp</dimen>
<dimen name="dp_555">458.80dp</dimen>
<dimen name="dp_556">459.63dp</dimen>
<dimen name="dp_557">460.45dp</dimen>
<dimen name="dp_558">461.28dp</dimen>
<dimen name="dp_559">462.11dp</dimen>
<dimen name="dp_560">462.93dp</dimen>
<dimen name="dp_561">463.76dp</dimen>
<dimen name="dp_562">464.59dp</dimen>
<dimen name="dp_563">465.41dp</dimen>
<dimen name="dp_564">466.24dp</dimen>
<dimen name="dp_565">467.07dp</dimen>
<dimen name="dp_566">467.89dp</dimen>
<dimen name="dp_567">468.72dp</dimen>
<dimen name="dp_568">469.55dp</dimen>
<dimen name="dp_569">470.37dp</dimen>
<dimen name="dp_570">471.20dp</dimen>
<dimen name="dp_571">472.03dp</dimen>
<dimen name="dp_572">472.85dp</dimen>
<dimen name="dp_573">473.68dp</dimen>
<dimen name="dp_574">474.51dp</dimen>
<dimen name="dp_575">475.33dp</dimen>
<dimen name="dp_576">476.16dp</dimen>
<dimen name="dp_577">476.99dp</dimen>
<dimen name="dp_578">477.81dp</dimen>
<dimen name="dp_579">478.64dp</dimen>
<dimen name="dp_580">479.47dp</dimen>
<dimen name="dp_581">480.29dp</dimen>
<dimen name="dp_582">481.12dp</dimen>
<dimen name="dp_583">481.95dp</dimen>
<dimen name="dp_584">482.77dp</dimen>
<dimen name="dp_585">483.60dp</dimen>
<dimen name="dp_586">484.43dp</dimen>
<dimen name="dp_587">485.25dp</dimen>
<dimen name="dp_588">486.08dp</dimen>
<dimen name="dp_589">486.91dp</dimen>
<dimen name="dp_590">487.73dp</dimen>
<dimen name="dp_591">488.56dp</dimen>
<dimen name="dp_592">489.39dp</dimen>
<dimen name="dp_593">490.21dp</dimen>
<dimen name="dp_594">491.04dp</dimen>
<dimen name="dp_595">491.87dp</dimen>
<dimen name="dp_596">492.69dp</dimen>
<dimen name="dp_597">493.52dp</dimen>
<dimen name="dp_598">494.35dp</dimen>
<dimen name="dp_599">495.17dp</dimen>
<dimen name="dp_600">496.00dp</dimen>
<dimen name="dp_601">496.83dp</dimen>
<dimen name="dp_602">497.65dp</dimen>
<dimen name="dp_603">498.48dp</dimen>
<dimen name="dp_604">499.31dp</dimen>
<dimen name="dp_605">500.13dp</dimen>
<dimen name="dp_606">500.96dp</dimen>
<dimen name="dp_607">501.79dp</dimen>
<dimen name="dp_608">502.61dp</dimen>
<dimen name="dp_609">503.44dp</dimen>
<dimen name="dp_610">504.27dp</dimen>
<dimen name="dp_611">505.09dp</dimen>
<dimen name="dp_612">505.92dp</dimen>
<dimen name="dp_613">506.75dp</dimen>
<dimen name="dp_614">507.57dp</dimen>
<dimen name="dp_615">508.40dp</dimen>
<dimen name="dp_616">509.23dp</dimen>
<dimen name="dp_617">510.05dp</dimen>
<dimen name="dp_618">510.88dp</dimen>
<dimen name="dp_619">511.71dp</dimen>
<dimen name="dp_620">512.53dp</dimen>
<dimen name="dp_621">513.36dp</dimen>
<dimen name="dp_622">514.19dp</dimen>
<dimen name="dp_623">515.01dp</dimen>
<dimen name="dp_624">515.84dp</dimen>
<dimen name="dp_625">516.67dp</dimen>
<dimen name="dp_626">517.49dp</dimen>
<dimen name="dp_627">518.32dp</dimen>
<dimen name="dp_628">519.15dp</dimen>
<dimen name="dp_629">519.97dp</dimen>
<dimen name="dp_630">520.80dp</dimen>
<dimen name="dp_631">521.63dp</dimen>
<dimen name="dp_632">522.45dp</dimen>
<dimen name="dp_633">523.28dp</dimen>
<dimen name="dp_634">524.11dp</dimen>
<dimen name="dp_635">524.93dp</dimen>
<dimen name="dp_636">525.76dp</dimen>
<dimen name="dp_637">526.59dp</dimen>
<dimen name="dp_638">527.41dp</dimen>
<dimen name="dp_639">528.24dp</dimen>
<dimen name="dp_640">529.07dp</dimen>
<dimen name="dp_641">529.89dp</dimen>
<dimen name="dp_642">530.72dp</dimen>
<dimen name="dp_643">531.55dp</dimen>
<dimen name="dp_644">532.37dp</dimen>
<dimen name="dp_645">533.20dp</dimen>
<dimen name="dp_646">534.03dp</dimen>
<dimen name="dp_647">534.85dp</dimen>
<dimen name="dp_648">535.68dp</dimen>
<dimen name="dp_649">536.51dp</dimen>
<dimen name="dp_650">537.33dp</dimen>
<dimen name="dp_651">538.16dp</dimen>
<dimen name="dp_652">538.99dp</dimen>
<dimen name="dp_653">539.81dp</dimen>
<dimen name="dp_654">540.64dp</dimen>
<dimen name="dp_655">541.47dp</dimen>
<dimen name="dp_656">542.29dp</dimen>
<dimen name="dp_657">543.12dp</dimen>
<dimen name="dp_658">543.95dp</dimen>
<dimen name="dp_659">544.77dp</dimen>
<dimen name="dp_660">545.60dp</dimen>
<dimen name="dp_661">546.43dp</dimen>
<dimen name="dp_662">547.25dp</dimen>
<dimen name="dp_663">548.08dp</dimen>
<dimen name="dp_664">548.91dp</dimen>
<dimen name="dp_665">549.73dp</dimen>
<dimen name="dp_666">550.56dp</dimen>
<dimen name="dp_667">551.39dp</dimen>
<dimen name="dp_668">552.21dp</dimen>
<dimen name="dp_669">553.04dp</dimen>
<dimen name="dp_670">553.87dp</dimen>
<dimen name="dp_671">554.69dp</dimen>
<dimen name="dp_672">555.52dp</dimen>
<dimen name="dp_673">556.35dp</dimen>
<dimen name="dp_674">557.17dp</dimen>
<dimen name="dp_675">558.00dp</dimen>
<dimen name="dp_676">558.83dp</dimen>
<dimen name="dp_677">559.65dp</dimen>
<dimen name="dp_678">560.48dp</dimen>
<dimen name="dp_679">561.31dp</dimen>
<dimen name="dp_680">562.13dp</dimen>
<dimen name="dp_681">562.96dp</dimen>
<dimen name="dp_682">563.79dp</dimen>
<dimen name="dp_683">564.61dp</dimen>
<dimen name="dp_684">565.44dp</dimen>
<dimen name="dp_685">566.27dp</dimen>
<dimen name="dp_686">567.09dp</dimen>
<dimen name="dp_687">567.92dp</dimen>
<dimen name="dp_688">568.75dp</dimen>
<dimen name="dp_689">569.57dp</dimen>
<dimen name="dp_690">570.40dp</dimen>
<dimen name="dp_691">571.23dp</dimen>
<dimen name="dp_692">572.05dp</dimen>
<dimen name="dp_693">572.88dp</dimen>
<dimen name="dp_694">573.71dp</dimen>
<dimen name="dp_695">574.53dp</dimen>
<dimen name="dp_696">575.36dp</dimen>
<dimen name="dp_697">576.19dp</dimen>
<dimen name="dp_698">577.01dp</dimen>
<dimen name="dp_699">577.84dp</dimen>
<dimen name="dp_700">578.67dp</dimen>
<dimen name="dp_701">579.49dp</dimen>
<dimen name="dp_702">580.32dp</dimen>
<dimen name="dp_703">581.15dp</dimen>
<dimen name="dp_704">581.97dp</dimen>
<dimen name="dp_705">582.80dp</dimen>
<dimen name="dp_706">583.63dp</dimen>
<dimen name="dp_707">584.45dp</dimen>
<dimen name="dp_708">585.28dp</dimen>
<dimen name="dp_709">586.11dp</dimen>
<dimen name="dp_710">586.93dp</dimen>
<dimen name="dp_711">587.76dp</dimen>
<dimen name="dp_712">588.59dp</dimen>
<dimen name="dp_713">589.41dp</dimen>
<dimen name="dp_714">590.24dp</dimen>
<dimen name="dp_715">591.07dp</dimen>
<dimen name="dp_716">591.89dp</dimen>
<dimen name="dp_717">592.72dp</dimen>
<dimen name="dp_718">593.55dp</dimen>
<dimen name="dp_719">594.37dp</dimen>
<dimen name="dp_720">595.20dp</dimen>
</resources>
